pdf	ppage	half	row	lam	decl_d	decl_m	decl_s	arc_a	arc_b	arc_c	arc_d	check	doubt
506	57	L	1	1	0	24	0	1	179	181	359	BAA ABAB	
506	57	L	2	2	0	48	0	2	178	182	358	AAA AAAA	
506	57	L	3	3	1	11	59	3	177	183	357	AAA AAAA	
506	57	L	4	4	1	35	57	4	176	184	356	AAA AAAA	
506	57	L	5	5	1	59	54	5	175	185	355	AAA AAAA	
506	57	L	6	6	2	23	49	6	174	186	354	AAA AAAA	
506	57	L	7	7	2	47	41	7	173	187	353	AAA AAAA	
506	57	L	8	8	3	11	31	8	172	188	352	AAA AAAA	
506	57	L	9	9	3	35	17	9	171	189	351	AAA AAAA	
506	57	L	10	10	3	59	1	10	170	190	350	ABA AAAA	
506	57	L	11	11	4	22	42	11	169	191	349	AAA AAAA	
506	57	L	12	12	4	46	17	12	168	192	348	AAA AAAA	
506	57	L	13	13	5	9	49	13	167	193	347	AAA AAAB	
506	57	L	14	14	5	33	16	14	166	194	346	AAA AAAA	
506	57	L	15	15	5	56	37	15	165	195	345	AAA ABAA	
506	57	L	16	16	6	19	53	16	164	196	344	BAA AAAA	
506	57	L	17	17	6	43	4	17	163	197	343	BAA AAAA	
506	57	L	18	18	7	6	7	18	162	198	342	AAA AAAB	
506	57	L	19	19	7	29	3	19	161	199	341	AAA AAAA	
506	57	L	20	20	7	51	53	20	160	200	340	BAA AAAA	
506	57	L	21	21	8	14	36	21	159	201	339	BAA AAAA	
506	57	L	22	22	8	37	12	22	158	202	338	AAA AAAA	
506	57	L	23	23	8	59	37	23	157	203	337	BAA AAAA	
506	57	L	24	24	9	21	56	24	156	204	336	BAA AAAA	
506	57	L	25	25	9	44	5	25	155	205	335	BAA AAAA	
506	57	L	26	26	10	6	5	26	154	206	334	AAA AAAA	
506	57	L	27	27	10	27	54	27	153	207	333	BAA AAAA	
506	57	L	28	28	10	49	34	28	152	208	332	AAA AAAA	
506	57	L	29	29	11	11	3	29	151	209	331	AAA AAAA	
506	57	L	30	30	11	32	22	30	150	210	330	AAA AAAA	
506	57	R	1	31	11	53	29	31	149	211	329	AAA ABAB	
506	57	R	2	32	12	14	25	32	148	212	328	AAA AAAA	
506	57	R	3	33	12	35	10	33	147	213	327	AAA AAAA	
506	57	R	4	34	12	55	40	34	146	214	326	AAA ABAA	
506	57	R	5	35	13	15	59	35	145	215	325	AAA AAAA	
506	57	R	6	36	13	36	4	36	144	216	324	AAA AAAA	
506	57	R	7	37	13	55	56	37	143	217	323	AAA AAAA	
506	57	R	8	38	14	15	35	38	142	218	322	AAA AAAA	
506	57	R	9	39	14	34	58	39	141	219	321	AAA AAAA	
506	57	R	10	40	14	54	8	40	140	220	320	AAA ABAA	
506	57	R	11	41	15	13	2	41	139	221	319	AAA AAAA	
506	57	R	12	42	15	31	41	42	138	222	318	AAA AAAA	
506	57	R	13	43	15	50	3	43	137	223	317	AAA AAAA	
506	57	R	14	44	16	8	9	44	136	224	316	AAA AAAA	
506	57	R	15	45	16	26	0	45	135	225	315	AAA AAAA	
506	57	R	16	46	16	43	33	46	134	226	314	AAA ABAA	
506	57	R	17	47	17	0	50	47	133	227	313	AAA AAAA	
506	57	R	18	48	17	17	48	48	132	228	312	AAA AABA	
506	57	R	19	49	17	34	29	49	131	229	311	AAA AAAA	
506	57	R	20	50	17	50	51	50	130	230	310	AAA AAAA	
506	57	R	21	51	18	6	55	51	129	231	309	AAA AAAA	
506	57	R	22	52	18	22	36	52	128	232	308	AAA AAAA	
506	57	R	23	53	18	38	2	53	127	233	307	AAA AAAA	
506	57	R	24	54	18	53	7	54	126	234	306	AAA BAAA	
506	57	R	25	55	19	7	52	55	125	235	305	AAA AAAB	
506	57	R	26	56	19	22	16	56	124	236	304	AAA AAAA	
506	57	R	27	57	19	36	19	57	123	237	303	BBA AAAA	
506	57	R	28	58	19	50	1	58	122	238	302	AAA ABAA	
506	57	R	29	59	20	3	21	59	121	239	301	AAA AAAA	
506	57	R	30	60	20	16	20	60	120	240	300	AAA AAAA	
507	58	L	1	61	20	28	57	61	119	241	299	AAA BBBB	
507	58	L	2	62	20	41	11	62	118	242	298	AAA AAAA	
507	58	L	3	63	20	53	2	63	117	243	297	ABA AAAA	
507	58	L	4	64	21	4	30	64	116	244	296	AAA AABA	
507	58	L	5	65	21	15	36	65	115	245	295	AAA BABA	
507	58	L	6	66	21	26	17	66	114	246	294	AAA BABA	
507	58	L	7	67	21	36	34	67	113	247	293	AAA AAAA	
507	58	L	8	68	21	46	28	68	112	248	292	AAA AAAA	
507	58	L	9	69	21	55	56	69	111	249	291	AAB AAAA	
507	58	L	10	70	22	5	0	70	110	250	290	AAA AAAA	
507	58	L	11	71	22	13	39	71	109	251	289	AAA AAAA	
507	58	L	12	72	22	21	52	72	108	252	288	AAA AAAA	
507	58	L	13	73	22	29	42	73	107	253	287	AAA AABA	
507	58	L	14	74	22	37	5	74	106	254	286	AAA AABB	
507	58	L	15	75	22	44	2	75	105	255	285	BAA AAAA	
507	58	L	16	76	22	50	33	76	104	256	284	AAA AAAA	
507	58	L	17	77	22	56	38	77	103	257	283	ABA AAAA	
507	58	L	18	78	23	2	16	78	102	258	282	AAA AAAA	
507	58	L	19	79	23	7	29	79	101	259	281	AAA AABA	
507	58	L	20	80	23	12	15	80	100	260	280	AAA AAAA	
507	58	L	21	81	23	16	34	81	99	261	279	AAB AAAA	
507	58	L	22	82	23	20	24	82	98	262	278	ABB AAAA	
507	58	L	23	83	23	23	50	83	97	263	277	AAA AAAA	
507	58	L	24	84	23	26	48	84	96	264	276	AAA AAAA	
507	58	L	25	85	23	29	18	85	95	265	275	ABA BBAA	
507	58	L	26	86	23	31	21	86	94	266	274	AAA AAAA	
507	58	L	27	87	23	32	56	87	93	267	273	AAA AAAA	
507	58	L	28	88	23	34	5	88	92	268	272	AAA AAAA	
507	58	L	29	89	23	34	46	89	91	269	271	ABA AAAA	
507	58	L	30	90	23	35	0	90	90	270	270	AAA BABA	
