pdf	page	row	table	no	name_ar	doubt	dec_d_ar	dec_d	p2_dec_d	codex_dec_d	dec_m_ar	dec_m	p2_dec_m	codex_dec_m	alt_d_ar	alt_d	p2_alt_d	codex_alt_d	alt_m_ar	alt_m	p2_alt_m	codex_alt_m	half_d_ar	half_d	p2_half_d	codex_half_d	half_m_ar	half_m	p2_half_m	codex_half_m	cul_d_ar	cul_d	p2_cul_d	codex_cul_d	cul_m_ar	cul_m	p2_cul_m	codex_cul_m	ris_d_ar	ris_d	p2_ris_d	codex_ris_d	ris_m_ar	ris_m	p2_ris_m	codex_ris_m	set_d_ar	set_d	p2_set_d	codex_set_d	set_m_ar	set_m	p2_set_m	codex_set_m	dir_ar	dir	p2_dir	codex_dir	mag_ar	mag	p2_mag	codex_mag	status
877	275	R02	M1	1	السِّماك الرامح	P printed ق (100) in both copies; Part II 110 25 and the formula give 110 25. A minutes نح (58) in both copies; Part II 48	كه	25	25		لط	39	39		عط	79	79		لط	39	39		ق	100	110		كه	25	25		رب	202	202		نح	58	48		قف	180	180		لا	31	31		رلط	239	239		ز	7	7		ش	b	b		ا	1	1		half_d:ledgered; cul_m:ledgered
877	275	R03	M1	2	النَّسْر الواقع		لح	38	38		كه	25	25		ضو	96	92	96	كه	25	25		قكه	125	125		ح	8	8		رصط	269	269		ك	20	20		قكد	124	224	124	كه	25	25		سيد	314	314		كه	25	25		ش	b	b		ا	1	1		alt_d:codex note; ris_d:codex note
877	275	R04	M1	3	العَنْز وهو العَيُّوق		مج	43	43		ى	10	10		صز	67	97	67	ى	10	10		قلب	132	132		نح	58	58		صا	61	61		لد	34	34		كه	25	25		مه	45	45		قز	107	84	107	كح	28	28			b	b		ا	1	1		alt_d:codex note; set_d:codex note
877	275	R05	M1	4	الدَّبَران		يج	13	13		يط	19	19		صز	67	67		يط	19	19		ضط	99	99		ند	54	54		له	35	55	35	كه	25	25		صا	61	61		ى	10	4	10	رنا	251	51	251	لب	32	32			b	b		ا	1	1		cul_d:codex note; ris_m:codex note; set_d:codex note
877	275	R06	M1	5	قَلْب الأَسَد		يو	16	16		مز	47	47		ع	70	70		مز	47	47		قب	102	102		ن	50	50		قلد	134	134		ك	20	20		قلد	134	134		ه	5	5		قلد	134	134		مج	43	43			b	b		ا	1	1		agrees
877	275	R07	M1	6	ذَنَب الأَسَد		يط	19	19		لو	36	36		عج	73	73		لو	36	36		قه	105	105		ا	1	1		قص	160	160		نب	52	52		قنج	153	153		ه	5	5		قعه	175	175		مح	48	48			b	b		ا	1	1		agrees
877	275	R08	M1	7	المُؤَخَّر من مَصَبّ الماء		لج	33	33		مه	45	45		ك	20	20		يه	15	15		سج	303	63	303	ن	50	50		سكه	325	325		كه	25	25		سز	307	350	307	م	40	15	40	سيب	312	312		و	6	6			b	a	b	ا	1	1		half_d:codex note; ris_d:codex note; ris_m:codex note; dir:codex note
877	275	R09	M1	8	السِّماك الاعزل		د	4	4		مط	49	49		مط	49	49		ما	41	11	41	قو	106	86	106	لا	31	31		قفو	186	186		مج	43	43		قعج	173	188	173	{0}	0	0		قعد	174	184	174	ك	20	20			b	a	b	ا	1	1		alt_m:codex note; half_d:codex note; ris_d:codex note; set_d:codex note; dir:codex note
877	275	R10	M1	9	أَصْل ذَنَب الرامي		ل	30	30		{0}	0	0		كد	24	24		{0}	0	0		صه	65	65		يب	12	12		رعد	274	274		ل	30	30		رف	280	280		م	40	40		رصح	268	268		مج	43	43			b	a	b	ا	1	1		dir:codex note
877	275	R11	M1	10	مَنْكِب الجَوْزاء		ه	5	5		ل	30	30		نط	59	59		ل	30	30		ضد	94	94		{0}	0	0		عو	76	76		كه	25	25		قط	109	89	109	مه	45	45		صد	64	64		ن	50	50			b	b		ا	1	1		ris_d:codex note
877	275	R12	M1	11	رِجْل الجَوْزاء		ى	10	10		ك	20	20		مج	43	43		م	40	40		قب	102	82	102	كا	21	21		صط	69	69		نو	56	56		ضد	94	94		{0}	0	0		مد	44	49	44	{0}	0	40	0		b	a	b	ا	1	1		half_d:codex note; set_d:codex note; set_m:codex note; dir:codex note
877	275	R13	M1	12	المؤَخَّر من كواكب / النَّهْر	kashida in من not recorded	مج	43	43		مه	45	45		ى	10	10		يه	15	15		مه	45	45		مح	48	48		لط	39	39		ج	3	3		ضح	98	98		ك	20	20		سنج	353	353		مج	43	43			b	a	b	ا	1	1		dir:codex note
877	275	R14	M1	13	الشِّعْرَى اليَمانيّة		يه	15	15		نا	51	51		لح	38	38		ط	9	9		عح	78	78		ن	50	5	50	قط	109	89	109	كب	22	22		قيه	115	115		لج	33	33		سنج	353	63	353	يح	18	18		ش	b	a	b	ا	1	1		half_m:codex note; cul_d:codex note; set_d:codex note; dir:codex note
877	275	R15	M1	14	الشِّعْرَى الشاميّة		و	6	6		كه	25	25		ص	60	60		كه	25	25		ضد	94	94		ما	41	41		ضط	99	99		كه	25	25		قى	110	110		نج	53	53		قو	106	86	106	مو	46	46		ش	b	b		ا	1	1		set_d:codex note
877	275	R16	M1	15	سُهَيْل اليَمانيّ		نا	51	51		كه	25	25		ب	2	2		له	35	35		كد	24	24		كو	26	26		قط	109	89	109	ل	30	30		قيط	119	159	119	ك	20	20		نط	59	19	59	مد	44	44		ج	a	a		ا	1	1		cul_d:codex note; ris_d:codex note; set_d:codex note
877	275	R17	M1	16	رِجْل قنطاورس{fn2}		لز	37	37		ج	3	3		يو	16	16		نز	57	57		نو	56	56		مد	44	44		عح	78	78		ن	50	50		قكج	123	123		لو	36	36		لو	36	36		يط	19	39	19	ج	a	a		ا	1	2	1	set_m:codex note; mag:codex note
876	276	R02	M1	17	جَنْب الدُّبّ الصغير	dec minutes printed as a dotless tooth and a dotless ز (like ر) in both copies; read يز 17 as Part II and the altitude minutes	ضا	91	91		ى{rd:ر=ز}	17	17		قمه	145	145		يز	17	17										قل	130	130		{0}	0	0																		ش	b	b		ب	2	2		agrees
876	276	R03	M1	18	جَنْبه ايضًا	dec minutes: ه with a small hooked stroke and no dots in both copies; read يه 15 as Part II	ضا	91	91		ىه	15	15		قمه	145	145		يه	15	15										قمب	142	142		كد	24	24																		ش	b	b		ب	2	2		agrees
876	276	R04	M1	19	ظَهْر الدُّبّ الكبير	dec degrees printed سو (three teeth, not the ص loop) in both copies: 306 in Maghribi values, 66 in the Eastern abjad (س = 60); Part II 66	سو	306	66		ك	20	20		قك	120	120		ك	20	20										قمب	142	142		{0}	0	0																			b	b		ب	2	2		dec_d:ledgered
876	276	R05	M1	20	مَراقّ بَطْنه		ص	60	60		ل	30	30		قيد	114	114		ل	30	30										قمج	143	143		ى	10	10																			b	b		ب	2	2		agrees
876	276	R06	M1	21	فَخِذه		نز	57	57		مه	45	45		قيا	111	111		مه	45	45										قعح	178	178		له	35	35																			b	b		ب	2	2		agrees
876	276	R07	M1	22	ذَنَبه	dec minutes printed كر (ز without its dot) in both copies, as in Nallino's note 17-24 (كر 27)	ص	60	60		ك{rd:ر=ز}	27	27		قيد	114	114		كو	26	26										قصح	168	168		ى	10	10																			b	b		ب	2	2		agrees
876	276	R08	M1	23	ذَنَبه ايضًا		نط	59	59		م	40	40		قيج	113	113		م	40	40										قفز	187	187		ك	20	20																		ش	b	b		ب	2	2		agrees
876	276	R09	M1	24	ذَنَبه ايضًا		ند	54	54		يه	15	15		قح	108	108		يه	15	15										قضو	196	196		{0}	0	0																		ش	b	b		ب	2	2		agrees
876	276	R14	M2	25	مُنِير الفَكَّة		لا	31	31		مو	46	46		قه	105	85	105	مو	46	46		قلد	134	134		يح	18	18		ركد	224	224		نا	51	11	51	قضب	192	192		لب	32	32		رصز	267	267		و	6	6		ش	b	b		ب	2	2		alt_d:codex note; cul_m:codex note
876	276	R15	M2	26	ذَنَب الدَّجاجة		مب	42	42		كا	21	21		ضو	96	96		كا	21	21		قلا	131	131		كز	27	27		رضح	298	298		ند	54	54		رمه	245	245		ز	7	7		سمد	344	345	344	لا	31	31		ش	b	b		ب	2	2		set_d:codex note
876	276	R16	M2	27	مِنْقار الدجاجة		كو	26	26		يط	19	19		ف	80	80		يط	19	19		قيا	111	111		ب	2	2		رعط	279	279		د	4	4		رمد	244	244		كد	24	24		سيا	311	311		د	4	4			b	b		ب	2	3	2	mag:codex note
876	276	R17	M2	28	جَنْب فرساوس حامل / رَأْس الغُول	numbers on the second line of the name	مد	44	44		ط	9	9		ضح	98	98		ط	9	9		قلد	134	134		نب	52	52		لد	34	34		ل	30	30		سم	340	340		{0}	0	0		سج	303	63	303	{0}	0	0		ش	b	b		ب	2	2		set_d:codex note
876	276	R18	M2	29	رَأْس الغـول بيـد / فرساوس	numbers on the second line of the name; kashida in الغول and بيد not recorded	لو	36	36		ب	2	2		ض	90	90		ب	2	2		قكا	121	121		نه	55	55		لب	32	32		يب	12	12		سنج	353	356	353	ج	3	53	3	ن	50	50		مج	43	43		ش	b	b		ب	2	2		ris_d:codex note; ris_m:codex note
875	277	R02	M2	30	مِقْبَض السِّكِّين	altitude degrees: the first letter has no dots in both copies (ٯ, ق or ف); read ق, 104 as Part II and the formula. Rising degrees رصد (264) in both copies; Nallino's note 30 reports رصه 265	ن	50	50		لط	39	39		{rd:ٯ=ق}د	104	104		لط	39	39		قيب	112	152	112	كو	26	26		يز	17	17		م	40	40		رصد	264	295	265	ل	30	30		صد	64	64		ك	20	20		ش	b	b		ب	2		2	half_d:codex note; ris_d:ledgered; mag:codex note
875	277	R03	M2	31	كَتِف ذي الأَعِنّة		مب	42	42		يز	17	17		ضو	96	96		يز	17	17		قلا	131	131		ك	20	20		صط	69	69		مو	46	46		م	40	40		كح	28	28		ض	90	90		نج	53	53		ش	b	b		ب	2	2		agrees
875	277	R04	M2	32	النَّسْر الطائر		و	6	6		كب	22	22		ص	60	60		كب	22	22		ضد	94	94		مد	44	44		رفب	282	282		يح	18	18		رصا	261	261		يب	12	12		سا	301	301		ى	10	10			b	b		ب	2	2		agrees
875	277	R05	M2	33	رَأْس اندرميذس{fn1} وهو / رَأْس المَرْأَة	numbers on the second line of the name	لز	37	37		يد	14	14		ضد	94	91	94	يد	14	14		قكب	122	122		كز	27	27		سلا	331	331		كب	22	22		رفا	281	281		ند	54	54		د	4	4		نب	52	52			b	b		ب	2	3	2	alt_d:codex note; mag:codex note
875	277	R06	M2	34	جَناح الفَرَس		ى	10	10		يو	16	16		صد	64	64		يو	16	16		ضز	97	97		له	35	35		سل	330	330		مه	45	45		صط	69	309	69	{0}	0	0		سمج	343	343		م	40	48	40		b	b		ب	2	2		ris_d:codex note; set_m:codex note
875	277	R07	M2	35	مَنْكِب الفَرَس		كب	22	22		لا	31	31		عو	76	76		لا	31	31		قز	107	107		لب	32	32		سل	330	330		كد	24	24		رضو	296	296		مو	46	46		سند	354	351	354	د	4	44	4		b	b		ب	2	2		set_d:codex note; set_m:codex note
875	277	R08	M2	36	ظَهْر الفرس		ط	9	9		ز	7	7		صج	63	63		ز	7	7		ضو	96	96		مب	42	42		سمح	348	348		لح	38	18	38	سلب	332	332		مح	48	48		سنو	356	356		مج	43	43			b	b		ب	2	2		cul_m:codex note
875	277	R09	M2	37	مَخْرَج عُنُق الحَيَّة		ك	20	20		ه	5	5		عد	74	74		ه	5	5		قه	105	105		مو	46	24	46	ركه	225	225		كز	27	27		رب	202	202		مب	42	42		رنز	257	257		ك	20	20			b	b		ب	2	3	2	half_m:codex note; mag:codex note
875	277	R10	M2	38	رَأْس افلّن{fn2}	altitude قو with two dots (106) in both copies, as Part II; the formula 54° + δ gives 86° 49′	لب	32	32		مط	49	49		قو	106	106		مط	49	49		قيز	117	117		يز	17	57	17	ضه	95	95		ى	10	10		قو	106	86	106	كح	28	28		قد	104	104		لب	32	32			b	b		ب	2	2		half_m:codex note; ris_d:codex note
875	277	R11	M2	39	رأْس ايرقلاس{fn3}	altitude degrees: the first letter has no dots in both copies (ٯ, ق or ف); read ق, 103 as Part II; read ف it would be 83, which the formula 54° + δ gives	كط	29	29		لب	32	32		{rd:ٯ=ق}ج	103	103		لب	32	32		قيد	114	114		يح	18	18		ضح	98	98		لج	33	33		ضج	93	93		يب	12	12		قد	104	104		ل	30	35	30		b	b		ب	2	2		set_m:codex note
875	277	R12	M2	40	وَسَط الثُّرَيَّا غماميّ		يط	19	19		لح	38	18	38	عج	73	73		لح	38	18	38	قد	104	104		مه	45	45		مج	43	43		يج	13	13		نط	59	39	59	كب	22	22		قمد	144	44	144	ل	30	17	30		b	b		ج	3	4	3	dec_m:codex note; alt_m:codex note; ris_d:codex note; set_d:codex note; set_m:codex note; mag:codex note
875	277	R13	M2	41	صَدْر السَّرَطان غماميّ	setting minutes: a tooth without dots and و in both copies; read يو 16 as Part II	كب	22	22		ى	10	10		عو	76	76		ى	10	10		قز	107	107		مه	45	15	45	قيا	111	111		ند	54	54		قيا	111	111		لو	36	36		قيب	112	112		ىو	16	16			b	b		ج	3		3	half_m:codex note; mag:codex note
875	277	R14	M2	42	ظَهْر الاسد	magnitude ج (3) in both copies; Part II 2 with no note	كه	25	25		ب	2	2		عط	79	79		ب	2	2		قط	109	109		نا	51	51		قيا	111	151	111	{0}	0	0		قما	141	141		ل	30	34	30	قصح	168	168		م	40	44	40		b	b		ج	3	2		cul_d:codex note; ris_m:codex note; set_m:codex note; mag:ledgered
875	277	R15	M2	43	رَأْس الجَوْزاء		يط	19	19		لح	38	38		عج	73	73		لح	38	38		قه	105	105		ب	2	2		سمز	347	347		يه	15	15		سيط	319	319		ل	30	30		رب	202	2	202	مد	44	44		ش	b	b		ج	3	3		set_d:codex note
875	277	R16	M2	44	المرأة وهي الكف / الخَضِيب	numbers on the second line of the name; kashida in الكف not recorded	يد	14	14		يح	18	18		صح	68	68		يح	18	18		ق	100	100		لح	38	38		رنا	251	251		نو	56	56		ركح	228	228		ن	50	58	50	رعح	278	278		لد	34	34		ش	b	b		ج	3	3		ris_m:codex note
874	278	R02	M3	45	كَفَّة الميزان الجَنُوبيّة	setting minutes printed كر (ز without its dot) in both copies; read كز 27 as Part II	ح	8	8		مب	42	42		مه	45	45		يح	18	18		قج	103	83	103	لح	38	38		رى	210	210		يد	14	14		رح	208	208		له	35	25	35	ريج	213	213		ك{rd:ر=ز}	27	27		ج	a	a				2		half_d:codex note; ris_m:codex note; mag:no magnitude in the codex
874	278	R03	M3	46	كَفَّة الميزان الشماليّة		ح	8	3	8	مز	47	43	47	ن	50	50		لز	37	17	37	قز	107	87	107	يح	18	18		ريو	216	216		له	35	35		رى	210	210		لب	32	32		ركز	227	227		{0}	0	0		ج	a	a				2		dec_d:codex note; dec_m:codex note; alt_m:codex note; half_d:codex note; mag:no magnitude in the codex
874	278	R04	M3	47	قَلْب العَقْرَب		كب	22	22		ى	10	10		لا	31	31		ن	50	50		عب	72	72		م	40	40		ركط	229	229		نه	55	15	55	رلب	232	232		كز	27	27		ركد	224	224		يه	15	5	15		a	a				2		cul_m:codex note; set_m:codex note; mag:no magnitude in the codex
874	278	R05	M3	48	عُرْقوب الرامي	altitude degrees printed as a dotless ز (like ر) followed by the zero sign, in both copies; read ز, 7 as Part II and the formula	مو	46	46		لد	34	34		{rd:ر=ز}{0}	7	7		كو	26	26		لط	39	39		نب	52	52		رصح	268	268		كح	28	28		س	300	300		نب	52	52		رله	235	235		يح	18	18			a	a				3		mag:no magnitude in the codex
874	278	R06	M3	49	التالي لشَوْلة العَقْرَب غَماميّ		له	35	35		كج	23	23		يج	13	18	13	لز	37	37		يح	18	58	18	نو	56	56		رن	250	250		م	40	40		رصب	262	262		كز	27	27		رله	235	235		{0}	0	0			a	a						alt_d:codex note; half_d:codex note
874	278	R07	M3	50	عين الرامي غماميّ		كب	22	22		مو	46	46		لا	31	31		ند	54	14	54	عب	72	72		يو	16	16		رصو	266	266		لط	39	39		رصز	267	266	267	{0}	0	0		رصز	267	267		ك	20	20		ج	a	a				3		alt_m:codex note; ris_d:codex note; mag:no magnitude in the codex
874	278	R08	M3	51	زُجّ سَهْم الرامي		كط	29	29		{0}	0	8	0	كه	25	24	25	{0}	0	52	0	صو	66	66		ح	8	8		رنه	255	255		مز	47	17	47	رص	260	260		لا	31	31		رمح	248	248		نب	52	52		ج	a	a				3		dec_m:codex note; alt_d:codex note; alt_m:codex note; cul_m:codex note; mag:no magnitude in the codex
874	278	R09	M3	52	ذُؤَابَة الأَسَد الضَّفِيرة{fn1}		لو	36	36		ى	10	10		ض	90	90		ى	10	10		قكا	121	121		يح	18	58	18	قع	170	170		مج	43	43		قمو	146	146		م	40	40		رنه	255	215	255	ن	50	50		ش	b	b						half_m:codex note; set_d:codex note
874	278	R10	M3	53	احـد المُظْلِمَيْن اللذَيْن في / العَقْرَب	numbers on the second line of the name; kashida in احد not recorded	لا	31	31		م	40	40		فه	85	85		م	40	40		قيو	116	116		ما	41	41		قصز	167	167		ند	54	14	54	قمح	148	148		كب	22	22		رج	203	203		كط	29	29		ش	b	b						cul_m:codex note
874	278	R11	M3	54	رأْس الجَبّار		ه	5	5		يو	16	16		نط	59	59		نو	56	16	56	ضج	93	93		مو	46	46		عا	71	71		{0}	0	0		فه	85	84	85	ل	30	30		نط	59	59		مه	45	45		ش	b	b						alt_m:codex note; ris_d:codex note
874	278	R12	M3	55	كَتِف الجَبّار اليُسْرَى		ج	3	3		مز	47	47		نز	57	57		مز	47	47		ضب	92	92		مد	44	44		صح	68	68		كب	22	22		فب	82	82		ن	50	50		نو	56	56		مب	42	42		ش	b	b				2		mag:no magnitude in the codex
874	278	R13	M3	56	الاوّل من التي في مِنْطَقَته		ب	2	2		لب	32	32		نا	51	51		كح	28	28		فح	88	88		نا	51	11	51	ع	70	70		لج	33	33		فط	89	89		يح	18	18		ند	54	54		ند	54	54		ج	a	a				2		half_m:codex note; mag:no magnitude in the codex
874	278	R14	M3	57	الاوسط منها	half-arc قز with two dots (107) in both copies, as Nallino's note 57	ب	2	2		ند	54	54		نا	51	51		و	6	6		قز	107	87	107	نه	55	55		عب	72	72		ك	20	20		ضا	91	91		م	40	40		نه	55	55		نج	53	53		ج	a	a				2		half_d:codex note; mag:no magnitude in the codex
874	278	R15	M3	58	الثالث منها	half-arc قز with two dots (107) in both copies, as Nallino's note 58	ج	3	3		له	35	35		ن	50	50		كه	25	25		قز	107	87	107	كد	24	24		عج	73	73		ى	10	10		ضب	92	92		لج	33	33		نو	56	56		ل	30	33	30		a	a				2		half_d:codex note; set_m:codex note; mag:no magnitude in the codex
874	278	R16	M3	59	المُضِيء التابع للكَلْب		له	35	35		ك	20	25	20	نح	58	18	58	له	35	35		نح	58	58		نه	55	55		عو	76	76		لح	38	38		قك	120	120		{0}	0	0		لو	36	36		لد	34	34			a	a				2		dec_m:codex note; alt_d:codex note; mag:no magnitude in the codex
874	278	R17	M3	60	الثاني منه		لز	37	37		ج	3	3		نو	56	16	56	نز	57	57		نو	56	56		مد	44	44		عح	78	78		ن	50	50		قكج	123	123		لو	36	36		لو	36	36		لط	39	39			a	a				2		alt_d:codex note; mag:no magnitude in the codex
874	278	R18	M3	61	تدوير السَّفِينة		لح	38	38		ل	30	30		نه	55	15	55	ل	30	30		ند	54	54		نح	58	58		قكد	124	124		نه	55	55		قصه	165	165		كج	23	23		عه	75	75		مج	43	43		ج	a	a				2		alt_d:codex note; mag:no magnitude in the codex
874	278	R19	M3	62	شَقّ سَرِيرها		لو	36	36		يط	19	19		نز	57	17	57	ما	41	41		نز	57	57		م	40	40		قكح	128	128		ل	30	30		قصو	166	166		ى	10	10		فا	81	81		ى	10	10		ج	a	a				2		alt_d:codex note; mag:no magnitude in the codex
873	279	R02	M3	63	الذي تحت السَّرِير	dec degrees: ل with a dotless ز (like ر) in both copies; read 37 as Part II. Rising minutes printed لا, read 0 as Part II (Nallino writes لا for 0′ in note 75; in abjad it would be 31)	ل{rd:ر=ز}	37	37		مه	45	45		نط	59	59		نه	55	55		نب	52	52		ند	54	14	54	قيح	118	118		ك	20	20		قصب	162	162		{zero:لا}	0	0		سز	307	67	307	م	40	40		ج	a	a				2		half_m:codex note; set_d:codex note; mag:no magnitude in the codex
873	279	R03	M3	64	الذي تحت صَدْرها		ن	50	50		نب	52	42	52	ج	3	3		ح	8	18	8	كز	27	27		{0}	0	25	0	قيب	112	112		ل	30	30		قعز	177	177		كد	24	24		مب	42	42		كز	27	27		ج	a	a				2		dec_m:codex note; alt_m:codex note; half_m:codex note; mag:no magnitude in the codex
873	279	R04	M3	65	المقدَّم من الثلثة منها		نب	52	52		ب	2	8	2	ا	1	1		نب	52	52		ك	20	20		نو	56	56		قلب	132	122	132	مج	43	43		قضا	191	191		م	40	40		مه	45	45		نج	53	53			a	a				2		dec_m:codex note; cul_d:codex note; mag:no magnitude in the codex
873	279	R05	M3	66	النَّيِّر من الشُّجاع	half-arc degrees قز with two dots (107) in both copies; Part II 87 (Nallino's note 66 covers only the minutes)	ب	2	2		نه	55	55		نا	51	51		ه	5	5		قز	107	87		يج	13	53	13	قكه	125	125		نح	58	58		قلط	139	139		ك	20	20		قز	107	107		ك	20	20			a	a				2		half_d:ledgered; half_m:codex note; mag:no magnitude in the codex
873	279	R06	M3	67	بَطْن فَرَس قنطاورس		مح	48	48		مه	45	45		ه	5	5		يه	15	15		له	35	35		ى	10	10		قضب	192	192		ل	30	30		رلط	239	239		{0}	0	0		قيح	118	118		ى	10	10			a	a				2		mag:no magnitude in the codex
873	279	R07	M3	68	وسط فخِذ الفرس		يج	13	53	13	ج	3	3		{0}	0	0		نز	57	57		ل	30	30		{0}	0	0		قصط	169	169		نب	52	52		ركا	221	221		له	35	35		ضب	92	92		{0}	0	0			a	a				2		dec_d:codex note; mag:no magnitude in the codex
873	279	R08	M3	69	حافر هذا الفرس	the altitude and half-arc cells and the rising and setting cells hold a text instead of numbers (row R09)	يو	16	56	16	لز	37	37																		قصه	165	165		ز	7	7																			a	a				2		dec_d:codex note; mag:no magnitude in the codex
873	279	R10	M3	70	رِجْل هذا الفَرَس		مد	44	44		لح	38	38		ط	9	9		كب	22	22		مد	44	44		نج	53	10	53	قعز	177	177		ل	30	30		ريه	215	215		مو	46	46		قيج	113	113		ك	20	20			a	a				1		half_m:codex note; mag:no magnitude in the codex
873	279	R11	M3	71	رُكْبة هذا الفرس		نج	53	53		نز	57	57		{0}	0	0		ج	3	3		ب	2	2		{0}	0	0		قضا	191	191		نج	53	53		رصا	261	261		{0}	0	30	0	قكه	125	85	125	ج	3	3			a	a				2		ris_m:codex note; set_d:codex note; mag:no magnitude in the codex
873	279	R12	M3	72	المُضِيء مـن كواكب / الإكليل	numbers on the second line of the name; culmination minutes: ك and a dotless ز (like ر) with a small mark above the ك in both copies; read 27 as Part II; kashida in من not recorded	م	40	40		مد	44	44		يج	13	13		لو	36	16	36	يا	11	51	11	ند	54	14	54	رصح	268	268		ك{rd:ر=ز}	27	27		رفح	288	288		ى	10	10		رمح	248	248		د	4	11	4		a	a				4		alt_m:codex note; half_d:codex note; half_m:codex note; set_m:codex note; mag:no magnitude in the codex
873	279	R13	M3	73	اوّل مَصَبّ الماء من مِقْبَض / الدَّلْو	numbers on the second line of the name	يو	16	16		كا	21	21		لز	37	37		لط	39	39		عز	77	77		لط	39	39		سكج	323	323		{0}	0	0		سكه	325	325		مه	45	45		سكا	321	321		ل	30	30			a	a						agrees
873	279	R14	M3	74	وَسَط مَصَبّ المـاء مـن / المِقْبَض	numbers on the second line of the name; kashida in الماء and من not recorded	ى	10	10		ز	7	7		مج	43	43		نج	53	53		قيا	111	82	111	نج	53	33	53	سكه	325	325		مو	46	46		سكب	322	322		مه	45	45		سلز	337	327	337	ل	30	30		ج	a	a				4		half_d:codex note; half_m:codex note; set_d:codex note; mag:no magnitude in the codex
873	279	R15	M3	75	آخِر مَصَبّ الماء من المِقْبَض	setting degrees printed شل (ش with three dots) in both copies: 1030 in Maghribi values, 330 in the Eastern abjad (ش = 300); Part II 330	يب	12	12		كه	25	25		ما	41	41		له	35	35		قب	102	80	102	مح	48	48		سلب	332	332		كو	26	26		سلب	332	333	332	ك	20	0	20	شل	1030	330		لج	33	33		ج	a	a				4		half_d:codex note; ris_d:codex note; ris_m:codex note; set_d:ledgered; mag:no magnitude in the codex
