after_v002	before_first_pass	line_id	repair_ids
<i>les</i> <n>aṭ-Ṭabarī</n>, p. cccxlii, s. v. <ar>ظلم</ar>.	<i>les</i> <n>aṭ-Ṭabarī</n>, p. ccxlii, s. v. <ar>ظلم</ar>.	AB01-PDF0017-notes_right-L028	"[""S01-R004""]"
« nomen eius [Muḥammad] eum Muslimum factum esse indicat. Eius scripta haec sunt: Opus	« nomen eius [Muḥammad] eum Muslimun factum esse indicat. Eius scripta haec sunt: Opus	AB01-PDF0018-body-L017	"[""S01-R001""]"
« clarus, auctor operis astronomici Sabii [appellati]. <i>Nomen eius eum Muslimum factum</i>	« clarus, auctor operis astronomici Sabii [appellati]. <i>Nomen eius eum Muslimun factum</i>	AB01-PDF0019-body-L011	"[""S01-R002""]"
« cognoscitur qui eius excellentiam in sideribus exacte observandis ac eorum motibus investi-	« cognoscitur qui eius erga excellentiam in sideribus exacte observandis ac eorum motibus investi-	AB01-PDF0019-body-L021	"[""S01-R003""]"
<ar>والمرأة السّيّئة الأخلاق وقال أشياء لا يُسْتَقَلّ قليلها الدَّيْن والعداوة والمرض></ar> « Muḥammad Ibn Ǵābir al-Battānī,	<ar>والمرأة السّيّئة الأخلاق وقال أشياء لا يُسْتَقَلّ قليلها الدَّيْن والمداوة والمرض></ar> « Muḥammad Ibn Ǵābir al-Battānī,	AB01-PDF0020-body-L011	"[""S01-R025"", ""S01-R027""]"
<gr>Βιτάνῃ</gr> habet. Id causa fuit cur Chwolsohn Battān esse Batnas duxerit. Sed quam lubrico fun-	<gr>Βκτάνῃ</gr> habet. Id causa fuit cur Chwolsohn Battān esse Batnas duxerit. Sed quam lubrico fun-	AB01-PDF0022-body-L029	"[""S01-R019""]"
1901, p. 400-06, 550-54, 684-89, 779-84, 924-30, 1121-	1901, p. 409-06, 550-54, 684-89, 779-84, 924-30, 1121-	AB01-PDF0024-notes_left-L032	"[""S01-R005""]"
simum testimonium sunt <i>Albategnius, Albenait, Alcabitius, Alchindus, Alcharsi, Alchasibi,</i>	simum testimonium sunt <i>Albategnius, Albenait, Alcabitius, Alchindus, Alchaīsi, Alchasibi,</i>	AB01-PDF0039-body-L004	"[""S01-R006""]"
e. filamenta quibus phrygiones texturam seu exor-	e. filamenla quibus phrygiones texturam seu exor-	AB01-PDF0040-notes_left-L021	"[""S01-R007""]"
Rabbī Addā bar Ahăbā tribuitur, esse annum solarem Albatenii et primum X saeculo Chr.	Rabbī Addā bar Ahābā tribuitur, esse annum solarem Albatenii et primum X saeculo Chr.	AB01-PDF0042-body-L020	"[""S01-R020""]"
<n>Ibn ‘Ezrā</n> (1). Tacite nostrum astronomum sequitur celeberrimus <n>Maimonides</n> (2), in	<n>Ibn ‘Ezrā</n> (1). Tacile nostrum astronomum sequitur celeberrimus <n>Maimonides</n> (2), in	AB01-PDF0043-body-L002	"[""S01-R008""]"
<i>sṭandīnā lě da‘at al-Battānī wě lě da‘at hā ḥākām ‘Immānū’ēl ba‘al hak-kěnāphīm</i> (6).	<i>sṭandīnā lě da‘at al-Battānī wě lě da‘at hā ḥākām ‘Immānū’ēl ba‘al hsh-kěnāphim</i> (6).	AB01-PDF0043-body-L017	"[""S01-R009""]"
« Mesopotamia nell’877 » (lactans igitur observatio-	« Mesopotamia nell’877 » (cladens igitur observatio-	AB01-PDF0050-notes_right-L004	"[""S01-R010""]"
thalis Lunae et angulorum quibus parallaxes supputantur, p. 82; in opportuno nonagesimi	thalīs Lunae et angulorum quibus parallaxes supputantur, p. 82; in opportuno nonagesimi	AB01-PDF0051-body-L015	"[""S01-R011""]"
verbis: « In nomine Domini incipit liber Mahometi filii Gebir filii Crueni [leg. Cineni], qui	verbis: « In nomine Domini incipit liber Mahometi filii Gebir filii Crueni [leg. Cinenī], qui	AB01-PDF0059-body-L015	"[""S01-R012""]"
« vocatur Albategni, in numeris stellarum, et in locis motuum earum, experimenti ratione	« vocatur Albategni, in numeris stellarum, et in locis motuum earum, experimēnti ratione	AB01-PDF0059-body-L016	"[""S01-R013""]"
« cuius superficiem in 4. equales partes, et unamquamque quartarum in 90., partiaris, nume-	« cuius superficiem in 4. equales partes, et unamquamque quartarum in 90., partiāris, nume-	AB01-PDF0062-body-L029	"[""S01-R014""]"
« litteras que sunt 5., 10., etc. in singulis intervallis inscribas... ». Haec prima armilla duo-	« litteras qne sunt 5., 10., etc. in singulis intervallis inscribas... ». Haec prima armilla duo-	AB01-PDF0062-body-L033	"[""S01-R015""]"
cta diacritica; reliquorum signorum nonnisi <glyph>AB01-PDF0070-G01</glyph> et <i>hamzah</i> reperiuntur. Hamzah semper fere	cta diacritica; reliquorum signorum nonnisi <ar>اٙ</ar> et <i>hamzah</i> reperiuntur. Hamzah semper fere	AB01-PDF0070-body-L019	"[""S01-R024""]"
accusativo <ar>جزوأً</ar>), <ar>ابطأ</ar> semper <ar>ابطى</ar>, sicut, radicali hamzah omissa, <ar>بدت</ar> et <ar>تهى</ar> loco <ar>بدأت</ar> et <ar>تَهَيَّأَ</ar> con-	accusativo <ar>جزوأً</ar>), <ar>ابطأ</ar> semper <ar>ابطى</ar>, sicut, radicali hamzah omissa, <ar>بدت</ar> et <ar>نهى</ar> loco <ar>بدأت</ar> et <ar>تَهَيَّأَ</ar> con-	AB01-PDF0070-body-L021	"[""S01-R022""]"
stanter scribuntur, <ar>مايتين</ar> pro <ar>مائتين</ar>, atque <ar>اختفايه</ar> pro <ar>اختفائه</ar>, <ar>اختفاؤه</ar> et <ar>اختفاءه</ar>. Promiscue, ad ama-	stanter scribuntur, <ar>مايتين</ar> pro <ar>مائتين</ar>, atque <ar>اختفايه</ar> pro <ar>اختفائه</ar>, <ar>اختفاوه</ar> et <ar>اختفاءه</ar>. Promiscue, ad ama-	AB01-PDF0070-body-L022	"[""S01-R023""]"
Mathematiker</i>, ita redduntur: ḏ, ǧ, ġ, ch, š, ṯ. Su-	Mathematiker</i>, ita redduntur: ḏ, ǧ, ġ, ch, š, ḳ. Su-	AB01-PDF0072-notes_left-L002	"[""S01-R021""]"
<n>Aboulféda</n> [Abū ’l-fidā’], <i>La géographie, texte arabe publié par Reinaud et Mac Gu-	<n>Aboulféda</n> [Abū ’l-fidā’], <i>La géographie, texle arabe publié par Reinaud et Mac Gu-	AB01-PDF0074-body-L004	"[""S01-R017""]"
175, adn. 9, pro <glyph>AB01-PDF0082-G01</glyph> l. <glyph>AB01-PDF0082-G02</glyph>.	175, adn. 9, pro <ar>واللول</ar> l. <ar>واللولوا</ar>.	AB01-PDF0082-body-L005	"[""S01-R018""]"
gnitudinis 94, Saturni et Iovis « quasi » 79, Martis « quasi » <m>1\,{}^1\!/_2</m>, Veneris « quasi » <m>{}^1\!/_{87}</m>,	gnitudinis 94, Saturni et Iovis « quasi » 79, Martis « quasi » <m>1\,{}^1\!/_2</m>, Veneris « quasi » <m>{}^1\!/_{37}</m>,	AB01-PDF0085-body-L002	"[""S01-R016""]"
