pdf	ppage	planet	row	n	n2	c3_d	c3_m	c4	c5_d	c5_m	c6_d	c6_m	c7_d	c7_m	check	doubt
557	108	sat	1	1	359	0	7	60	0	0	0	6	0	0	B BA A BA BA BA	the 0 of 0° 6′ (column VI) is printed broken
557	108	sat	2	2	358	0	14	60	0	1	0	12	0	1	A AA B AA EE AA	
557	108	sat	3	3	357	0	20	60	0	1	0	18	0	1	A AA A AA EE AA	
557	108	sat	4	4	356	0	27	60	0	1	0	24	0	1	A AA A AA AA AA	
557	108	sat	5	5	355	0	33	60	0	2	0	30	0	2	A AA A AA AA AA	
557	108	sat	6	6	354	0	39	60	0	2	0	36	0	2	A AA A AA AB AA	
557	108	sat	7	7	353	0	46	60	0	2	0	42	0	2	A AA A AA AA AA	
557	108	sat	8	8	352	0	52	60	0	3	0	48	0	3	A AA A AA AA AA	
557	108	sat	9	9	351	0	58	59	0	3	0	54	0	3	A AA A AA AB AB	
557	108	sat	10	10	350	1	5	59	0	3	1	0	0	3	A AA A AA AA AA	
557	108	sat	11	11	349	1	11	59	0	4	1	6	0	4	A AA A AA AA AA	
557	108	sat	12	12	348	1	17	59	0	4	1	11	0	4	B AA A AA AA AA	
557	108	sat	13	13	347	1	24	58	0	4	1	17	0	5	A AB A AA AA AA	
557	108	sat	14	14	346	1	30	58	0	4	1	23	0	5	A AA A AA AA AB	
557	108	sat	15	15	345	1	36	57	0	5	1	28	0	6	A AB A EE AA AB	
557	108	sat	16	16	344	1	43	57	0	5	1	34	0	6	B AA A AA AB BA	
557	108	sat	17	17	343	1	49	56	0	5	1	40	0	7	B AA B AA AA AA	
557	108	sat	18	18	342	1	55	56	0	5	1	45	0	7	B AB B AA AA BA	
557	108	sat	19	19	341	2	1	56	0	6	1	51	0	8	A AA B AA AA AA	
557	108	sat	20	20	340	2	7	55	0	6	1	57	0	8	B AA E AB AA AB	
557	108	sat	21	21	339	2	13	55	0	6	2	2	0	8	A AA A AA AA AA	
557	108	sat	22	22	338	2	19	55	0	6	2	8	0	9	A AA A AA AA AA	
557	108	sat	23	23	337	2	25	54	0	7	2	13	0	9	A AA A BA AA AA	
557	108	sat	24	24	336	2	31	54	0	7	2	18	0	9	A AA B AA AA AA	
557	108	sat	25	25	335	2	37	53	0	7	2	24	0	10	A AA A AA BB AB	
557	108	sat	26	26	334	2	43	53	0	7	2	29	0	10	A AA A AA AA AA	
557	108	sat	27	27	333	2	49	52	0	7	2	34	0	10	A AA A AA AA AA	
557	108	sat	28	28	332	2	55	52	0	8	2	40	0	11	A AA B AA AA BA	
557	108	sat	29	29	331	3	1	51	0	8	2	45	0	11	A AA A AA AA AA	
557	108	sat	30	30	330	3	6	51	0	8	2	50	0	11	A AA A AA AA AA	
558	109	sat	1	31	329	3	12	50	0	8	2	55	0	12	B AA B BA AB AA	
558	109	sat	2	32	328	3	18	50	0	9	3	0	0	12	A AA A AA AA AA	
558	109	sat	3	33	327	3	23	49	0	9	3	5	0	12	A AA B AB AA AA	
558	109	sat	4	34	326	3	29	49	0	9	3	10	0	13	A AA A AA AA AA	
558	109	sat	5	35	325	3	34	48	0	9	3	15	0	13	A AA A AB AA AA	
558	109	sat	6	36	324	3	39	48	0	10	3	20	0	13	A AA A AA AA AA	
558	109	sat	7	37	323	3	45	47	0	10	3	25	0	14	B AA E AA AB AA	
558	109	sat	8	38	322	3	50	47	0	10	3	30	0	14	A AA A AA AA AA	
558	109	sat	9	39	321	3	55	46	0	10	3	35	0	14	A AA A AA AA AA	
558	109	sat	10	40	320	4	0	46	0	10	3	40	0	15	A AA A AA AA AA	
558	109	sat	11	41	319	4	5	45	0	11	3	45	0	15	A AA A AA AA AA	
558	109	sat	12	42	318	4	10	44	0	11	3	50	0	15	A AA A AA AA AA	
558	109	sat	13	43	317	4	15	44	0	11	3	55	0	16	A AA A AA AA AA	
558	109	sat	14	44	316	4	20	43	0	11	3	59	0	16	A AA A AA AA AA	
558	109	sat	15	45	315	4	25	42	0	11	4	3	0	16	A AA A AA AA AB	
558	109	sat	16	46	314	4	30	42	0	12	4	8	0	17	A AA A AA AA AA	
558	109	sat	17	47	313	4	35	41	0	12	4	13	0	17	A AA A AA AA AA	
558	109	sat	18	48	312	4	39	40	0	12	4	17	0	17	A AA A AA AA AA	
558	109	sat	19	49	311	4	44	39	0	12	4	22	0	18	A AA A AA BA AA	
558	109	sat	20	50	310	4	48	38	0	13	4	26	0	18	A AA A BA AA AA	
558	109	sat	21	51	309	4	52	37	0	13	4	30	0	18	A AA A BA AA AA	
558	109	sat	22	52	308	4	57	36	0	13	4	34	0	18	A AA A AA AA AA	
558	109	sat	23	53	307	5	1	35	0	13	4	38	0	19	A AA A AA AA AA	
558	109	sat	24	54	306	5	5	35	0	14	4	42	0	19	A AA B AA AA AA	
558	109	sat	25	55	305	5	9	34	0	14	4	46	0	19	A AA A AA AA AA	
558	109	sat	26	56	304	5	13	33	0	14	4	50	0	19	A AA A AA AA AA	
558	109	sat	27	57	303	5	17	32	0	14	4	53	0	19	A AA A AA AA AA	
558	109	sat	28	58	302	5	21	32	0	15	4	57	0	20	A BA A AA AA AA	
558	109	sat	29	59	301	5	25	31	0	15	5	1	0	20	A AB A AA AA AA	
558	109	sat	30	60	300	5	29	30	0	15	5	5	0	20	A AA A AA AA AA	
559	110	sat	1	61	299	5	33	29	0	15	5	8	0	20	E AA A AB AA AA	
559	110	sat	2	62	298	5	37	28	0	16	5	12	0	20	A AA A AB AA AA	
559	110	sat	3	63	297	5	41	27	0	16	5	15	0	20	A AA A AA AA AA	
559	110	sat	4	64	296	5	44	26	0	16	5	19	0	20	A AB A AA AA AA	
559	110	sat	5	65	295	5	47	25	0	16	5	22	0	20	A AA A BA AA AA	
559	110	sat	6	66	294	5	50	24	0	17	5	25	0	20	B AA A BA AA BB	
559	110	sat	7	67	293	5	53	23	0	17	5	28	0	21	A AB A AA AB AA	
559	110	sat	8	68	292	5	56	22	0	17	5	31	0	21	A AA A AA AA BA	
559	110	sat	9	69	291	5	59	21	0	17	5	34	0	21	A AA A AA AA AA	
559	110	sat	10	70	290	6	2	20	0	17	5	37	0	21	B AA A AA AA BA	
559	110	sat	11	71	289	6	5	19	0	17	5	40	0	21	A AA A AA AB AB	
559	110	sat	12	72	288	6	7	18	0	18	5	42	0	21	A AA A BA AB BA	
559	110	sat	13	73	287	6	10	16	0	18	5	45	0	21	A BA B AA AA AA	
559	110	sat	14	74	286	6	12	15	0	18	5	47	0	21	A AA A EE AA AA	
559	110	sat	15	75	285	6	14	14	0	18	5	49	0	21	B AA A BA AA AA	
559	110	sat	16	76	284	6	16	13	0	18	5	51	0	21	A AA A AA AA AA	
559	110	sat	17	77	283	6	18	12	0	18	5	53	0	21	A BA A AA AB AA	
559	110	sat	18	78	282	6	19	11	0	18	5	55	0	22	B AA A AA AA AA	
559	110	sat	19	79	281	6	21	9	0	18	5	57	0	22	A BA A BA AA AA	
559	110	sat	20	80	280	6	22	8	0	19	5	59	0	22	A BA A AB AA AA	
559	110	sat	21	81	279	6	23	7	0	19	6	0	0	22	A BA A AA AA AA	
559	110	sat	22	82	278	6	25	6	0	19	6	2	0	22	A AA B AA AA AA	
559	110	sat	23	83	277	6	26	5	0	19	6	4	0	22	A AA A AB AA AA	
559	110	sat	24	84	276	6	27	4	0	19	6	5	0	22	A BA A AA BA AB	
559	110	sat	25	85	275	6	28	3	0	19	6	7	0	22	A AA A AB AA AA	
559	110	sat	26	86	274	6	28	2	0	19	6	8	0	22	A AB A AA AA AA	
559	110	sat	27	87	273	6	29	1	0	19	6	9	0	22	A AB A BA AB AA	
559	110	sat	28	88	272	6	30	1	0	19	6	10	0	22	A AA A AA AA AA	
559	110	sat	29	89	271	6	30	2	0	19	6	11	0	23	A AA A BA AA AA	
559	110	sat	30	90	270	6	31	3	0	19	6	12	0	23	A BA A AA BB AA	
560	111	sat	1	91	269	6	31	4	0	19	6	12	0	23	B BA A AA AA BB	
560	111	sat	2	92	268	6	31	5	0	20	6	12	0	23	A BA A AA BA AB	
560	111	sat	3	93	267	6	31	6	0	20	6	12	0	23	A AA B AB AA AA	
560	111	sat	4	94	266	6	31	7	0	20	6	13	0	24	A AA A AA AA AA	
560	111	sat	5	95	265	6	30	8	0	20	6	13	0	24	A AA A BB AA AA	
560	111	sat	6	96	264	6	30	9	0	20	6	13	0	24	B AA A AA AA AA	
560	111	sat	7	97	263	6	29	10	0	20	6	13	0	24	A AA A AA AA AA	
560	111	sat	8	98	262	6	29	11	0	20	6	13	0	24	A AA A AA AA AA	
560	111	sat	9	99	261	6	28	12	0	20	6	13	0	24	A AA A AA AA AA	
560	111	sat	10	100	260	6	28	13	0	21	6	12	0	24	A AA A AA AA AA	
560	111	sat	11	101	259	6	27	14	0	21	6	12	0	24	A AA A AA AA AA	
560	111	sat	12	102	258	6	26	15	0	21	6	12	0	25	A AA A AA AA AA	
560	111	sat	13	103	257	6	25	15	0	21	6	11	0	25	A AB A AA AA AA	
560	111	sat	14	104	256	6	24	16	0	21	6	11	0	25	A AA A AA AA AA	
560	111	sat	15	105	255	6	22	17	0	21	6	9	0	25	A AA A AA AA AA	
560	111	sat	16	106	254	6	21	18	0	21	6	8	0	25	B AA A AA AA AA	
560	111	sat	17	107	253	6	19	19	0	21	6	7	0	25	A AA A AA AA AA	
560	111	sat	18	108	252	6	17	20	0	20	6	6	0	25	A AA A AA BA AA	
560	111	sat	19	109	251	6	16	20	0	20	6	4	0	25	B AA A AA AA AA	
560	111	sat	20	110	250	6	14	21	0	20	6	2	0	24	A AA A AA AA AA	
560	111	sat	21	111	249	6	12	22	0	20	6	0	0	24	B AA A AA AA AA	
560	111	sat	22	112	248	6	10	23	0	20	5	59	0	24	A AA B AA AA AA	
560	111	sat	23	113	247	6	8	24	0	20	5	57	0	24	A AA B AA AA AA	
560	111	sat	24	114	246	6	6	24	0	20	5	55	0	24	A AA B AA AA AA	
560	111	sat	25	115	245	6	4	25	0	20	5	53	0	24	A AA B AA AA AA	
560	111	sat	26	116	244	6	1	26	0	19	5	51	0	24	A AA A AA AA AA	
560	111	sat	27	117	243	5	58	27	0	19	5	48	0	24	A AA A AA AA AA	
560	111	sat	28	118	242	5	55	28	0	19	5	47	0	23	A AA A AB AA AA	
560	111	sat	29	119	241	5	52	29	0	19	5	43	0	23	A AA A AA AA AA	
560	111	sat	30	120	240	5	49	30	0	19	5	41	0	23	A AA B AA BA AA	
561	112	sat	1	121	239	5	46	30	0	19	5	37	0	23	B AA A AA BA AB	
561	112	sat	2	122	238	5	43	31	0	19	5	35	0	23	A AA A AA AA AA	
561	112	sat	3	123	237	5	40	32	0	19	5	32	0	23	A AA A AA AA AA	
561	112	sat	4	124	236	5	36	32	0	19	5	28	0	23	A AA A AA AA AB	
561	112	sat	5	125	235	5	32	33	0	18	5	25	0	22	A AA A AA AA AA	
561	112	sat	6	126	234	5	28	34	0	18	5	21	0	22	B AA B AA AA AA	
561	112	sat	7	127	233	5	24	35	0	18	5	18	0	22	A AB A AA AA AA	
561	112	sat	8	128	232	5	20	36	0	18	5	14	0	22	A AA A AA AB AA	
561	112	sat	9	129	231	5	16	37	0	18	5	10	0	22	A AA A AA AA AB	
561	112	sat	10	130	230	5	12	37	0	17	5	6	0	21	A AB A AA AA AA	
561	112	sat	11	131	229	5	8	38	0	17	5	2	0	21	A AA A BA AA AB	
561	112	sat	12	132	228	5	3	39	0	17	4	58	0	21	A AA A AA AA AB	
561	112	sat	13	133	227	4	58	40	0	17	4	54	0	20	A AA A AA AB AA	
561	112	sat	14	134	226	4	53	41	0	17	4	50	0	20	A AA A AA BA AA	
561	112	sat	15	135	225	4	48	42	0	17	4	45	0	20	A AA B AA AA AA	
561	112	sat	16	136	224	4	43	42	0	16	4	41	0	19	A AA A AA AA AB	
561	112	sat	17	137	223	4	38	43	0	16	4	36	0	19	B BA A AA AA AA	
561	112	sat	18	138	222	4	33	44	0	16	4	31	0	19	A AA B AA AA AB	
561	112	sat	19	139	221	4	28	44	0	16	4	26	0	18	A AA A AA AA AA	
561	112	sat	20	140	220	4	23	45	0	15	4	21	0	18	A BA A AA AA AA	
561	112	sat	21	141	219	4	17	46	0	15	4	16	0	18	A BA A AA AB AA	
561	112	sat	22	142	218	4	12	46	0	15	4	11	0	17	A AA E AA AA AA	
561	112	sat	23	143	217	4	6	47	0	15	4	6	0	17	A AA A AA AA AB	
561	112	sat	24	144	216	4	0	48	0	14	4	0	0	17	A BA A BA AA AA	
561	112	sat	25	145	215	3	54	49	0	14	3	55	0	16	A AB A AA AA AA	
561	112	sat	26	146	214	3	48	49	0	14	3	49	0	16	A AA A AA AA AA	
561	112	sat	27	147	213	3	42	50	0	13	3	43	0	15	A AA A AA AB AA	
561	112	sat	28	148	212	3	36	50	0	13	3	37	0	15	A AA A AA AA AA	
561	112	sat	29	149	211	3	30	51	0	12	3	31	0	14	A AA A AA AB AA	
561	112	sat	30	150	210	3	24	51	0	12	3	25	0	14	A AA A AA AA AA	
562	113	sat	1	151	209	3	18	52	0	12	3	19	0	13	E AA A BA AA AA	
562	113	sat	2	152	208	3	12	53	0	11	3	13	0	13	A AA A AA AA AA	
562	113	sat	3	153	207	3	5	53	0	11	3	7	0	13	A AA A AA AA AA	
562	113	sat	4	154	206	2	59	54	0	11	3	1	0	12	A AA B AA AA AA	
562	113	sat	5	155	205	2	53	54	0	10	2	55	0	12	A AA A AA AB BA	
562	113	sat	6	156	204	2	46	55	0	10	2	48	0	12	B AA A AA AA AA	
562	113	sat	7	157	203	2	40	55	0	9	2	42	0	11	A AA B AA AA AA	
562	113	sat	8	158	202	2	34	56	0	9	2	36	0	11	A AA A AA AA AA	
562	113	sat	9	159	201	2	27	56	0	8	2	29	0	11	A AA B AA AA AA	
562	113	sat	10	160	200	2	21	57	0	8	2	23	0	10	A AA A AA AA AA	
562	113	sat	11	161	199	2	14	57	0	7	2	16	0	10	A AA A AA AB AA	
562	113	sat	12	162	198	2	7	58	0	7	2	9	0	10	A AA A AA AA BA	
562	113	sat	13	163	197	2	0	58	0	6	2	2	0	9	A AA A AA AA AA	
562	113	sat	14	164	196	1	53	58	0	6	1	55	0	9	A AA A AA AA AA	
562	113	sat	15	165	195	1	46	59	0	6	1	48	0	8	A AA A AA AA AA	
562	113	sat	16	166	194	1	39	59	0	5	1	41	0	8	A AA A AA AA AA	
562	113	sat	17	167	193	1	32	59	0	5	1	34	0	7	A AA A AA AA AA	
562	113	sat	18	168	192	1	25	59	0	5	1	27	0	7	A AA B AA AA AA	
562	113	sat	19	169	191	1	18	59	0	4	1	20	0	6	A AA A AA AA AA	
562	113	sat	20	170	190	1	11	59	0	4	1	13	0	6	A AA A AA AA AA	
562	113	sat	21	171	189	1	4	60	0	4	1	6	0	5	A AA A AA AA AA	
562	113	sat	22	172	188	0	57	60	0	3	0	59	0	5	A AB A AA AA AA	
562	113	sat	23	173	187	0	50	60	0	3	0	52	0	4	A AA A AA AA AA	
562	113	sat	24	174	186	0	43	60	0	3	0	45	0	4	A AA A BA AA AA	
562	113	sat	25	175	185	0	36	60	0	2	0	38	0	3	A AA A AA AA AA	
562	113	sat	26	176	184	0	29	60	0	2	0	31	0	3	A AA A AA AA AA	
562	113	sat	27	177	183	0	22	60	0	2	0	23	0	2	A AA A AA AA AA	
562	113	sat	28	178	182	0	15	60	0	1	0	16	0	1	A AA A AA AA AA	
562	113	sat	29	179	181	0	8	60	0	1	0	8	0	1	A AA A AA AA AA	
562	113	sat	30	180	180	0	0	60	0	0	0	0	0	0	A AA A AA AA AA	
563	114	jup	1	1	359	0	6	60	0	0	0	10	0	0	B BA A BA BA AA	
563	114	jup	2	2	358	0	11	60	0	1	0	20	0	1	A AA B AA AA AA	
563	114	jup	3	3	357	0	16	60	0	1	0	29	0	1	E AA A AA AA AA	
563	114	jup	4	4	356	0	21	60	0	1	0	39	0	1	A AA B AA AB AA	
563	114	jup	5	5	355	0	27	60	0	2	0	49	0	2	B AA B AA AA AA	
563	114	jup	6	6	354	0	32	60	0	2	0	58	0	2	B AA A AA AA AA	
563	114	jup	7	7	353	0	37	60	0	2	1	8	0	2	A AA A AA AA AA	
563	114	jup	8	8	352	0	42	60	0	3	1	18	0	3	B AA A AA AA AA	
563	114	jup	9	9	351	0	47	60	0	3	1	28	0	3	A AA A AA AA AA	
563	114	jup	10	10	350	0	53	60	0	3	1	37	0	3	A AA A AA AA AA	
563	114	jup	11	11	349	0	58	60	0	4	1	47	0	4	B BA A AA AA AA	
563	114	jup	12	12	348	1	3	59	0	4	1	56	0	4	A AA A AA AB AA	
563	114	jup	13	13	347	1	8	59	0	4	2	6	0	5	A AA B AA BB AA	
563	114	jup	14	14	346	1	13	59	0	5	2	15	0	5	A AA B BA AA AA	
563	114	jup	15	15	345	1	18	59	0	5	2	24	0	6	A AA A BA AB AB	
563	114	jup	16	16	344	1	23	59	0	5	2	34	0	6	A AA A AA AA AA	
563	114	jup	17	17	343	1	28	58	0	6	2	43	0	6	B AA A BB AA BA	
563	114	jup	18	18	342	1	33	58	0	6	2	52	0	7	E AA A AB AA AA	
563	114	jup	19	19	341	1	38	58	0	6	3	2	0	7	A AA A AA AA AA	
563	114	jup	20	20	340	1	43	57	0	7	3	11	0	8	B AA A AA AA AA	
563	114	jup	21	21	339	1	48	57	0	7	3	20	0	8	B AB A AA AA AA	
563	114	jup	22	22	338	1	53	57	0	7	3	30	0	8	A AA A AA AA AB	
563	114	jup	23	23	337	1	58	56	0	8	3	39	0	9	A AA B BA AB AA	
563	114	jup	24	24	336	2	3	56	0	8	3	48	0	9	A AA A BA AA AA	
563	114	jup	25	25	335	2	8	55	0	8	3	57	0	9	B AA A AA AA AA	
563	114	jup	26	26	334	2	13	55	0	9	4	6	0	10	A AA A AA AA AA	
563	114	jup	27	27	333	2	17	54	0	9	4	15	0	10	A AA A AB AA AA	
563	114	jup	28	28	332	2	22	54	0	9	4	24	0	10	A AA B AA AB AA	
563	114	jup	29	29	331	2	26	53	0	10	4	33	0	11	A AB A AA AA AA	
563	114	jup	30	30	330	2	31	53	0	10	4	42	0	11	B AA A AB BA AA	
564	115	jup	1	31	329	2	36	52	0	10	4	51	0	11	B AA A AA AA AA	
564	115	jup	2	32	328	2	41	52	0	11	5	0	0	12	A AA A AA AA AB	
564	115	jup	3	33	327	2	45	51	0	11	5	8	0	12	A AA A AA AA AA	
564	115	jup	4	34	326	2	50	50	0	11	5	17	0	12	A AA A AA AA AA	
564	115	jup	5	35	325	2	55	50	0	12	5	26	0	13	A AA A AA AB AA	
564	115	jup	6	36	324	2	59	49	0	12	5	34	0	13	A AA B BA AA BA	
564	115	jup	7	37	323	3	4	49	0	12	5	43	0	13	A AB A AA AA AA	
564	115	jup	8	38	322	3	8	48	0	13	5	52	0	14	A AA A AA AA AB	
564	115	jup	9	39	321	3	12	47	0	13	6	1	0	14	A AA A AA AA AB	
564	115	jup	10	40	320	3	16	47	0	13	6	9	0	14	A AA A EE AB AA	
564	115	jup	11	41	319	3	20	46	0	14	6	17	0	15	A AA A AA AA AA	
564	115	jup	12	42	318	3	24	45	0	14	6	25	0	15	A AA A AA AB AA	
564	115	jup	13	43	317	3	28	45	0	14	6	33	0	15	A AA A AA AA AB	
564	115	jup	14	44	316	3	32	44	0	15	6	41	0	16	A AA A AA BA EE	
564	115	jup	15	45	315	3	36	43	0	15	6	49	0	16	A AA A AA AA AA	
564	115	jup	16	46	314	3	40	43	0	15	6	57	0	17	A AA A AB BA AA	
564	115	jup	17	47	313	3	44	42	0	16	7	5	0	17	A AA B AB AA BA	
564	115	jup	18	48	312	3	47	41	0	16	7	12	0	18	A AA A AB AA AB	
564	115	jup	19	49	311	3	51	40	0	16	7	20	0	18	A AA B AB EE BA	
564	115	jup	20	50	310	3	55	39	0	17	7	28	0	19	A AA B AA AB AA	
564	115	jup	21	51	309	3	58	38	0	17	7	36	0	19	B EE B BA AB AA	
564	115	jup	22	52	308	4	2	37	0	17	7	43	0	19	A AA B BA AA BA	
564	115	jup	23	53	307	4	5	36	0	18	7	50	0	20	A AA B AB AB AB	
564	115	jup	24	54	306	4	8	35	0	18	7	57	0	20	B AA A AA AA AA	
564	115	jup	25	55	305	4	12	35	0	18	8	4	0	20	A AA B AA AA BB	
564	115	jup	26	56	304	4	15	34	0	19	8	11	0	21	A AA B BB AA AB	
564	115	jup	27	57	303	4	18	33	0	19	8	17	0	21	A AA A AA AA AA	
564	115	jup	28	58	302	4	21	32	0	19	8	24	0	21	B AB A AA AB AA	
564	115	jup	29	59	301	4	24	31	0	20	8	31	0	22	A AA A AB AA AA	
564	115	jup	30	60	300	4	27	30	0	20	8	37	0	22	B AA A AA BA AA	
565	116	jup	1	61	299	4	30	29	0	20	8	44	0	22	B AA A AA AB AA	
565	116	jup	2	62	298	4	33	28	0	21	8	50	0	23	A AA A AA AB BA	
565	116	jup	3	63	297	4	36	27	0	21	8	56	0	23	A AA A BA AA AA	
565	116	jup	4	64	296	4	39	26	0	21	9	2	0	23	A AA A AA AA AA	
565	116	jup	5	65	295	4	42	25	0	22	9	8	0	24	A AA A AA AA AA	
565	116	jup	6	66	294	4	44	24	0	22	9	14	0	24	B AA A AA AA BB	
565	116	jup	7	67	293	4	46	22	0	22	9	20	0	24	A AA A AA AA AA	
565	116	jup	8	68	292	4	48	21	0	23	9	26	0	25	A AA A AA AA AA	
565	116	jup	9	69	291	4	50	20	0	23	9	31	0	25	B AA A AA AA AB	
565	116	jup	10	70	290	4	52	19	0	23	9	36	0	25	A AA A AA AA AA	
565	116	jup	11	71	289	4	54	18	0	24	9	41	0	26	A AA A AA AA AA	
565	116	jup	12	72	288	4	56	17	0	24	9	46	0	26	A AA A AA BB AA	
565	116	jup	13	73	287	4	58	16	0	24	9	51	0	26	A AA B BB BA AA	
565	116	jup	14	74	286	5	0	15	0	25	9	56	0	27	B AA A EE EE AA	
565	116	jup	15	75	285	5	1	14	0	25	10	0	0	27	A AA B AB AA AA	
565	116	jup	16	76	284	5	3	13	0	25	10	5	0	27	A EE A AA AA AA	
565	116	jup	17	77	283	5	5	12	0	25	10	9	0	28	A AA A BA AA AA	
565	116	jup	18	78	282	5	6	11	0	26	10	13	0	28	A AB A AA AA BB	
565	116	jup	19	79	281	5	7	9	0	26	10	17	0	28	A AA B BA AA AA	
565	116	jup	20	80	280	5	8	8	0	26	10	21	0	29	A AA A AB AA BA	
565	116	jup	21	81	279	5	9	7	0	26	10	25	0	29	B AA A BA AB AB	
565	116	jup	22	82	278	5	10	6	0	26	10	29	0	29	A AA B BA AA AA	
565	116	jup	23	83	277	5	11	5	0	27	10	32	0	29	A AA A AA AA AA	
565	116	jup	24	84	276	5	12	4	0	27	10	35	0	30	A AA A AA AB AA	
565	116	jup	25	85	275	5	13	3	0	27	10	38	0	30	A AA A AA BA AA	
565	116	jup	26	86	274	5	13	2	0	27	10	41	0	30	A AA A EE AA AA	
565	116	jup	27	87	273	5	14	1	0	27	10	44	0	30	A AB A AA AB AA	
565	116	jup	28	88	272	5	14	0	0	27	10	47	0	30	A AB A AA AA AA	
565	116	jup	29	89	271	5	14	1	0	27	10	49	0	31	A AA A AA AB AA	
565	116	jup	30	90	270	5	14	2	0	27	10	51	0	31	A EE A AB AA AA	Nallino, Part II p. 238: 5° 15′ for 5° 14′ (column III)
566	117	jup	1	91	269	5	14	3	0	27	10	53	0	31	B AA A BA AA BA	Nallino, Part II p. 238: 5° 15′ for 5° 14′ (column III)
566	117	jup	2	92	268	5	15	4	0	28	10	56	0	31	A AA A AA AA AA	
566	117	jup	3	93	267	5	15	5	0	28	10	59	0	31	A AA A AA AB AA	
566	117	jup	4	94	266	5	15	5	0	28	11	0	0	31	A AA A AA AA BA	
566	117	jup	5	95	265	5	15	6	0	28	11	1	0	31	A AA B AA AA AA	
566	117	jup	6	96	264	5	15	7	0	28	11	2	0	31	A AA A AA AA BA	
566	117	jup	7	97	263	5	15	8	0	28	11	2	0	31	B AA A AA AA BA	
566	117	jup	8	98	262	5	14	9	0	28	11	2	0	31	A AB B AB AA AA	
566	117	jup	9	99	261	5	14	10	0	29	11	3	0	31	A AA A AA AA AA	
566	117	jup	10	100	260	5	13	11	0	29	11	3	0	32	A AA A AB AA AA	
566	117	jup	11	101	259	5	13	12	0	29	11	3	0	32	A EE A AB AA AB	
566	117	jup	12	102	258	5	12	13	0	29	11	3	0	32	A AA A AA AA AA	
566	117	jup	13	103	257	5	11	14	0	29	11	2	0	32	A AA B AA AB BA	
566	117	jup	14	104	256	5	10	15	0	29	11	2	0	32	B AA B BA AA AA	
566	117	jup	15	105	255	5	9	16	0	29	11	2	0	32	B AA B BB AA AA	
566	117	jup	16	106	254	5	8	17	0	29	11	1	0	32	B AB A AB AA BA	
566	117	jup	17	107	253	5	6	18	0	30	11	0	0	32	B AA A AA AA AA	
566	117	jup	18	108	252	5	4	19	0	30	10	59	0	32	A BA B AA AA AA	
566	117	jup	19	109	251	5	3	20	0	30	10	57	0	33	A AA A AA AA AA	
566	117	jup	20	110	250	5	1	21	0	30	10	55	0	33	A AA A AB AA AA	
566	117	jup	21	111	249	4	59	22	0	30	10	53	0	33	A AA A BA AA AA	
566	117	jup	22	112	248	4	57	22	0	30	10	51	0	33	B AA A AA AA BA	
566	117	jup	23	113	247	4	55	23	0	30	10	48	0	33	B AB E AA AA AA	
566	117	jup	24	114	246	4	53	24	0	30	10	45	0	33	A AA B BA AA AA	
566	117	jup	25	115	245	4	51	25	0	30	10	42	0	33	A AB B AA AA AA	
566	117	jup	26	116	244	4	49	26	0	30	10	39	0	33	B AA B AA AA AA	
566	117	jup	27	117	243	4	47	27	0	30	10	35	0	33	B AA A AA AA AA	
566	117	jup	28	118	242	4	45	28	0	30	10	31	0	33	B AA A AA AA AA	
566	117	jup	29	119	241	4	43	29	0	30	10	27	0	33	A AA B AB AA AA	
566	117	jup	30	120	240	4	40	30	0	29	10	23	0	33	A AB A AA AA AA	
567	118	jup	1	121	239	4	35	31	0	29	10	19	0	32	B EE A BA BA AA	the 5 of 4° 35′ (column III) is printed damaged
567	118	jup	2	122	238	4	35	32	0	29	10	15	0	32	A AA A BA AA AA	
567	118	jup	3	123	237	4	32	33	0	29	10	10	0	32	A AA A AA BA AB	
567	118	jup	4	124	236	4	29	34	0	29	10	5	0	32	A AB A AA AA AA	
567	118	jup	5	125	235	4	26	35	0	29	10	0	0	32	A AA A AA AA AA	
567	118	jup	6	126	234	4	23	36	0	29	9	54	0	32	A AA B AA AA AB	
567	118	jup	7	127	233	4	20	36	0	28	9	48	0	32	B AB B AA AA AA	
567	118	jup	8	128	232	4	16	37	0	28	9	42	0	31	A AA A AA AA AA	
567	118	jup	9	129	231	4	12	38	0	28	9	36	0	31	A AA A AA AA AA	
567	118	jup	10	130	230	4	9	39	0	28	9	30	0	31	A AA A AA BA AA	
567	118	jup	11	131	229	4	5	40	0	28	9	24	0	31	A AA A AA BA AA	
567	118	jup	12	132	228	4	1	41	0	28	9	17	0	31	A AA B AA AA AA	
567	118	jup	13	133	227	3	58	41	0	27	9	10	0	31	A AB A AA AA AA	
567	118	jup	14	134	226	3	54	42	0	27	9	2	0	30	A AB A AA BA AA	
567	118	jup	15	135	225	3	50	43	0	27	8	55	0	30	A AA A AA AA AA	
567	118	jup	16	136	224	3	46	43	0	26	8	47	0	30	B AA A AB AA AA	
567	118	jup	17	137	223	3	42	44	0	26	8	39	0	30	A AA A BA AA AB	
567	118	jup	18	138	222	3	38	45	0	26	8	31	0	29	B AA B AA AA AA	
567	118	jup	19	139	221	3	34	45	0	25	8	22	0	29	B AA B AA AA BB	
567	118	jup	20	140	220	3	30	46	0	25	8	13	0	29	A AA B AB AA BA	
567	118	jup	21	141	219	3	25	47	0	23	8	4	0	28	B AA A BA AA BB	
567	118	jup	22	142	218	3	21	47	0	24	7	55	0	27	B AA A AB AA AA	
567	118	jup	23	143	217	3	16	48	0	24	7	46	0	27	A AA A AA AA AA	
567	118	jup	24	144	216	3	11	49	0	24	7	36	0	26	B AA A AA AB AB	
567	118	jup	25	145	215	3	7	49	0	23	7	26	0	25	A AA B BA AA AB	
567	118	jup	26	146	214	3	2	50	0	23	7	16	0	25	B AA A BB AA AB	
567	118	jup	27	147	213	2	57	50	0	22	7	5	0	24	A AA A AA AA AB	
567	118	jup	28	148	212	2	53	51	0	22	6	55	0	24	A AB A AA AA AB	
567	118	jup	29	149	211	2	48	51	0	21	6	45	0	23	A BA A AA EE AB	
567	118	jup	30	150	210	2	43	52	0	21	6	34	0	22	A BA A AB AA AB	
568	119	jup	1	151	209	2	39	52	0	21	6	23	0	22	B BB A AA BB BA	
568	119	jup	2	152	208	2	34	53	0	20	6	12	0	21	A BA A AA BA AA	
568	119	jup	3	153	207	2	29	53	0	19	6	0	0	20	A AA B AA AA AA	
568	119	jup	4	154	206	2	24	53	0	19	5	48	0	20	A AA A AA AA AB	
568	119	jup	5	155	205	2	19	54	0	18	5	36	0	19	A AB A AA AA AB	
568	119	jup	6	156	204	2	14	54	0	17	5	24	0	18	A AA B AA AA AA	
568	119	jup	7	157	203	2	9	55	0	17	5	12	0	18	A BB A AA AA AA	
568	119	jup	8	158	202	2	4	55	0	16	5	0	0	17	A AA A AA AA AA	
568	119	jup	9	159	201	1	58	56	0	15	4	47	0	16	A AB A AA AA AA	
568	119	jup	10	160	200	1	53	56	0	15	4	35	0	16	A AA B AA AA AA	
568	119	jup	11	161	199	1	48	57	0	14	4	22	0	15	A AA A AA AA AA	
568	119	jup	12	162	198	1	42	57	0	13	4	9	0	14	A AA A AA AA AB	
568	119	jup	13	163	197	1	36	57	0	13	3	56	0	14	A AA A AA AA AA	
568	119	jup	14	164	196	1	31	58	0	12	3	42	0	13	A AA A AA AA AA	
568	119	jup	15	165	195	1	25	58	0	11	3	29	0	12	B AA A BB AA AA	
568	119	jup	16	166	194	1	20	58	0	11	3	16	0	12	A AA A AA BA AA	
568	119	jup	17	167	193	1	15	59	0	10	3	3	0	11	A AA B AA AA AA	
568	119	jup	18	168	192	1	9	59	0	9	2	49	0	10	A AA A AB AA AA	
568	119	jup	19	169	191	1	4	59	0	9	2	35	0	10	A AA A AA AA AA	
568	119	jup	20	170	190	0	58	60	0	8	2	21	0	9	A AA A AA AA AA	
568	119	jup	21	171	189	0	52	60	0	7	2	7	0	8	A AA A EE AA AA	
568	119	jup	22	172	188	0	47	60	0	7	1	53	0	7	A AA A AA AA AA	
568	119	jup	23	173	187	0	42	60	0	6	1	39	0	6	A AA A AA AB AA	
568	119	jup	24	174	186	0	36	60	0	5	1	25	0	5	A AA A BA AB AA	
568	119	jup	25	175	185	0	30	60	0	5	1	11	0	5	A AA A AA AA AA	
568	119	jup	26	176	184	0	24	60	0	4	0	57	0	4	A AA A AB AA AA	
568	119	jup	27	177	183	0	18	60	0	3	0	43	0	3	A AA A AA AA AA	
568	119	jup	28	178	182	0	12	60	0	2	0	29	0	2	A AA A AA AA AA	
568	119	jup	29	179	181	0	6	60	0	1	0	15	0	1	A AA B AA AA AA	
568	119	jup	30	180	180	0	0	60	0	0	0	0	0	0	A AA A AA AA AA	
569	120	mars	1	1	359	0	11	60	0	2	0	24	0	2	B AA B BA AA AA	
569	120	mars	2	2	358	0	22	60	0	3	0	48	0	3	A AA A AA AA AA	
569	120	mars	3	3	357	0	33	60	0	4	1	12	0	4	A AA A BA AA AA	
569	120	mars	4	4	356	0	44	60	0	6	1	36	0	6	B AB B AA AA AA	
569	120	mars	5	5	355	0	55	60	0	7	2	0	0	7	A AA A AA AA AA	
569	120	mars	6	6	354	1	5	59	0	8	2	24	0	8	B AA A AA AA AA	
569	120	mars	7	7	353	1	16	59	0	10	2	48	0	10	A AA A AA AA AA	
569	120	mars	8	8	352	1	27	59	0	11	3	12	0	12	A AA B AA AA AA	
569	120	mars	9	9	351	1	38	59	0	12	3	35	0	13	A AA A AA AB AA	
569	120	mars	10	10	350	1	49	59	0	14	3	59	0	15	A AA B AA AA AA	
569	120	mars	11	11	349	2	0	58	0	15	4	23	0	17	A AA A AA AA AA	
569	120	mars	12	12	348	2	10	58	0	16	4	47	0	18	A AA B AA AA AA	
569	120	mars	13	13	347	2	21	58	0	18	5	11	0	20	A AB A AA AA AA	
569	120	mars	14	14	346	2	32	58	0	19	5	34	0	21	A AA B AB AB AA	
569	120	mars	15	15	345	2	42	58	0	20	5	57	0	22	B AA B AA AA AA	
569	120	mars	16	16	344	2	53	57	0	22	6	21	0	24	A AA A AA AA AA	
569	120	mars	17	17	343	3	3	57	0	23	6	45	0	26	B AA A AA AA AB	
569	120	mars	18	18	342	3	13	57	0	24	7	8	0	27	A AA A AA AA AA	
569	120	mars	19	19	341	3	24	56	0	26	7	32	0	29	B AB B AA AA AB	
569	120	mars	20	20	340	3	35	56	0	27	7	56	0	31	A AA A AA AB AA	
569	120	mars	21	21	339	3	45	56	0	28	8	19	0	32	A AA B AA AA AA	
569	120	mars	22	22	338	3	56	55	0	30	8	43	0	34	A AA A AA AA AA	
569	120	mars	23	23	337	4	6	55	0	32	9	7	0	35	A AA A AA BA AA	
569	120	mars	24	24	336	4	16	55	0	33	9	30	0	36	B AA A AA AA AA	
569	120	mars	25	25	335	4	26	54	0	35	9	54	0	38	A AA A AA AA AB	
569	120	mars	26	26	334	4	36	54	0	37	10	18	0	40	B AA A AA AA AA	
569	120	mars	27	27	333	4	46	53	0	38	10	41	0	41	A AA A AB AA AB	
569	120	mars	28	28	332	4	56	53	0	40	11	5	0	43	A AB A AA AA AB	
569	120	mars	29	29	331	5	6	52	0	41	11	28	0	45	A AA A AA AA AA	
569	120	mars	30	30	330	5	16	52	0	42	11	51	0	46	A AA A AA BA AA	
570	121	mars	1	31	329	5	26	51	0	44	12	15	0	48	E AB B AA AA AA	
570	121	mars	2	32	328	5	36	51	0	46	12	38	0	50	A AA A AA AA AA	
570	121	mars	3	33	327	5	45	50	0	47	13	1	0	51	A AA A AA AA AA	
570	121	mars	4	34	326	5	55	50	0	49	13	25	0	53	A AA A AA AA AA	
570	121	mars	5	35	325	6	4	49	0	51	13	48	0	55	A AA A AA AA AA	
570	121	mars	6	36	324	6	13	49	0	52	14	11	0	57	A AA A AA AA AA	
570	121	mars	7	37	323	6	22	48	0	54	14	34	0	58	A AA A AA AA AA	
570	121	mars	8	38	322	6	31	47	0	55	14	57	1	0	A AA A AA BA AA	
570	121	mars	9	39	321	6	40	47	0	57	15	20	1	1	A AA A AA AA AA	
570	121	mars	10	40	320	6	49	46	0	58	15	43	1	3	A AA A AA AA AA	
570	121	mars	11	41	319	6	58	45	0	59	16	6	1	5	A AA A AB AA AA	
570	121	mars	12	42	318	7	7	45	1	1	16	29	1	6	A AA A AA AA AA	
570	121	mars	13	43	317	7	16	44	1	2	16	52	1	8	A AA A AA AA AA	
570	121	mars	14	44	316	7	24	44	1	4	17	15	1	10	A AA B AA AA AA	
570	121	mars	15	45	315	7	32	43	1	5	17	38	1	11	A AA A AB AA AA	
570	121	mars	16	46	314	7	41	42	1	6	18	1	1	13	A AA A AA AA AA	
570	121	mars	17	47	313	7	49	41	1	8	18	24	1	15	A AA A AA AA AA	
570	121	mars	18	48	312	7	57	40	1	9	18	46	1	16	A AA A AB AA AA	
570	121	mars	19	49	311	8	5	40	1	11	19	9	1	18	A AA A AA AA AA	
570	121	mars	20	50	310	8	13	39	1	12	19	31	1	20	B AA A AA AA AA	
570	121	mars	21	51	309	8	20	38	1	13	19	53	1	22	A AA B AA BB AA	
570	121	mars	22	52	308	8	28	37	1	15	20	16	1	24	A AA A AA AA BA	
570	121	mars	23	53	307	8	35	36	1	16	20	38	1	26	A AA A AA AA AA	
570	121	mars	24	54	306	8	42	35	1	17	21	0	1	28	A AA A AA AA AA	
570	121	mars	25	55	305	8	50	35	1	19	21	23	1	30	A AA A AA AA AA	
570	121	mars	26	56	304	8	57	34	1	21	21	45	1	32	A AA A AA AA AA	
570	121	mars	27	57	303	9	5	33	1	22	22	7	1	34	A AA A AA AA AA	
570	121	mars	28	58	302	9	11	32	1	24	22	29	1	36	A AA A AA AA AA	
570	121	mars	29	59	301	9	18	31	1	26	22	51	1	38	B AA A AA AA AA	
570	121	mars	30	60	300	9	24	30	1	27	23	13	1	40	A AA A AA AA AA	
571	122	mars	1	61	299	9	31	29	1	29	23	35	1	42	B AA A AA AA AA	
571	122	mars	2	62	298	9	37	28	1	31	23	57	1	44	B AA A AA AA AB	
571	122	mars	3	63	297	9	43	27	1	32	24	18	1	46	B BB A AA AA AA	
571	122	mars	4	64	296	9	49	26	1	34	24	40	1	48	A AA A AA AA AA	
571	122	mars	5	65	295	9	55	25	1	36	25	1	1	50	A BB B AA AA AA	
571	122	mars	6	66	294	10	0	24	1	37	25	22	1	53	A AA A AA AA AA	
571	122	mars	7	67	293	10	5	23	1	39	25	44	1	55	B AA A AA AB AA	
571	122	mars	8	68	292	10	10	22	1	41	26	5	1	57	B AA A AA AA AA	
571	122	mars	9	69	291	10	15	21	1	43	26	26	1	59	A BA A AA AA AB	
571	122	mars	10	70	290	10	20	20	1	45	26	47	2	1	B AA A AA BA AA	
571	122	mars	11	71	289	10	25	19	1	47	27	8	2	3	A AA B AA AA AB	
571	122	mars	12	72	288	10	29	17	1	49	27	29	2	6	A AA A AA AA AA	
571	122	mars	13	73	287	10	34	16	1	51	27	50	2	8	A AB A AA AA AA	
571	122	mars	14	74	286	10	38	15	1	53	28	11	2	10	A AA A BB AA AA	
571	122	mars	15	75	285	10	42	14	1	55	28	31	2	12	B AB A AB AA AA	
571	122	mars	16	76	284	10	46	13	1	57	28	52	2	15	A AA A AA AA BA	
571	122	mars	17	77	283	10	50	12	1	59	29	12	2	17	A BA A AA AA AA	
571	122	mars	18	78	282	10	53	11	2	1	29	32	2	19	B AB A AA EE AB	
571	122	mars	19	79	281	10	57	10	2	3	29	52	2	21	A AA A AA AA AA	
571	122	mars	20	80	280	11	0	9	2	5	30	12	2	23	A AA A AB AB AB	
571	122	mars	21	81	279	11	3	8	2	8	30	32	2	26	A AA A AA AB AB	
571	122	mars	22	82	278	11	6	7	2	10	30	52	2	28	A AA A AA AA AA	
571	122	mars	23	83	277	11	9	6	2	12	31	11	2	30	B AA A AA AA AA	
571	122	mars	24	84	276	11	12	4	2	14	31	30	2	33	A AA A AA AA AA	
571	122	mars	25	85	275	11	15	3	2	16	31	49	2	35	B AA A BB AA AA	
571	122	mars	26	86	274	11	17	2	2	18	32	8	2	38	A AA A AA AA AA	
571	122	mars	27	87	273	11	19	1	2	21	32	27	2	41	A AA A AA BA AA	
571	122	mars	28	88	272	11	21	1	2	23	32	46	2	43	A AB A AA AA AA	
571	122	mars	29	89	271	11	22	2	2	25	33	4	2	46	A AA A AB AB AA	
571	122	mars	30	90	270	11	23	3	2	28	33	22	2	49	A EE A BA BB AB	
572	123	mars	1	91	269	11	24	3	2	30	33	40	2	52	B AB A BA BA BA	
572	123	mars	2	92	268	11	24	4	2	32	33	58	2	55	A AA A EE BA AB	
572	123	mars	3	93	267	11	25	5	2	35	34	15	2	58	B AA A BB AB AA	
572	123	mars	4	94	266	11	25	6	2	37	34	32	3	1	A AA A AA BA AA	
572	123	mars	5	95	265	11	25	7	2	39	34	49	3	4	A BB A AB AA AA	
572	123	mars	6	96	264	11	25	8	2	42	35	6	3	7	A AA A AA AA AA	
572	123	mars	7	97	263	11	24	9	2	44	35	23	3	10	A AA A AB AA AA	
572	123	mars	8	98	262	11	24	10	2	46	35	40	3	13	A AA A AB AB AA	
572	123	mars	9	99	261	11	23	11	2	49	35	56	3	16	B BA A AB BA AA	
572	123	mars	10	100	260	11	22	12	2	51	36	12	3	19	A AA A AA AA AB	
572	123	mars	11	101	259	11	21	13	2	54	36	28	3	22	A AA A EE BA AA	
572	123	mars	12	102	258	11	20	14	2	57	36	43	3	25	A AB A AA AB AB	
572	123	mars	13	103	257	11	19	14	2	59	36	58	3	28	A AA A AA AB AA	
572	123	mars	14	104	256	11	17	15	3	1	37	13	3	31	B AA A AA BA AB	
572	123	mars	15	105	255	11	15	16	3	4	37	27	3	35	B AA A AB AA EE	
572	123	mars	16	106	254	11	13	17	3	6	37	41	3	38	B AA A AB AA AB	
572	123	mars	17	107	253	11	11	18	3	9	37	55	3	42	B AA A AB BB AA	
572	123	mars	18	108	252	11	9	19	3	12	38	9	3	46	B AA A AA AB EE	
572	123	mars	19	109	251	11	6	20	3	15	38	23	3	49	A AA B AA BA AA	
572	123	mars	20	110	250	11	3	21	3	18	38	36	3	53	B AA A AA BB AA	
572	123	mars	21	111	249	11	0	22	3	21	38	49	3	57	E AB A AA BB AA	
572	123	mars	22	112	248	10	57	22	3	24	39	1	4	1	E AA A AB BA BA	
572	123	mars	23	113	247	10	53	23	3	27	39	13	4	5	A AA B AB BA AA	
572	123	mars	24	114	246	10	49	24	3	31	39	24	4	9	B AA E AA EE AA	the 4 of 24 (column IV) is printed thin
572	123	mars	25	115	245	10	45	25	3	34	39	35	4	13	A AA A EE BA AA	
572	123	mars	26	116	244	10	41	26	3	37	39	45	4	17	B AA B AA BA AA	
572	123	mars	27	117	243	10	36	27	3	41	39	55	4	22	A AA A AA EE EE	
572	123	mars	28	118	242	10	32	28	3	45	40	4	4	26	B AA A AB BB BA	
572	123	mars	29	119	241	10	27	29	3	48	40	13	4	31	A AA B AB BB AA	
572	123	mars	30	120	240	10	22	30	3	52	40	21	4	36	B AA B AA EE BA	
573	124	mars	1	121	239	10	17	30	3	55	40	29	4	40	B AA A BA BA AA	
573	124	mars	2	122	238	10	12	31	3	59	40	36	4	45	A AA A AA AB AA	
573	124	mars	3	123	237	10	6	32	4	3	40	43	4	50	A AA A AA AA AA	
573	124	mars	4	124	236	10	0	33	4	7	40	48	4	55	A AA A AA AA AA	
573	124	mars	5	125	235	9	54	34	4	11	40	53	5	0	A AA A AA AA AA	
573	124	mars	6	126	234	9	48	35	4	14	40	58	5	5	B AA A AA AA AA	
573	124	mars	7	127	233	9	41	35	4	17	41	2	5	10	A AA B AA AA AA	
573	124	mars	8	128	232	9	34	36	4	21	41	6	5	15	A AA A AA AA AA	
573	124	mars	9	129	231	9	27	37	4	25	41	8	5	21	B AA A AA AA AA	
573	124	mars	10	130	230	9	20	38	4	28	41	9	5	26	A BA A AA AA AA	
573	124	mars	11	131	229	9	13	39	4	31	41	9	5	32	A AA A AA AA AA	
573	124	mars	12	132	228	9	5	40	4	35	41	9	5	38	A AA A AA AA AB	
573	124	mars	13	133	227	8	57	40	4	38	41	7	5	44	A AA A AA AA AB	
573	124	mars	14	134	226	8	49	41	4	41	41	4	5	49	A AA B AA AA AB	
573	124	mars	15	135	225	8	41	42	4	45	41	0	5	55	A AA A AA AA AA	
573	124	mars	16	136	224	8	32	42	4	48	40	55	6	1	A AA A AA AB AA	
573	124	mars	17	137	223	8	23	43	4	51	40	50	6	7	A AA A AA AA AA	
573	124	mars	18	138	222	8	14	44	4	55	40	45	6	14	A AA A AA AA AA	
573	124	mars	19	139	221	8	5	44	4	59	40	39	6	20	B AA A AA AA BA	
573	124	mars	20	140	220	7	56	45	5	3	40	31	6	26	A AB A AA AA AA	
573	124	mars	21	141	219	7	46	46	5	7	40	21	6	32	A AA A AA AA AA	
573	124	mars	22	142	218	7	37	46	5	11	40	8	6	38	A AA B AA AA AA	
573	124	mars	23	143	217	7	27	47	5	15	39	53	6	44	A AA A AA AA AA	
573	124	mars	24	144	216	7	17	48	5	19	39	37	6	51	A AA A AB AA AA	
573	124	mars	25	145	215	7	7	48	5	22	39	20	6	57	A AA A AA AA AB	
573	124	mars	26	146	214	6	57	49	5	25	39	1	7	4	A AA A AA AA AA	
573	124	mars	27	147	213	6	47	50	5	28	38	40	7	11	A AA A AA AA AA	
573	124	mars	28	148	212	6	37	50	5	30	38	16	7	17	A AA A AA AA AA	
573	124	mars	29	149	211	6	27	51	5	32	37	51	7	24	A AA A AA AB AA	
573	124	mars	30	150	210	6	16	51	5	34	37	25	7	31	A AA A AA AA AA	
574	125	mars	1	151	209	6	5	52	5	36	36	57	7	36	E EE B EE EE AA	
574	125	mars	2	152	208	5	54	52	5	37	36	26	7	41	A AB E AA BA AA	
574	125	mars	3	153	207	5	43	53	5	38	35	52	7	45	A AA A AA BA AA	
574	125	mars	4	154	206	5	32	53	5	38	35	15	7	50	B AB E AA BB AA	
574	125	mars	5	155	205	5	20	54	5	38	34	35	7	54	A BA E AA BB EE	
574	125	mars	6	156	204	5	9	55	5	38	33	53	7	58	B AB A EE AA EE	
574	125	mars	7	157	203	4	57	55	5	37	33	7	8	0	B BB A AB AA AA	
574	125	mars	8	158	202	4	45	56	5	36	32	20	8	2	A AA B AA BA BA	
574	125	mars	9	159	201	4	32	56	5	34	31	30	8	3	A AA B AB AA AA	
574	125	mars	10	160	200	4	20	57	5	30	30	36	8	2	B AA A AA AB BA	
574	125	mars	11	161	199	4	8	57	5	25	29	38	8	0	B AA B AA BB AA	
574	125	mars	12	162	198	3	55	57	5	18	28	35	7	59	B AA B BB AA AA	
574	125	mars	13	163	197	3	43	58	5	10	27	28	7	57	A BB A EE EE AB	
574	125	mars	14	164	196	3	31	58	5	1	25	16	7	53	A AA B AA EE AA	
574	125	mars	15	165	195	3	18	58	4	52	24	3	7	47	B AA B AB EE AA	
574	125	mars	16	166	194	3	5	58	4	41	23	45	7	37	E EE A AA EE AB	
574	125	mars	17	167	193	2	52	58	4	30	22	24	7	23	B AB A BA EE AB	
574	125	mars	18	168	192	2	39	59	4	18	21	0	7	6	B BB B AA AA AB	
574	125	mars	19	169	191	2	26	59	4	4	19	0	6	45	B AA B AA EE BA	
574	125	mars	20	170	190	2	13	59	3	48	18	1	6	22	A AA B AB AA BB	
574	125	mars	21	171	189	1	59	59	3	32	16	25	5	57	A AB A AA AA AA	
574	125	mars	22	172	188	1	46	59	3	12	14	45	5	30	A AB B AA AA AA	
574	125	mars	23	173	187	1	33	59	2	51	13	1	5	0	A AB B AA AA AA	
574	125	mars	24	174	186	1	20	59	2	26	11	14	4	26	A AA B EE AA AB	
574	125	mars	25	175	185	1	7	59	2	3	9	26	3	47	A AA B EE BA AA	
574	125	mars	26	176	184	0	54	60	1	40	7	37	3	7	B AB B AB AA AA	
574	125	mars	27	177	183	0	40	60	1	17	5	45	2	23	A BA B AA AB AA	
574	125	mars	28	178	182	0	27	60	0	51	3	52	1	35	A AA B BA AB AA	
574	125	mars	29	179	181	0	14	60	0	26	1	57	0	48	A BA A BB AB AA	
574	125	mars	30	180	180	0	0	60	0	0	0	0	0	0	A AA B AA AA AB	
575	126	ven	1	1	359	0	2	60	0	0	0	26	0	0	B BA A BA AA BA	
575	126	ven	2	2	358	0	4	60	0	1	0	51	0	1	A AA B AA AA BA	
575	126	ven	3	3	357	0	6	60	0	1	1	16	0	1	A AB A AA AA AA	
575	126	ven	4	4	356	0	8	60	0	1	1	41	0	1	A AA A AA AA AA	
575	126	ven	5	5	355	0	10	60	0	1	2	6	0	2	A AA A AA AA AA	
575	126	ven	6	6	354	0	12	60	0	1	2	31	0	2	A AA B AA AA AA	
575	126	ven	7	7	353	0	14	60	0	1	2	56	0	2	A AA B AA AB AA	
575	126	ven	8	8	352	0	16	59	0	2	3	21	0	3	A AA A AA AA AA	
575	126	ven	9	9	351	0	18	59	0	2	3	46	0	3	B AA A AA AB EE	
575	126	ven	10	10	350	0	19	59	0	2	4	11	0	3	A AA A AA AA AA	
575	126	ven	11	11	349	0	21	59	0	3	4	36	0	4	A AA B AA AB BA	
575	126	ven	12	12	348	0	23	59	0	3	5	1	0	4	E BA B AA AA AA	
575	126	ven	13	13	347	0	25	58	0	3	5	26	0	4	A AB A AA AA AA	
575	126	ven	14	14	346	0	27	58	0	4	5	51	0	5	E AA A AA BB AA	
575	126	ven	15	15	345	0	29	58	0	4	6	16	0	5	B AA B AA AA AA	
575	126	ven	16	16	344	0	31	58	0	4	6	41	0	5	B AA A AA AA AA	
575	126	ven	17	17	343	0	33	57	0	5	7	6	0	6	E AA A AA AA AB	
575	126	ven	18	18	342	0	35	57	0	5	7	31	0	6	B AA A AA AA BB	
575	126	ven	19	19	341	0	37	57	0	5	7	56	0	6	A AA A BA AB AA	
575	126	ven	20	20	340	0	39	57	0	6	8	21	0	7	B AB A BB BA AA	
575	126	ven	21	21	339	0	41	56	0	6	8	46	0	7	A AA B EE AA AA	
575	126	ven	22	22	338	0	43	56	0	6	9	11	0	7	A BA B BB AA BA	
575	126	ven	23	23	337	0	45	56	0	7	9	36	0	8	A AA B BA BA AA	
575	126	ven	24	24	336	0	47	55	0	7	10	1	0	8	B AB A BA AA AB	
575	126	ven	25	25	335	0	49	55	0	7	10	26	0	8	A AB A AA AA AB	
575	126	ven	26	26	334	0	51	55	0	8	10	51	0	9	A AA A AA AB AA	
575	126	ven	27	27	333	0	52	54	0	8	11	16	0	9	A AA B AA AA AB	
575	126	ven	28	28	332	0	54	54	0	8	11	41	0	9	B AB B BB AA AB	
575	126	ven	29	29	331	0	56	53	0	9	12	6	0	10	A AB A BB AA AA	
575	126	ven	30	30	330	0	58	52	0	9	12	30	0	10	A BA A EE AB AA	
576	127	ven	1	31	329	0	59	51	0	9	12	55	0	10	B AA A BA BA BA	
576	127	ven	2	32	328	1	1	51	0	10	13	20	0	11	B AA A AA AA AA	
576	127	ven	3	33	327	1	3	50	0	10	13	44	0	11	A AA A AA AA AA	
576	127	ven	4	34	326	1	5	50	0	10	14	9	0	11	A AA A AB BA AA	
576	127	ven	5	35	325	1	6	49	0	11	14	34	0	12	A AB B AA AA AA	
576	127	ven	6	36	324	1	8	49	0	11	14	58	0	12	B AA A AA AA AA	
576	127	ven	7	37	323	1	10	48	0	11	15	23	0	12	B AA A AA AA AA	
576	127	ven	8	38	322	1	11	48	0	12	15	48	0	12	A AA A AA AA AA	
576	127	ven	9	39	321	1	13	47	0	12	16	12	0	13	A AA B AA AA AA	
576	127	ven	10	40	320	1	15	46	0	12	16	37	0	13	A AA A AA AA AA	
576	127	ven	11	41	319	1	16	46	0	13	17	1	0	13	A AA A AA AA AA	
576	127	ven	12	42	318	1	18	45	0	13	17	25	0	13	A AA A AA AA BB	
576	127	ven	13	43	317	1	19	44	0	13	17	50	0	14	A AA A AA AB AA	
576	127	ven	14	44	316	1	21	44	0	14	18	14	0	14	A AA A AA AA AA	
576	127	ven	15	45	315	1	22	43	0	14	18	38	0	14	B AA A AA AA AA	
576	127	ven	16	46	314	1	24	42	0	14	19	3	0	15	A AA A AA AA AA	
576	127	ven	17	47	313	1	25	42	0	15	19	27	0	15	A AA A AA BB AA	
576	127	ven	18	48	312	1	26	41	0	15	19	51	0	15	A AA A AA BB AA	
576	127	ven	19	49	311	1	28	40	0	15	20	15	0	16	A AA A AA AA AA	
576	127	ven	20	50	310	1	29	40	0	16	20	39	0	16	A AB A AA AA AA	
576	127	ven	21	51	309	1	31	39	0	16	21	3	0	16	A AB A BA AA AA	
576	127	ven	22	52	308	1	32	38	0	16	21	27	0	17	A AA A AA AA AA	
576	127	ven	23	53	307	1	33	37	0	17	21	51	0	17	A AA A BA AA AA	
576	127	ven	24	54	306	1	34	36	0	17	22	15	0	17	A AA A AA AB AA	
576	127	ven	25	55	305	1	36	35	0	17	22	39	0	18	A AA A AA AA AA	
576	127	ven	26	56	304	1	37	34	0	18	23	3	0	18	A AA A AA AA AA	
576	127	ven	27	57	303	1	38	33	0	18	23	27	0	18	A AA A AA AA AA	
576	127	ven	28	58	302	1	39	32	0	18	23	51	0	19	A AA A AA AA AA	
576	127	ven	29	59	301	1	40	31	0	19	24	15	0	19	A AA A AB BA AA	
576	127	ven	30	60	300	1	41	30	0	19	24	38	0	19	A AA A AA AA AA	
577	128	ven	1	61	299	1	42	29	0	19	25	2	0	19	B AA B AA AA BA	
577	128	ven	2	62	298	1	43	28	0	20	25	25	0	20	A AA A AA AB AA	
577	128	ven	3	63	297	1	44	27	0	20	25	48	0	20	A AA A AA AA AA	
577	128	ven	4	64	296	1	45	26	0	21	26	11	0	21	A AB A BB AA AA	
577	128	ven	5	65	295	1	46	25	0	21	26	34	0	21	A AA A AA AB AA	
577	128	ven	6	66	294	1	47	24	0	21	26	57	0	22	A AA A AA AA AA	
577	128	ven	7	67	293	1	48	23	0	22	27	20	0	22	A AA A AA AA AA	
577	128	ven	8	68	292	1	49	22	0	22	27	43	0	23	A AB A AA AA AA	
577	128	ven	9	69	291	1	50	21	0	23	28	6	0	24	A AA A AA AB AA	
577	128	ven	10	70	290	1	51	20	0	23	28	29	0	24	B AA A AA AA AA	
577	128	ven	11	71	289	1	51	19	0	24	28	52	0	25	B AA A AB AA AA	
577	128	ven	12	72	288	1	52	18	0	24	29	14	0	26	A AA A BA AA AA	
577	128	ven	13	73	287	1	53	16	0	24	29	37	0	26	A AA A AB AA AA	
577	128	ven	14	74	286	1	54	15	0	25	29	59	0	27	A AA A AA AB AA	
577	128	ven	15	75	285	1	55	14	0	25	30	21	0	28	B AA A AA AA AA	
577	128	ven	16	76	284	1	55	13	0	25	30	43	0	28	B BB A AB AA AA	
577	128	ven	17	77	283	1	56	12	0	26	31	5	0	29	A AA A AB AA AA	
577	128	ven	18	78	282	1	56	11	0	26	31	27	0	30	B AB A AB AA AA	
577	128	ven	19	79	281	1	57	10	0	27	31	49	0	30	A AA A BA AA AA	
577	128	ven	20	80	280	1	57	9	0	27	32	11	0	31	A AA B AA AA AA	
577	128	ven	21	81	279	1	58	8	0	28	32	33	0	31	A AA A AA AB AA	
577	128	ven	22	82	278	1	58	7	0	28	32	55	0	31	A AA A AA AA AA	
577	128	ven	23	83	277	1	58	6	0	29	33	17	0	32	A AA E AB AA AA	
577	128	ven	24	84	276	1	59	5	0	30	33	38	0	32	A AA A AA AA AA	
577	128	ven	25	85	275	1	59	4	0	30	34	0	0	32	A AB A AA AA AB	
577	128	ven	26	86	274	1	59	3	0	31	34	21	0	33	A AA A AA AA AB	
577	128	ven	27	87	273	1	59	2	0	32	34	42	0	33	A AB A AA BB AA	
577	128	ven	28	88	272	1	59	1	0	32	35	3	0	34	A AB A AA AA AB	
577	128	ven	29	89	271	1	59	1	0	33	35	24	0	34	A AA A AA AA AA	
577	128	ven	30	90	270	1	59	2	0	34	35	44	0	35	B AB E AA AA AA	
578	129	ven	1	91	269	1	59	3	0	34	36	4	0	36	B AB A AA AA AA	
578	129	ven	2	92	268	1	59	4	0	35	36	24	0	36	A AB A AA AA AA	
578	129	ven	3	93	267	1	59	5	0	35	36	44	0	37	A AA A AA AA AA	
578	129	ven	4	94	266	1	59	5	0	36	37	4	0	37	A AA A AA AA AA	
578	129	ven	5	95	265	1	59	6	0	36	37	24	0	38	B AA A AA AA AA	
578	129	ven	6	96	264	1	59	7	0	37	37	43	0	38	A AB A AA AA AA	
578	129	ven	7	97	263	1	59	8	0	37	38	2	0	39	B AA B AA AA AA	
578	129	ven	8	98	262	1	58	9	0	38	38	21	0	40	A AA B AA AA AA	
578	129	ven	9	99	261	1	58	10	0	38	38	40	0	40	B AA A AA BA AA	
578	129	ven	10	100	260	1	58	11	0	39	38	59	0	41	A AA A AA AA AA	
578	129	ven	11	101	259	1	58	12	0	39	39	17	0	42	B AA A AA AA AA	
578	129	ven	12	102	258	1	57	13	0	40	39	35	0	43	A AA A AA AA AA	
578	129	ven	13	103	257	1	57	14	0	40	39	53	0	43	B AA A AB AB AA	
578	129	ven	14	104	256	1	56	15	0	41	40	11	0	44	A AA A AA AA AA	
578	129	ven	15	105	255	1	56	16	0	42	40	29	0	45	A AB A AA AA AB	
578	129	ven	16	106	254	1	55	17	0	43	40	46	0	45	B BB A AA AA AA	
578	129	ven	17	107	253	1	55	18	0	43	41	3	0	46	A AA A AA AA AA	
578	129	ven	18	108	252	1	54	19	0	44	41	20	0	47	A AB A AB AA AA	
578	129	ven	19	109	251	1	54	20	0	45	41	37	0	47	A AB B AA AA AA	
578	129	ven	20	110	250	1	53	21	0	45	41	53	0	48	A AB A AA AA AA	
578	129	ven	21	111	249	1	53	22	0	46	42	9	0	49	A AA A AA AB AA	
578	129	ven	22	112	248	1	52	23	0	47	42	24	0	50	A AA A AA AA AA	
578	129	ven	23	113	247	1	51	24	0	48	42	39	0	51	A AB A AA AA AA	
578	129	ven	24	114	246	1	50	25	0	49	42	53	0	52	A AB A AA AA AA	
578	129	ven	25	115	245	1	50	26	0	50	43	7	0	52	A AA A AA AA AA	
578	129	ven	26	116	244	1	49	27	0	51	43	21	0	53	A AA A AA AA AA	
578	129	ven	27	117	243	1	48	28	0	52	43	35	0	54	A AA A AA AA AB	
578	129	ven	28	118	242	1	47	29	0	53	43	48	0	55	B AA A AA AA AA	
578	129	ven	29	119	241	1	46	30	0	54	44	1	0	56	B AA A AB BA AB	
578	129	ven	30	120	240	1	45	31	0	55	44	13	0	57	B AA A AA EE AA	
579	130	ven	1	121	239	1	44	31	0	55	44	25	0	58	B AB A AA AA AA	
579	130	ven	2	122	238	1	43	32	0	57	44	36	0	59	A AA A BA AA AA	
579	130	ven	3	123	237	1	42	33	0	58	44	47	1	0	A AA A AA AA AA	
579	130	ven	4	124	236	1	41	33	0	59	44	57	1	1	A AA A AA AA AA	
579	130	ven	5	125	235	1	40	34	1	0	45	6	1	2	A AA A AA AA AA	
579	130	ven	6	126	234	1	38	35	1	1	45	15	1	4	B EE A AA AA AA	the 8 of 1° 38′ (column III) is printed damaged
579	130	ven	7	127	233	1	37	36	1	1	45	21	1	5	A AA A AA AA AA	
579	130	ven	8	128	232	1	36	37	1	2	45	27	1	6	A AA A AA BA AA	
579	130	ven	9	129	231	1	35	38	1	3	45	33	1	8	A AA A AA AA AA	
579	130	ven	10	130	230	1	33	39	1	4	45	39	1	9	A AA A AA AA AA	
579	130	ven	11	131	229	1	32	39	1	5	45	45	1	10	B AA B AA BA AA	
579	130	ven	12	132	228	1	31	40	1	6	45	50	1	11	A AA A AA AA AA	
579	130	ven	13	133	227	1	29	40	1	7	45	54	1	12	A AA A AA AB AA	
579	130	ven	14	134	226	1	28	41	1	9	45	57	1	13	A AA A AA AA AA	
579	130	ven	15	135	225	1	27	42	1	10	45	59	1	15	A AA A AA AA AA	
579	130	ven	16	136	224	1	25	42	1	11	45	59	1	16	A AA A AA AA AA	
579	130	ven	17	137	223	1	23	43	1	12	45	58	1	17	A AA B AA AB AA	
579	130	ven	18	138	222	1	22	44	1	13	45	57	1	19	A AA A AA AA AA	
579	130	ven	19	139	221	1	20	44	1	15	45	55	1	20	A AA B AA AA AA	
579	130	ven	20	140	220	1	19	45	1	17	45	51	1	21	A AA B AA BA AA	
579	130	ven	21	141	219	1	17	46	1	19	45	46	1	23	A AA A BA AA AA	
579	130	ven	22	142	218	1	15	46	1	21	45	39	1	24	A AA A AA AA AB	
579	130	ven	23	143	217	1	14	47	1	23	45	31	1	25	A AA A EE AA AA	
579	130	ven	24	144	216	1	12	48	1	25	45	21	1	27	A AA A AA AB AA	
579	130	ven	25	145	215	1	10	48	1	27	45	9	1	28	A AA A AA AB AB	
579	130	ven	26	146	214	1	9	49	1	28	44	55	1	30	B AA A AA AB AA	
579	130	ven	27	147	213	1	7	50	1	29	44	39	1	32	A AA A AA BA AB	
579	130	ven	28	148	212	1	5	50	1	31	44	21	1	34	A AA A AA BA AA	
579	130	ven	29	149	211	1	3	51	1	33	44	1	1	36	A AA A AA BA AA	
579	130	ven	30	150	210	1	1	52	1	35	43	39	1	38	A AA B AA AA AB	
580	131	ven	1	151	209	0	59	52	1	35	43	15	1	40	B BB A AB AA AB	
580	131	ven	2	152	208	0	58	53	1	36	42	48	1	42	A AA A AB AA EE	
580	131	ven	3	153	207	0	56	54	1	37	42	18	1	45	A AA B AA AA AA	
580	131	ven	4	154	206	0	54	54	1	38	41	45	1	46	A BB A AA BB EE	
580	131	ven	5	155	205	0	52	55	1	39	41	8	1	47	A EE A AB AA AA	
580	131	ven	6	156	204	0	50	55	1	39	40	28	1	48	B AA A AA AA EE	
580	131	ven	7	157	203	0	48	56	1	40	39	46	1	49	A AB B AA BA AB	
580	131	ven	8	158	202	0	46	56	1	40	38	58	1	50	A AA E AA BA AA	the 6 of 56 (column IV) is printed damaged
580	131	ven	9	159	201	0	44	56	1	41	38	7	1	51	A AA A AA AA AA	
580	131	ven	10	160	200	0	42	57	1	41	37	12	1	51	A AA A AA AA AA	
580	131	ven	11	161	199	0	40	57	1	42	36	12	1	52	B AB B AA AA AA	
580	131	ven	12	162	198	0	38	57	1	42	35	7	1	52	A AA A AA AA AA	
580	131	ven	13	163	197	0	36	57	1	41	33	58	1	52	A AA A AA BA AA	
580	131	ven	14	164	196	0	34	58	1	40	32	44	1	51	B AA A AA AA AA	
580	131	ven	15	165	195	0	32	58	1	38	31	24	1	50	B AA A AA AA AA	
580	131	ven	16	166	194	0	30	58	1	36	29	58	1	48	A AA A AB AA AA	
580	131	ven	17	167	193	0	28	58	1	34	28	25	1	45	A AB A AA BA AA	
580	131	ven	18	168	192	0	26	58	1	31	26	46	1	43	B AA A AA AB AA	
580	131	ven	19	169	191	0	24	59	1	28	25	2	1	38	A AB B AA BA AA	
580	131	ven	20	170	190	0	21	59	1	24	23	12	1	33	B AB B AB AA AA	
580	131	ven	21	171	189	0	19	59	1	19	21	15	1	27	A BA B AB AB AA	
580	131	ven	22	172	188	0	17	59	1	12	19	11	1	21	A AA B AA BA AA	
580	131	ven	23	173	187	0	15	59	1	4	17	2	1	14	A AA B AA AA AA	
580	131	ven	24	174	186	0	13	59	0	56	14	47	1	7	E EE B EE BA AA	
580	131	ven	25	175	185	0	11	60	0	48	12	27	0	57	B AA A EE AA AB	
580	131	ven	26	176	184	0	9	60	0	40	10	5	0	46	B AA A AB AA AA	
580	131	ven	27	177	183	0	6	60	0	31	7	38	0	35	A AA A AA AA AB	
580	131	ven	28	178	182	0	4	60	0	21	5	9	0	24	A AA B AA AA AA	
580	131	ven	29	179	181	0	2	60	0	11	2	36	0	12	A AA B AA AB AA	
580	131	ven	30	180	180	0	0	60	0	0	0	0	0	0	A AA B EE AA AA	
581	132	mer	1	1	359	0	3	60	0	2	0	17	0	1	B BA A BA BA BA	
581	132	mer	2	2	358	0	6	60	0	4	0	33	0	2	A AB A AA AA AA	
581	132	mer	3	3	357	0	9	60	0	5	0	49	0	3	E AA A AA AA BA	
581	132	mer	4	4	356	0	12	59	0	7	1	6	0	4	A AA A AA AA AA	
581	132	mer	5	5	355	0	15	59	0	9	1	22	0	5	B AA A EE AA AA	
581	132	mer	6	6	354	0	17	59	0	10	1	38	0	5	A AA B AA AA AA	
581	132	mer	7	7	353	0	20	58	0	12	1	55	0	6	A AA A BA AA AA	
581	132	mer	8	8	352	0	23	58	0	14	2	11	0	7	A AA A AA AA AA	
581	132	mer	9	9	351	0	25	58	0	15	2	27	0	8	A AA B AA AA BB	
581	132	mer	10	10	350	0	28	57	0	17	2	44	0	9	B AA A AA AA BB	
581	132	mer	11	11	349	0	30	57	0	19	3	0	0	10	B BA B AA AA AA	
581	132	mer	12	12	348	0	32	57	0	20	3	16	0	11	A AA A AA AB AA	
581	132	mer	13	13	347	0	35	56	0	22	3	32	0	12	A AA B AB AA AA	
581	132	mer	14	14	346	0	38	56	0	23	3	48	0	13	B BA B AA AA AA	
581	132	mer	15	15	345	0	40	55	0	24	4	4	0	14	B AB A BA BA AA	
581	132	mer	16	16	344	0	43	55	0	26	4	21	0	15	A AA B AB AA AA	
581	132	mer	17	17	343	0	45	54	0	28	4	37	0	16	B AA A BB AB BB	
581	132	mer	18	18	342	0	47	54	0	29	4	53	0	17	B AA E BB AA AA	
581	132	mer	19	19	341	0	50	53	0	31	5	9	0	18	B BB A AA AB AB	
581	132	mer	20	20	340	0	53	53	0	33	5	25	0	19	E BA A BA AB BB	
581	132	mer	21	21	339	0	55	52	0	35	5	41	0	20	B AA A AA AA AA	
581	132	mer	22	22	338	0	58	51	0	37	5	57	0	21	B AB A AA AB AA	
581	132	mer	23	23	337	1	0	51	0	38	6	13	0	22	B AB A AA BA AB	
581	132	mer	24	24	336	1	2	50	0	39	6	29	0	23	B AA A AB BB AB	
581	132	mer	25	25	335	1	5	49	0	41	6	45	0	24	A AA B AA BA BA	
581	132	mer	26	26	334	1	8	48	0	43	7	1	0	24	B AA B BA AA AB	
581	132	mer	27	27	333	1	10	47	0	45	7	17	0	25	B AA B BA AA AA	
581	132	mer	28	28	332	1	13	46	0	46	7	33	0	26	B AA B BB AA AB	
581	132	mer	29	29	331	1	15	45	0	48	7	49	0	27	A AA A AB AB BA	
581	132	mer	30	30	330	1	17	44	0	49	8	5	0	28	A AA E AB EE AA	
582	133	mer	1	31	329	1	20	43	0	51	8	20	0	29	E BB A EE EE AB	
582	133	mer	2	32	328	1	23	42	0	53	8	35	0	30	A AB B BA EE BB	
582	133	mer	3	33	327	1	25	41	0	54	8	50	0	31	A AA A BB AB BB	
582	133	mer	4	34	326	1	28	40	0	56	9	5	0	32	B AB A AB BA BB	
582	133	mer	5	35	325	1	31	39	0	58	9	20	0	33	B AA B AB AA AA	
582	133	mer	6	36	324	1	33	38	0	59	9	36	0	34	A AB B AB BB AA	
582	133	mer	7	37	323	1	36	36	1	1	9	51	0	35	A AA A AA BA BB	
582	133	mer	8	38	322	1	38	35	1	2	10	6	0	36	A AB A AA AB EE	
582	133	mer	9	39	321	1	40	34	1	3	10	21	0	37	B AB A BA AA BA	
582	133	mer	10	40	320	1	43	33	1	5	10	36	0	38	B AB A AA AB AA	
582	133	mer	11	41	319	1	45	32	1	7	10	51	0	39	A AA A AA BA AB	
582	133	mer	12	42	318	1	47	31	1	8	11	6	0	40	A AA A AB AA AB	
582	133	mer	13	43	317	1	50	29	1	10	11	20	0	41	A AB B AB AA BA	
582	133	mer	14	44	316	1	52	28	1	12	11	35	0	42	B AA A AA AB AA	
582	133	mer	15	45	315	1	54	27	1	13	11	49	0	43	A AB A AA AB BA	
582	133	mer	16	46	314	1	57	25	1	15	12	4	0	44	A AA A AB AA AA	
582	133	mer	17	47	313	1	59	24	1	17	12	18	0	45	A AB B AA AA BA	
582	133	mer	18	48	312	2	1	23	1	18	12	33	0	45	A AA A AA AA AA	
582	133	mer	19	49	311	2	4	21	1	20	12	48	0	46	A AA A AB AB BB	
582	133	mer	20	50	310	2	6	20	1	22	13	2	0	47	B AB A AA BA BB	
582	133	mer	21	51	309	2	8	19	1	23	13	16	0	48	E AA B AB AB BB	
582	133	mer	22	52	308	2	10	17	1	25	13	30	0	49	A AA A AA AB BA	
582	133	mer	23	53	307	2	12	16	1	27	13	44	0	49	A AB B AA AA AB	
582	133	mer	24	54	306	2	14	15	1	28	13	58	0	50	B AA B AB AA BA	
582	133	mer	25	55	305	2	16	13	1	30	14	12	0	51	A AB A AB AB AB	
582	133	mer	26	56	304	2	18	12	1	32	14	26	0	52	A AA A AB AB EE	
582	133	mer	27	57	303	2	19	11	1	34	14	39	0	53	A AB A EE AB BB	
582	133	mer	28	58	302	2	21	9	1	36	14	52	0	54	B AA B AB AB BB	
582	133	mer	29	59	301	2	23	8	1	38	15	5	0	55	B AA A AA AA BB	
582	133	mer	30	60	300	2	25	7	1	39	15	18	0	56	A AA A AB AB BB	
583	134	mer	1	61	299	2	27	5	1	41	15	31	0	57	B AA A AA AA BB	
583	134	mer	2	62	298	2	29	4	1	42	15	44	0	59	B EE A AA AA AB	
583	134	mer	3	63	297	2	31	2	1	44	15	56	1	0	B BA A AA AA AA	
583	134	mer	4	64	296	2	33	1	1	46	16	9	1	1	B AA A AA AA AA	
583	134	mer	5	65	295	2	35	1	1	48	16	21	1	2	B AA A AA AA AA	
583	134	mer	6	66	294	2	36	2	1	49	16	33	1	4	B BA B AA AA AA	
583	134	mer	7	67	293	2	38	4	1	51	16	45	1	5	A AA A AA BA EE	
583	134	mer	8	68	292	2	40	6	1	53	16	57	1	6	A AA B AA AA AA	
583	134	mer	9	69	291	2	41	8	1	54	17	9	1	7	A AA A AA AA AA	
583	134	mer	10	70	290	2	43	10	1	56	17	21	1	8	B AA A AA AA AB	
583	134	mer	11	71	289	2	44	12	1	58	17	32	1	9	A AA A AA AA AA	
583	134	mer	12	72	288	2	45	15	1	59	17	43	1	11	A AA A AB AA AA	
583	134	mer	13	73	287	2	47	16	2	1	17	54	1	12	A AA A AA AB AA	
583	134	mer	14	74	286	2	48	18	2	3	18	5	1	13	A AA A AA AA AA	
583	134	mer	15	75	285	2	49	20	2	4	18	16	1	14	A AA A AA AA AA	
583	134	mer	16	76	284	2	50	22	2	6	18	27	1	15	A AA B AA AA AA	
583	134	mer	17	77	283	2	51	24	2	8	18	37	1	16	A AA A AA AA AB	
583	134	mer	18	78	282	2	52	25	2	9	18	47	1	17	A AA A BA AA AA	
583	134	mer	19	79	281	2	53	26	2	11	18	57	1	18	A AA A AA AA AB	
583	134	mer	20	80	280	2	54	29	2	13	19	7	1	19	B BA A AA AA AA	
583	134	mer	21	81	279	2	55	30	2	14	19	16	1	20	A AB A AA AB AA	
583	134	mer	22	82	278	2	56	32	2	16	19	26	1	21	A EE A AA AA AA	
583	134	mer	23	83	277	2	57	34	2	18	19	35	1	22	A BA E AA BA BA	
583	134	mer	24	84	276	2	57	35	2	19	19	44	1	23	A AA A AA AB AA	
583	134	mer	25	85	275	2	58	37	2	21	19	53	1	24	A AA A AA BB AB	
583	134	mer	26	86	274	2	59	38	2	23	20	2	1	25	B AA B AA AA AB	
583	134	mer	27	87	273	2	59	40	2	24	20	10	1	26	A AB A AA AA AB	
583	134	mer	28	88	272	3	0	41	2	26	20	18	1	27	A AA A AB AA AA	
583	134	mer	29	89	271	3	0	43	2	28	20	26	1	28	A AA A AA AA AB	
583	134	mer	30	90	270	3	1	44	2	29	20	33	1	29	A AA B AB AA AA	
584	135	mer	1	91	269	3	1	46	2	31	20	40	1	30	B AA B BA AA AB	
584	135	mer	2	92	268	3	1	47	2	33	20	47	1	31	B AA A AB AA AA	
584	135	mer	3	93	267	3	2	48	2	34	20	54	1	32	B AA A BB BB AA	
584	135	mer	4	94	266	3	2	49	2	36	21	1	1	33	B AA B AB AA AA	
584	135	mer	5	95	265	3	2	50	2	38	21	7	1	34	A AA A AA AA AA	
584	135	mer	6	96	264	3	2	50	2	39	21	13	1	35	A AA A AB AA AA	
584	135	mer	7	97	263	3	2	51	2	41	21	19	1	36	B AA A AA AB AB	
584	135	mer	8	98	262	3	1	52	2	43	21	24	1	37	A AA B AB AA AA	
584	135	mer	9	99	261	3	1	53	2	44	21	29	1	38	A AA B EE AB AB	
584	135	mer	10	100	260	3	1	54	2	46	21	34	1	39	A AA B AA AA AB	
584	135	mer	11	101	259	3	0	55	2	48	21	38	1	40	B AB A BA AB AB	
584	135	mer	12	102	258	3	0	56	2	49	21	42	1	41	A AA A AB AA EE	
584	135	mer	13	103	257	2	59	56	2	50	21	46	1	42	A AA B AB AB AA	
584	135	mer	14	104	256	2	59	57	2	52	21	49	1	43	B AA B AA AB AA	
584	135	mer	15	105	255	2	58	57	2	53	21	52	1	44	A AA A AA AA AB	
584	135	mer	16	106	254	2	58	58	2	55	21	55	1	45	E AB B AA AB AB	
584	135	mer	17	107	253	2	57	58	2	57	21	57	1	45	B AA A AA BB AB	
584	135	mer	18	108	252	2	56	59	2	58	21	59	1	46	A AB B AA AB AB	
584	135	mer	19	109	251	2	55	59	3	0	22	0	1	47	B AA B AA BA AB	
584	135	mer	20	110	250	2	54	59	3	1	22	1	1	48	A EE B AA BA EE	
584	135	mer	21	111	249	2	53	59	3	2	22	2	1	49	B AB B AA AA AB	
584	135	mer	22	112	248	2	52	59	3	2	22	2	1	50	A AA A BA AA AB	
584	135	mer	23	113	247	2	51	60	3	3	22	1	1	51	A AA B AA AA AA	
584	135	mer	24	114	246	2	50	60	3	4	22	0	1	52	B AA B AA AB AA	
584	135	mer	25	115	245	2	49	60	3	5	21	59	1	53	B AA B AA AB AB	
584	135	mer	26	116	244	2	48	60	3	5	21	58	1	54	A AA A AA BB AB	
584	135	mer	27	117	243	2	46	60	3	6	21	56	1	55	A AB B EE BB AA	
584	135	mer	28	118	242	2	45	60	3	6	21	53	1	56	B BB B AB AB AB	
584	135	mer	29	119	241	2	43	60	3	7	21	50	1	56	A AB B EE AB AB	
584	135	mer	30	120	240	2	41	60	3	8	21	47	1	57	A BA B EE EE AA	
585	136	mer	1	121	239	2	39	60	3	8	21	43	1	58	B BB B AA AA AA	
585	136	mer	2	122	238	2	37	60	3	9	21	38	1	58	B AA B AA BA AA	
585	136	mer	3	123	237	2	35	60	3	9	21	33	1	59	A AA A AA AA AB	
585	136	mer	4	124	236	2	34	59	3	9	21	27	1	59	A AB A AA AA EE	
585	136	mer	5	125	235	2	32	59	3	10	21	21	2	0	A AA A AA AA AA	
585	136	mer	6	126	234	2	30	59	3	10	21	15	2	0	A AA A AA AA AA	
585	136	mer	7	127	233	2	28	58	3	11	21	8	2	0	A AA A AA AA AA	
585	136	mer	8	128	232	2	26	58	3	11	21	1	2	0	A AA A AA AA AA	
585	136	mer	9	129	231	2	24	58	3	12	20	53	2	0	A AA B AA AA AA	
585	136	mer	10	130	230	2	22	57	3	12	20	44	2	1	A AA A AA AA AA	
585	136	mer	11	131	229	2	20	57	3	12	20	35	2	1	A AA A AA AB AA	
585	136	mer	12	132	228	2	18	57	3	12	20	25	2	1	A AA A AA AA AA	
585	136	mer	13	133	227	2	16	56	3	11	20	14	2	1	A AA B AA AA AA	
585	136	mer	14	134	226	2	14	56	3	10	20	2	2	1	A AA A AA AA AA	
585	136	mer	15	135	225	2	11	56	3	9	19	50	2	1	A AA A AA AA AA	
585	136	mer	16	136	224	2	9	55	3	8	19	37	2	1	A AA B AA AA AA	
585	136	mer	17	137	223	2	7	55	3	7	19	24	2	1	B AA A AA BB AA	
585	136	mer	18	138	222	2	5	55	3	6	19	10	2	1	A AA A AB AA AA	
585	136	mer	19	139	221	2	2	54	3	5	18	55	2	1	A AB B AA AA AA	
585	136	mer	20	140	220	2	0	54	3	4	18	40	2	0	A AA B AA AA AA	
585	136	mer	21	141	219	1	57	53	3	2	18	24	2	0	A AA A AA BA AA	
585	136	mer	22	142	218	1	55	53	3	1	18	7	1	59	A AB A AA AA AA	
585	136	mer	23	143	217	1	52	52	2	59	17	50	1	58	A AA A AA AA AA	
585	136	mer	24	144	216	1	49	51	2	57	17	32	1	58	A AB A AA AA AB	
585	136	mer	25	145	215	1	47	51	2	55	17	14	1	57	A AA A BA AA AA	
585	136	mer	26	146	214	1	44	50	2	53	16	55	1	55	A AA A AA BB BB	
585	136	mer	27	147	213	1	41	50	2	51	16	35	1	53	A BB A AA BA AA	
585	136	mer	28	148	212	1	38	49	2	48	16	14	1	51	B AA E BA AB AA	
585	136	mer	29	149	211	1	34	49	2	45	15	53	1	49	A AB A AA AA AB	
585	136	mer	30	150	210	1	32	48	2	42	15	31	1	47	A AA A AA AA AA	
586	137	mer	1	151	209	1	30	48	2	39	15	10	1	45	E BA A AA AB AB	
586	137	mer	2	152	208	1	27	47	2	36	14	45	1	43	A AA B AA AA AA	
586	137	mer	3	153	207	1	24	47	2	32	14	20	1	41	A AB A AA AA AB	
586	137	mer	4	154	206	1	21	46	2	29	13	55	1	39	A AB E AA AB AA	
586	137	mer	5	155	205	1	18	46	2	25	13	29	1	37	A AA A AB AA AA	
586	137	mer	6	156	204	1	15	45	2	21	13	3	1	35	B AA A AA AA AA	
586	137	mer	7	157	203	1	12	45	2	17	12	36	1	32	A AA A AA AB AA	
586	137	mer	8	158	202	1	9	44	2	13	12	9	1	29	A AB A AA AA AA	
586	137	mer	9	159	201	1	6	43	2	9	11	41	1	26	B AA E AA AA AA	
586	137	mer	10	160	200	1	3	43	2	5	11	12	1	23	A AA A AA AA AA	
586	137	mer	11	161	199	1	0	43	2	0	10	43	1	20	B AA B AA AA AA	
586	137	mer	12	162	198	0	57	42	1	55	10	13	1	17	B AA A AA AA AA	
586	137	mer	13	163	197	0	54	42	1	50	9	43	1	14	A AB A AA AB AA	
586	137	mer	14	164	196	0	51	42	1	44	9	12	1	11	A AA A AB AA AA	
586	137	mer	15	165	195	0	48	41	1	38	8	40	1	7	A AA A AA AA AA	
586	137	mer	16	166	194	0	45	41	1	32	8	7	1	4	A AA A AB AA AA	
586	137	mer	17	167	193	0	42	41	1	26	7	34	1	0	A AA A AA AB AA	
586	137	mer	18	168	192	0	39	41	1	19	7	1	0	56	A AA A AB AA AA	
586	137	mer	19	169	191	0	35	40	1	13	6	27	0	52	B AB A AA AA AA	
586	137	mer	20	170	190	0	32	40	1	7	5	53	0	47	A AB A AA AA AA	
586	137	mer	21	171	189	0	28	40	1	1	5	19	0	42	A AA A AA AA AA	
586	137	mer	22	172	188	0	25	40	0	55	4	45	0	38	A AB A AA AA AA	
586	137	mer	23	173	187	0	22	40	0	49	4	10	0	33	A AA A AA AA AA	
586	137	mer	24	174	186	0	19	40	0	42	3	35	0	28	A AA A AA AA AA	
586	137	mer	25	175	185	0	16	40	0	35	3	0	0	24	A AB A AA AA AA	
586	137	mer	26	176	184	0	13	40	0	28	2	24	0	19	B AA A AA AB AA	
586	137	mer	27	177	183	0	9	40	0	21	1	48	0	14	A AB A BA AA AA	
586	137	mer	28	178	182	0	6	40	0	14	1	12	0	10	A AA B AA AA AA	
586	137	mer	29	179	181	0	3	40	0	7	0	36	0	5	A AA A AA AA AA	
586	137	mer	30	180	180	0	0	40	0	0	0	0	0	0	A AA A AA AB BB	
