crop_box_pixels	decoded_path	decoded_sha256	description	insertion_status	limitation	object_id	operations	page	pdf_rect_pt	pixel_equivalence_verified	presentation_path	presentation_pixels	presentation_sha256	raw_path	raw_sha256	role	source_dpi	source_image_pixels	source_xref
[0, 312, 2491, 2766]	source/raw/AB01-PDF0002-F01-decoded.png	b362803d6e5df4df4a8ea314acef19bc0f23190d050e4bf3a9637331b5c4555e	Astronomical frontispiece: surviving raster panel	included	The source itself clips the diagram at panel and side edges. Missing content is not reconstructed. Only solid provider title/UI bands are removed.	AB01-PDF0002-F01	"[""Decode original JPX without modifying RGB samples"", ""Crop native pixel rectangle [0,312,2491,2766); no resampling, deskew, levels or inpainting""]"	2	[0, 74.88, 597.84, 663.84]	True	source/presentation/AB01-PDF0002-F01.png	[2491, 2454]	5bd4b05c06958fac964c5235bb93b754caf1b3fafb339e9ecaf52a58ac8ba214	source/raw/AB01-PDF0002-F01-original.jpx	3f9529b6854a61d90e2caea7d07724cbbd7ca8fd1cc2e0518271c8d867d0af1a	NALLINO_APPARATUS	[300, 300]	[2491, 3702]	22
[1033, 2225, 1284, 2359]			Native-pixel evidence for resolved Arabic reading والعداوة	evidence only; encoding resolved after native-pixel replay	No image placeholder remains in the final reader for this word.	AB01-PDF0020-G01	"[""Crop decoded highest-resolution page image on integer pixel bounds"", ""Presentation copy identical to raw crop; no retouching or interpolation""]"	20	[124, 267, 154, 283]	True	source/presentation/AB01-PDF0020-G01.png	[251, 134]	25d3578fbf60a6d8e76e805c8d53e62643379c13b63e567173bb6107cd6ae424	source/raw/AB01-PDF0020-G01-raw.png	25d3578fbf60a6d8e76e805c8d53e62643379c13b63e567173bb6107cd6ae424	NALLINO_APPARATUS	[600.0, 600.0]	[5140, 7414]	155
[4258, 4941, 4392, 5042]			Native-pixel evidence for resolved Arabic consonantal reading ثبت	evidence only; encoding resolved after native-pixel replay	No image placeholder remains in the final reader for this word.	AB01-PDF0041-G01	"[""Crop decoded highest-resolution page image on integer pixel bounds"", ""Presentation copy identical to raw crop; no retouching or interpolation""]"	41	[511, 593, 527, 605]	True	source/presentation/AB01-PDF0041-G01.png	[134, 101]	634f426a2b231485d6aa07abafeeb5889df5939cf2a0641ec5bc17f4372f774a	source/raw/AB01-PDF0041-G01-raw.png	634f426a2b231485d6aa07abafeeb5889df5939cf2a0641ec5bc17f4372f774a	NALLINO_APPARATUS	[600.0, 600.0]	[5140, 7404]	303
[2341, 3191, 2426, 3351]			Orthographic sign: exact-source glyph fallback, probable alif with waslah	included	Unresolved encoding is not supplied conjecturally.	AB01-PDF0070-G01	"[""Crop decoded highest-resolution page image on integer pixel bounds"", ""Presentation copy identical to raw crop; no retouching or interpolation""]"	70	[281, 383, 291, 402]	True	source/presentation/AB01-PDF0070-G01.png	[85, 160]	bb895a2f490ba8709a130232554fcea9572d859b26bae55c65f388597a00b794	source/raw/AB01-PDF0070-G01-raw.png	bb895a2f490ba8709a130232554fcea9572d859b26bae55c65f388597a00b794	NALLINO_APPARATUS	[600.0, 600.0]	[5140, 7388]	510
[700, 991, 4267, 1217]			Preface head ornament	included		AB01-PDF0016-F01	"[""Crop decoded highest-resolution page image on integer pixel bounds"", ""Presentation copy identical to raw crop; no retouching or interpolation""]"	16	[84, 119, 512, 146]	True	source/presentation/AB01-PDF0016-F01.png	[3567, 226]	1ecb23fd0ea9149185d300690dd87b45f6297531aca3a5bd8afd3c4a110ce80c	source/raw/AB01-PDF0016-F01-raw.png	1ecb23fd0ea9149185d300690dd87b45f6297531aca3a5bd8afd3c4a110ce80c	NALLINO_APPARATUS	[600.0, 600.0]	[5140, 7398]	126
[1458, 4100, 1701, 4251]			Syriac toponym: exact glyph fallback; Unicode reading unresolved	included	Unresolved encoding is not supplied conjecturally.	AB01-PDF0022-G01	"[""Crop decoded highest-resolution page image on integer pixel bounds"", ""Presentation copy identical to raw crop; no retouching or interpolation""]"	22	[175, 492, 204, 510]	True	source/presentation/AB01-PDF0022-G01.png	[243, 151]	76fc3c3d1ef1c4bd7dc6474cdbb750a81a9135c911a48edb60466b572ad46c8d	source/raw/AB01-PDF0022-G01-raw.png	76fc3c3d1ef1c4bd7dc6474cdbb750a81a9135c911a48edb60466b572ad46c8d	NALLINO_APPARATUS	[600.0, 600.0]	[5140, 7390]	169
[970, 1883, 1576, 1930]			Bibliography terminal ornament	included		AB01-PDF0078-F01	"[""Crop decoded highest-resolution page image on integer pixel bounds"", ""Presentation copy identical to raw crop; no retouching or interpolation""]"	78	[233, 452, 378, 463]	True	source/presentation/AB01-PDF0078-F01.png	[606, 47]	92060f5b13b2af3fd4fcc3dfb734adac8fd2de1c988c5a7afd6a687dc9a48ddd	source/raw/AB01-PDF0078-F01-raw.png	92060f5b13b2af3fd4fcc3dfb734adac8fd2de1c988c5a7afd6a687dc9a48ddd	NALLINO_APPARATUS	[300.0, 300.0]	[2570, 3700]	566
[1275, 1399, 1501, 1525]			Corrigendum 175 note 9: original Arabic lemma	included	Unresolved encoding is not supplied conjecturally.	AB01-PDF0082-G01	"[""Crop decoded highest-resolution page image on integer pixel bounds"", ""Presentation copy identical to raw crop; no retouching or interpolation""]"	82	[153, 168, 180, 183]	True	source/presentation/AB01-PDF0082-G01.png	[226, 126]	2f32201596c243c157e83fb66567801803882e2e1bacb4d0376cef5c13767691	source/raw/AB01-PDF0082-G01-raw.png	2f32201596c243c157e83fb66567801803882e2e1bacb4d0376cef5c13767691	NALLINO_APPARATUS	[600.0, 600.0]	[5140, 7386]	595
[1608, 1399, 1826, 1525]			Corrigendum 175 note 9: corrected Arabic lemma	included	Unresolved encoding is not supplied conjecturally.	AB01-PDF0082-G02	"[""Crop decoded highest-resolution page image on integer pixel bounds"", ""Presentation copy identical to raw crop; no retouching or interpolation""]"	82	[193, 168, 219, 183]	True	source/presentation/AB01-PDF0082-G02.png	[218, 126]	bf256eb44aa2ffea252cfd62a7849ac06056a49bce659dd5fccde12b7d065a98	source/raw/AB01-PDF0082-G02-raw.png	bf256eb44aa2ffea252cfd62a7849ac06056a49bce659dd5fccde12b7d065a98	NALLINO_APPARATUS	[600.0, 600.0]	[5140, 7386]	595
[2041, 4458, 3292, 4534]			Addenda terminal ornament	included		AB01-PDF0089-F01	"[""Crop decoded highest-resolution page image on integer pixel bounds"", ""Presentation copy identical to raw crop; no retouching or interpolation""]"	89	[245, 535, 395, 544]	True	source/presentation/AB01-PDF0089-F01.png	[1251, 76]	aacaba385dfb9c1379ba44f102b3a4b6ddb50a44d057c7ba612078af48aa2725	source/raw/AB01-PDF0089-F01-raw.png	aacaba385dfb9c1379ba44f102b3a4b6ddb50a44d057c7ba612078af48aa2725	NALLINO_APPARATUS	[600.0, 600.0]	[5012, 7426]	646
