corrigendum_id	printed_target	target_layer	target_anchors	source_line_ids	source_pages	source_entry_lines	routing_status	canonical_Arabic_change
S01-E001	VIII	Part I Nallino apparatus	"[""AB01-PDF0017""]"	"[""AB01-PDF0079-body-L002"", ""AB01-PDF0079-body-L003"", ""AB01-PDF0079-body-L004"", ""AB01-PDF0079-body-L005"", ""AB01-PDF0079-body-L006"", ""AB01-PDF0079-body-L007"", ""AB01-PDF0079-body-L008"", ""AB01-PDF0079-body-L009"", ""AB01-PDF0079-body-L010"", ""AB01-PDF0079-body-L011"", ""AB01-PDF0079-body-L012"", ""AB01-PDF0079-body-L013"", ""AB01-PDF0079-body-L014"", ""AB01-PDF0079-body-L015"", ""AB01-PDF0079-body-L016"", ""AB01-PDF0079-body-L017"", ""AB01-PDF0079-body-L018""]"	[79]	"[""Pag. VIII: Dimidia fere pars praefationis iam impressa erat, cum prodiit <n>Ibn al-Qifṭī’s</n> <i>Ta’-"", ""rīḫ al-ḥukamā’ herausgegeben von J. Lippert</i>, Leipzig 1903; dolendum est quod saepe"", ""editor varias lectiones et additamenta codicum indicare negligat. In Albatenii vita, p. 280–"", ""–281, post verba « [cognomine] al-Battānī notus » haec adduntur, procul dubio in per-"", ""paucis codicibus exstantia (cfr. <n>Chwolsohn</n>, I, 611, adn. 1): « et in libro iudicis Ṣā‘id"", ""« al-Andalusī est <i>Abū Ǵa‘far</i> Muḥammad <i>ibn Sinān ibn Ǵābir</i> al-Ḥarrānī, [cognomine]"", ""« al-Battānī notus ». Post illa « eorum motibus investigandis adaequaverit » editio Lippert"", ""praebet etiam: « Studium praeterea in iudiciis astrorum collocaverat, quod eum impulit"", ""« ad [libros] de hac re conscribendos; ex eius scriptis de [iudiciis] illis est liber ad ex-"", ""« plicandam Tetrabiblum Ptolemaei ». Editio Lippert demum lectionem libri <i>al-Fihrist</i>"", ""sequitur quam p. VIII, adn. 8 memoravi."", ""Nomen Abū Ǵa‘far pro Abū ‘Abd Allāh etiam in vita Abū Ma‘shar (<n>Ibn al-Qifṭī</n>"", ""ed. Lippert p. 153) occurrit, probabiliter ex eiusdem Ṣā‘id al-Andalusī (de quo p. IX, adn. 4,"", ""dixi) auctoritate. Ut videtur, false; nam Abū ‘Abd Allāh non solum reliqui biographi, sed"", ""etiam <n>al-Mas‘ūdī</n>, <i>Prairies</i>, IX, 49, et <n>Ibn Yūnus</n>, introd. (apud <n>Caussin</n>, p. 72),"", ""confirmant. Perperam etiam nomina Sinān et Ǵābir apud Ṣā‘id esse transposita, latissime"", ""e concorde tot Arabicorum scriptorum traditione apparet.""]"	REGISTERED_NOT_APPLIED	none
S01-E002	VIII	Part I Nallino apparatus	"[""AB01-PDF0017""]"	"[""AB01-PDF0079-body-L019"", ""AB01-PDF0079-body-L020""]"	[79]	"[""VIII, adn. 7: In edit. Lippert p. 155–56. Dicitur Ibn al-Muktafī mortuus esse die Martis 4 ṣa-"", ""far 377; sed 4 ṣafar illius anni fuit die Dominica 5 Iunii 987 Chr., iuxta civilem usum.""]"	REGISTERED_NOT_APPLIED	none
S01-E003	XV	Part I Nallino apparatus	"[""AB01-PDF0024""]"	"[""AB01-PDF0079-body-L021""]"	[79]	"[""XV, adn. 3: in nonnullis exemplaribus <i>Subbī</i> et <ar>الصَّباء</ar> pro <i>Ṣubbī</i> et <ar>الصُّبَّاء</ar> impressum est.""]"	REGISTERED_NOT_APPLIED	none
S01-E004	XXIV–XXV	Part I Nallino apparatus	"[""AB01-PDF0033"", ""AB01-PDF0034""]"	"[""AB01-PDF0079-body-L022"", ""AB01-PDF0079-body-L023""]"	[79]	"[""XXIV–XXV: Non solum al-Battānī, sed etiam al-Bīrūnī in magno suo <i>Canone</i> Almagestum in"", ""compendium redegisse affirmat <n>Ibn al-Qifṭī</n> l. c. (ed. Lippert, p. 97).""]"	REGISTERED_NOT_APPLIED	none
S01-E005	XXVI	Part I Nallino apparatus	"[""AB01-PDF0035""]"	"[""AB01-PDF0079-body-L024""]"	[79]	"[""XXVI, l. 5: edit. Lippert, p. 242.""]"	REGISTERED_NOT_APPLIED	none
S01-E006	XXXIII	Part I Nallino apparatus	"[""AB01-PDF0042""]"	"[""AB01-PDF0079-body-L025""]"	[79]	"[""XXXIII, adn. 1: edit. Lippert, p. 326.""]"	REGISTERED_NOT_APPLIED	none
S01-E007	3	Part I Latin translation/notes	"[""AB01-PDF0092""]"	"[""AB01-PDF0079-body-L026""]"	[79]	"[""Pag. 3, lin. 14, pro <i>longiquitate</i> l. <i>longinquitate</i>.""]"	REGISTERED_NOT_APPLIED	none
S01-E008	6	Part I Latin translation/notes	"[""AB01-PDF0095""]"	"[""AB01-PDF0079-body-L027"", ""AB01-PDF0079-body-L028""]"	[79]	"[""6,11, pro <i>his causis antiqui diviserunt: quia.....</i> l. <i>antiqui diviserunt, pluribus impellentes"", ""causis: quia scilicet.....</i>""]"	REGISTERED_NOT_APPLIED	none
S01-E009	6	Part I Latin translation/notes	"[""AB01-PDF0095""]"	"[""AB01-PDF0079-body-L029"", ""AB01-PDF0079-body-L030"", ""AB01-PDF0079-body-L031"", ""AB01-PDF0079-body-L032"", ""AB01-PDF0079-body-L033"", ""AB01-PDF0079-body-L034"", ""AB01-PDF0079-body-L035"", ""AB01-PDF0079-body-L036"", ""AB01-PDF0079-body-L037"", ""AB01-PDF0079-body-L038"", ""AB01-PDF0080-body-L001"", ""AB01-PDF0080-body-L002"", ""AB01-PDF0080-body-L003"", ""AB01-PDF0080-body-L004"", ""AB01-PDF0080-body-L005"", ""AB01-PDF0080-body-L006"", ""AB01-PDF0080-body-L007"", ""AB01-PDF0080-body-L008"", ""AB01-PDF0080-body-L009"", ""AB01-PDF0080-body-L010"", ""AB01-PDF0080-body-L011"", ""AB01-PDF0080-body-L012""]"	[79, 80]	"[""6,32–36, ita ad verbum reddendum: <i>Significatio multiplicationis est quod sibi ipsi adiicias"", ""alterum numerorum iuxta quantitatem unitatum alterius; intelligo multiplicationem"", ""unitatum in unitates. Multiplicatio fractionum in unitates est quod sibi ipsi adiicias"", ""fractiones iuxta quantitatem unitatum, vel quod dividas unitates iuxta quantitatem"", ""fractionum ex uno. Multiplicatio fractionum in fractiones est quod dividas alteram"", ""fractionum, quamcumque volueris, iuxta quantitatem alterius fractionis ex uno.</i>"", ""Quod <i>sibi ipsi adiicere</i> verti, Arabice est <i>ḍā‘afa</i>, tum <i>duplicare</i> significans, tum"", ""quantitatem datam <i>pluries sumere</i> ut eius multiplum proveniat; cfr. lexicographorum"", ""Arabicorum definitiones apud <n>Lane</n>, <i>Arabic–english Lexicon</i>, s. v. Plato recte: <i>coacer-"", ""vatio et aggregatio</i>. Sed alii Latini interpretes aevi medii semper <i>duplicare</i> vertunt; ita"", ""<n>Algoritmi</n> [i. e. al-Khuwārizmī] <i>de numero Indorum</i>: « necesse est omni numero"", ""« qui multiplicatur in aliquo quolibet numero, ut <i>duplicetur</i> unus ex eis secundum uni-"", ""« tates alterius » (<i>Trattati d’aritmetica pubblicati da B. Boncompagni</i>, Roma 1857,"", ""p. 10). Similiter ex voce Arabica male versa factum est ut mathematici <n>Iudaei</n> XII sae-"", ""culi, sicut Abrāhām bar Ḥiyyā’ et Abrāhām Ibn ‘Ezrā, Hebraice « multiplicare » dicerent"", ""<i>kāphal</i> (i. e. duplicare), et « multiplicationem » <i>kephel</i> (i. e. duplicatio); exempla apud"", ""<n>Steinschneider</n>, <i>Abraham ibn Esra</i>, in periodico Abhandlungen zur Geschichte der"", ""Mathematik, t. III, 1880, p. 106 (adn. 179) et 113. Item usus vocis <i>kephel</i> ad adverbia mul-"", ""tiplicantia exprimenda (ut <i>volta</i> apud Italos, <i>mal</i> apud Germanos) non a verbo ipso <i>kāphal</i>"", ""ducendus, ut Steinschneider (1) putat, sed ab Arabico <i>ḍi‘f</i> « duplum rei, aut quantitas alteri"", ""datae aequalis », quod eodem sensu usurpatur; cfr. apud <n>al-Battānī</n> ipsum t. III, p. 88:"", ""<ar>وتَضَاعَفَ البُعْدُ اضْعَافًا كثيرة</ar> et <ar>اعظم منه بأضعاف مُضْعَفَة</ar> (2).""]"	REGISTERED_NOT_APPLIED	none
S01-E010	6	Part I Latin translation/notes	"[""AB01-PDF0095""]"	"[""AB01-PDF0080-body-L013""]"	[80]	"[""6,ult., pro <i>1165</i> l. <i>1135</i>.""]"	REGISTERED_NOT_APPLIED	none
S01-E011	9	Part I Latin translation/notes	"[""AB01-PDF0098""]"	"[""AB01-PDF0080-body-L014""]"	[80]	"[""9,39, pro <i>supplementaris</i> l. <i>supplementaris alterius</i>.""]"	REGISTERED_NOT_APPLIED	none
S01-E012	11	Part I Latin translation/notes	"[""AB01-PDF0100""]"	"[""AB01-PDF0080-body-L015""]"	[80]	"[""11,3 a f., pro <i>complementi</i> l. <i>dupli complementi</i>.""]"	REGISTERED_NOT_APPLIED	none
S01-E013	13	Part I Latin translation/notes	"[""AB01-PDF0102""]"	"[""AB01-PDF0080-body-L016"", ""AB01-PDF0080-body-L017"", ""AB01-PDF0080-body-L018"", ""AB01-PDF0080-body-L019"", ""AB01-PDF0080-body-L020"", ""AB01-PDF0080-body-L021"", ""AB01-PDF0080-body-L022"", ""AB01-PDF0080-body-L023"", ""AB01-PDF0080-body-L024"", ""AB01-PDF0080-body-L025""]"	[80]	"[""13, adn. 2: « Ordines » Lunae a <n>Vettio Valente</n> (de quo p. 309, adn. 5) in primo <i>Astro-"", ""logiae</i> libro, cap. <gr>περὶ εὑρέσεως βαθμῶν καὶ ἀνέμων τῆς σελήνης</gr> exhiberi, testis est <n>Cl. Sal-"", ""masius</n>, <i>De annis climactericis et antiqua astrologia diatribe</i>, Lugduni Batavorum"", ""1648, p. 61, qui non satis perspicue dicit: « <gr>Βαθμοὶ</gr> Lunae sunt qui per latitudinem Zo-"", ""« diaci numerantur, dum ea a septentrione ad meridiem meat aut a meridie rursus ad"", ""« septentrionem ascendendo et descendendo, modo ad Austrum, modo ad Aquilonem ».—"", ""Etiam apud <n>Iulianum Laodicensem</n> (<gr>Ἰουλιανὸς Λαοδικεύς</gr>), incertae inter IV et VI"", ""saec. Chr. aetatis, <gr>βαθμοί</gr> Solis, Lunae, quinque planetarum occurrunt; quanam ratione"", ""computati bene non liquet. Vide excerpta in <i>Catal. codd. astrolog. Graecorum</i>, IV (1903),"", ""p. 106–108.""]"	REGISTERED_NOT_APPLIED	none
S01-E014	29	Part I Latin translation/notes	"[""AB01-PDF0118""]"	"[""AB01-PDF0080-body-L026""]"	[80]	"[""29,36, pro <i>terrestrium</i> l. <i>terrestrium</i>.""]"	REGISTERED_NOT_APPLIED	none
S01-E015	41	Part I Latin translation/notes	"[""AB01-PDF0130""]"	"[""AB01-PDF0080-body-L027"", ""AB01-PDF0080-body-L028""]"	[80]	"[""41, adn. 2: Idem Albatenii error apud nonnullos etiam aetatis nostrae scriptores, e quibus"", ""R. <n>Wolf</n>. <i>Handbuch der Astronomie</i>, t. I, p. 443, § 202,e.""]"	REGISTERED_NOT_APPLIED	none
S01-E016	54	Part I Latin translation/notes	"[""AB01-PDF0143""]"	"[""AB01-PDF0080-body-L029""]"	[80]	"[""54,26, pro <i>utemus</i> l. <i>utemur</i>.""]"	REGISTERED_NOT_APPLIED	none
S01-E017	54	Part I Latin translation/notes	"[""AB01-PDF0143""]"	"[""AB01-PDF0080-body-L030""]"	[80]	"[""54,28, pro <i>quantitas</i> l. <i>argumentum</i>.""]"	REGISTERED_NOT_APPLIED	none
S01-E018	54	Part I Latin translation/notes	"[""AB01-PDF0143""]"	"[""AB01-PDF0080-body-L031""]"	[80]	"[""54, adn. 10, pro <i>quantitate</i> l. <i>argumento</i>.""]"	REGISTERED_NOT_APPLIED	none
S01-E019	68	Part I Latin translation/notes	"[""AB01-PDF0157""]"	"[""AB01-PDF0080-body-L032""]"	[80]	"[""68,23, pro <i>qu</i> l. <i>qui</i>.""]"	REGISTERED_NOT_APPLIED	none
S01-E020	71	Part I Latin translation/notes	"[""AB01-PDF0160""]"	"[""AB01-PDF0080-body-L033""]"	[80]	"[""71,4–5, emendetur iuxta quae dixi p. 322, adn. 2.""]"	REGISTERED_NOT_APPLIED	none
S01-E021	75	Part I Latin translation/notes	"[""AB01-PDF0164""]"	"[""AB01-PDF0080-body-L034""]"	[80]	"[""75, de voce <i>ǵawzahar</i> in titulo cap. XXXVII, fortasse interpolata, vide p. XLIII praefationis.""]"	REGISTERED_NOT_APPLIED	none
S01-E022	80	Part I Latin translation/notes	"[""AB01-PDF0169""]"	"[""AB01-PDF0080-body-L035""]"	[80]	"[""80,38, pro <i>octavam</i> l. <i>decimam octavam</i>, ut Plato habet; cfr. p. 257–58, et XXXVIII, adn. 3.""]"	REGISTERED_NOT_APPLIED	none
S01-E023	80	Part I Latin translation/notes	"[""AB01-PDF0169""]"	"[""AB01-PDF0080-body-L036""]"	[80]	"[""80, adn. 4, pro <i>sequenttnus</i> l. <i>sequentibus</i>.""]"	REGISTERED_NOT_APPLIED	none
S01-E024	85	Part I Latin translation/notes	"[""AB01-PDF0174""]"	"[""AB01-PDF0080-body-L037""]"	[80]	"[""85,23–24, verba <i>in semidiametrum multiplica, et productum</i> delenda sunt; cfr. p. 265.""]"	REGISTERED_NOT_APPLIED	none
S01-E025	96	Part I Latin translation/notes	"[""AB01-PDF0185""]"	"[""AB01-PDF0080-body-L038""]"	[80]	"[""96,6, pro <i>horae</i>, quod cod. et Pl. habent, videtur <i>gradus</i> legendum; cfr. p. 275, adn. 1.""]"	REGISTERED_NOT_APPLIED	none
S01-E026	107	Part I Latin translation/notes	"[""AB01-PDF0196""]"	"[""AB01-PDF0080-body-L039""]"	[80]	"[""107,10, pro <i>consuemus</i> l. <i>consuescimus</i>.""]"	REGISTERED_NOT_APPLIED	none
S01-E027	114	Part I Latin translation/notes	"[""AB01-PDF0203""]"	"[""AB01-PDF0080-body-L040""]"	[80]	"[""114,11, in minutis apogei Martis pro <i>18′</i> l. <i>58′</i>.""]"	REGISTERED_NOT_APPLIED	none
S01-E028	114	Part I Latin translation/notes	"[""AB01-PDF0203""]"	"[""AB01-PDF0080-body-L041""]"	[80]	"[""114, adn. 1: Transpositio nonnisi in editionibus Platonis; cfr. praefationem p. LV.""]"	REGISTERED_NOT_APPLIED	none
S01-E029	124	Part I Latin translation/notes	"[""AB01-PDF0213""]"	"[""AB01-PDF0081-body-L001""]"	[81]	"[""124,2, pro <i>referta</i> l. <i>relata</i>.""]"	REGISTERED_NOT_APPLIED	none
S01-E030	129	Part I Latin translation/notes	"[""AB01-PDF0218""]"	"[""AB01-PDF0081-body-L002""]"	[81]	"[""129, marg., numerus paginae textus, male impressus, est <i>194</i>.""]"	REGISTERED_NOT_APPLIED	none
S01-E031	132	Part I Latin translation/notes	"[""AB01-PDF0221""]"	"[""AB01-PDF0081-body-L003""]"	[81]	"[""132,6, pro <i>interiectos</i> l. <i>interiectis</i>.""]"	REGISTERED_NOT_APPLIED	none
S01-E032	133	Part I Latin translation/notes	"[""AB01-PDF0222""]"	"[""AB01-PDF0081-body-L004""]"	[81]	"[""133,29, pro <i>cognoscuntur. Idest</i> l. <i>cognoscuntur; idest.</i>""]"	REGISTERED_NOT_APPLIED	none
S01-E033	133	Part I Latin translation/notes	"[""AB01-PDF0222""]"	"[""AB01-PDF0081-body-L005""]"	[81]	"[""133,31, pro <i>deprehende; si</i> l. <i>deprehendes. — Si.</i>""]"	REGISTERED_NOT_APPLIED	none
S01-E034	134	Part I Latin translation/notes	"[""AB01-PDF0223""]"	"[""AB01-PDF0081-body-L006"", ""AB01-PDF0081-body-L007""]"	[81]	"[""134,18, post <i>consistit</i> haec inserantur: [<i>distantiam multiplica in tempora horaria gradus"", ""sequentis</i>]. Cfr. p. 316, adn. 3.""]"	REGISTERED_NOT_APPLIED	none
S01-E035	134	Part I Latin translation/notes	"[""AB01-PDF0223""]"	"[""AB01-PDF0081-body-L008""]"	[81]	"[""134,ult.: Verba <i>hoc modo hilegia</i> etc., fortasse spuria; cfr. praefationem p. XLIII.""]"	REGISTERED_NOT_APPLIED	none
S01-E036	138–139	Part I Latin translation/notes	"[""AB01-PDF0227"", ""AB01-PDF0228""]"	"[""AB01-PDF0081-body-L009""]"	[81]	"[""138–139, adn. 5: Additamenta quorumdam codicum Platonis legantur in praefatione p. LII–LV.""]"	REGISTERED_NOT_APPLIED	none
S01-E037	139	Part I Latin translation/notes	"[""AB01-PDF0228""]"	"[""AB01-PDF0081-body-L010""]"	[81]	"[""139,10, emendandum sicut p. 321 docui.""]"	REGISTERED_NOT_APPLIED	none
S01-E038	148	Part I Latin translation/notes	"[""AB01-PDF0237""]"	"[""AB01-PDF0081-body-L011""]"	[81]	"[""148,1, addatur in margine <i>p. 223</i> textus Arabici.""]"	REGISTERED_NOT_APPLIED	none
S01-E039	149	Part I Latin translation/notes	"[""AB01-PDF0238""]"	"[""AB01-PDF0081-body-L012""]"	[81]	"[""149,21 et 26–27, emendandae sicut p. 326 exposui.""]"	REGISTERED_NOT_APPLIED	none
S01-E040	158	Part I Latin translation/notes	"[""AB01-PDF0247""]"	"[""AB01-PDF0081-body-L013""]"	[81]	"[""158,6 a f. (notis non supputatis) pro <i>quos</i> l. <i>quoque</i>.""]"	REGISTERED_NOT_APPLIED	none
S01-E041	158	Part I Latin translation/notes	"[""AB01-PDF0247""]"	"[""AB01-PDF0081-body-L014""]"	[81]	"[""158,5 a f. (notis non supputatis) pro <i>tempore</i> l. <i>partem</i>.""]"	REGISTERED_NOT_APPLIED	none
S01-E042	162–163	Part I Latin translation/notes	"[""AB01-PDF0251"", ""AB01-PDF0252""]"	"[""AB01-PDF0081-body-L015"", ""AB01-PDF0081-body-L016"", ""AB01-PDF0081-body-L017"", ""AB01-PDF0081-body-L018"", ""AB01-PDF0081-body-L019"", ""AB01-PDF0081-body-L020"", ""AB01-PDF0081-body-L021"", ""AB01-PDF0081-body-L022"", ""AB01-PDF0081-body-L023"", ""AB01-PDF0081-body-L024"", ""AB01-PDF0081-body-L025"", ""AB01-PDF0081-body-L026"", ""AB01-PDF0081-body-L027"", ""AB01-PDF0081-body-L028"", ""AB01-PDF0081-body-L029"", ""AB01-PDF0081-body-L030"", ""AB01-PDF0081-body-L031""]"	[81]	"[""162–163: Mirae Theonis definitiones sunt etiam in inedita <n>Vettii Valentis</n> <i>Astrologia</i>,"", ""lib. II, cap. de ventis stellarum (<gr>περὶ ἀνέμων τῶν ἀστέρων</gr>). Nam, <n>Salmasio</n> (<i>de annis"", ""climactericis</i> p. 421–22) teste, Valens, cum ceteris astrologis ponens Solem in 19° Arietis"", ""exaltari (<gr>ὑψοῦσθαι</gr>), indeque tetragonum considerans cuius vertices 19° Arietis, 19° Cancri,"", ""19° Librae, 19° Capricorni, dicit a 19° Arietis ad totidem Cancri Solem <gr>καταβαίνειν τὸν"", ""βοῤῥᾶν</gr>, a 19° Cancri ad similem gradum Librae <gr>καταβαίνειν τὸν νότον</gr>, a 19° Librae ad 19°"", ""Capricorni <gr>ἀναβαίνειν τὸν νότον</gr>, a 19° Capricorni ad totidem Arietis <gr>βοῤῥᾶν ἀναβαίνειν</gr>. Et"", ""similia de reliquis planetis. Lunam diversam ita considerat lib. I, cap. <gr>περὶ εὑρέσεως βαθμῶν καὶ ἀνέ-"", ""μων τῆς σελήνης</gr> (teste <n>Salmasio</n> p. 422) a Leone ad Libram <gr>καταβαίνειν τὰ βόρεια</gr>, a"", ""Scorpio ad Cancrum <gr>καταβαίνειν τὰ νότια</gr>, ab Aquario ad Arietem <gr>ἀναβαίνειν τὰ νότια</gr>, a"", ""Tauro ad Cancrum <gr>ἀναβαίνειν τὰ βόρεια</gr>; quae propterea Valentem dixisse arbitror, quod"", ""Luna, iuxta astrologos, in 3° Tauri exaltatur; tetragoni vertices sunt igitur Taurus, Leo,"", ""Scorpius, Aquarius. — Cum usu Albateniano consentit <n>Iulianus Laodicensis</n>, loco"", ""antea (p. LXXI) memorato affirmans Solem, Venerem, Mercurium in 214°8′50″, 231°28′,"", ""224°32′ longitudinis exstantes « in austrum descendere » (<gr>κατέρχεται νότον</gr>), Lunam et Sa-"", ""turnum, in 48°10′ et 24°28′, « in boream ascendere » (<gr>ἀνέρχεται βοῤῥᾶν</gr>). Librarii corrupte-"", ""lam inesse puto in Iove (154°12′) et Marte (137°35′), qui quoque dicuntur <gr>ἀνέρχεται βοῤῥᾶν</gr>.""]"	REGISTERED_NOT_APPLIED	none
S01-E043	163–164	Part I Latin translation/notes	"[""AB01-PDF0252"", ""AB01-PDF0253""]"	"[""AB01-PDF0081-body-L032"", ""AB01-PDF0081-body-L033"", ""AB01-PDF0081-body-L034"", ""AB01-PDF0081-body-L035"", ""AB01-PDF0081-body-L036"", ""AB01-PDF0081-body-L037"", ""AB01-PDF0081-body-L038"", ""AB01-PDF0081-body-L039"", ""AB01-PDF0081-body-L040"", ""AB01-PDF0081-body-L041"", ""AB01-PDF0081-body-L042"", ""AB01-PDF0081-body-L043"", ""AB01-PDF0081-body-L044"", ""AB01-PDF0081-body-L045"", ""AB01-PDF0081-body-L046""]"	[81]	"[""163–164, adn. <i>b</i>: Item <n>al-Khāzinī</n> f. 151,r.–v., et <n>Kūshiyār ibn Labbān</n> (loco quem"", ""p. 325 memoravi) tabulam ascensionum rectarum ab initio Capricorni supputatarum prae-"", ""bent. Unum problematum libri <i>de sphaea</i>, cuius auctor <n>az-Zarqālī</n>, est: longitudinem"", ""stellae cognoscere ex ascensione recta ab initio Capricorni supputata (i. e. ex gradu cum"", ""quo stella culminat) et declinatione; quae male vertit <n>Steinschneider</n>, <i>Études sur"", ""Zarkali</i>, Bullett. di bibliografia, t. XVIII, 1885–86, p. 345 (= p. 57 libri seorsum editi)."", ""Ab initio Capricorni tabulas ascensionum rectarum pro singulis zodiaci minutis supputavit"", ""quoque <n>Abū Bakr ibn al-Musharraf</n>, IX heg. saeculo (XV Chr.) ut videtur (<i>Ca-"", ""tal. Bibliothecae Kahirensis</i>, t. V, p. 238, mīqāt nr. 209). Et ab eodem Capricorni puncto"", ""ascensiones 112 stellarum fixarum, pro anno 1650 Chr. circiter, numeravit <n>Muḥammad"", ""al-Akhṣāṣī</n> Aegyptius in libello <i>al-durrah al-muḍī’ah fī ’l-a‘māl ash-shamsiyyah</i>,"", ""cuius duo exemplaria etiam in <i>Catal. Kahirensi</i> V, 245, mīqāt nr. 60 et 81; vide tabulas"", ""editas ab <n>Edw. Knobel</n>, <i>On a catalogue of stars in the Calendarium of Mohammad"", ""Al Achsasi Al Mouakket</i>, in Monthly Notices of the R. Astronomical Society, vol. LV,"", ""Nr. 8, 1895, p. 429.""]"	REGISTERED_NOT_APPLIED	none
S01-E044	169	Part I Latin translation/notes	"[""AB01-PDF0258""]"	"[""AB01-PDF0082-body-L001""]"	[82]	"[""169,3 a f. (adnotationibus non supputatis), pro <i>extensione</i> l. <i>extensionis</i>.""]"	REGISTERED_NOT_APPLIED	none
S01-E045	171	Part I Latin translation/notes	"[""AB01-PDF0260""]"	"[""AB01-PDF0082-body-L002"", ""AB01-PDF0082-body-L003""]"	[82]	"[""171, adn. 3: Vide praeterea J. <n>Canal</n>, <i>Tiaret, monographie ancienne et moderne</i> (Bulletin"", ""trimestral de géographie et d’archéologie d’Oran, t. XX, 1900, p. 1–44).""]"	REGISTERED_NOT_APPLIED	none
S01-E046	175	Part I Latin translation/notes	"[""AB01-PDF0264""]"	"[""AB01-PDF0082-body-L004""]"	[82]	"[""175,13, numeri <i>10</i> et <i>9</i> inter se permutentur.""]"	REGISTERED_NOT_APPLIED	none
S01-E047	175	Part I Latin translation/notes	"[""AB01-PDF0264""]"	"[""AB01-PDF0082-body-L005""]"	[82]	"[""175, adn. 9, pro <glyph>AB01-PDF0082-G01</glyph> l. <glyph>AB01-PDF0082-G02</glyph>.""]"	REGISTERED_NOT_APPLIED	none
S01-E048	181	Part I Latin translation/notes	"[""AB01-PDF0270""]"	"[""AB01-PDF0082-body-L006"", ""AB01-PDF0082-body-L007"", ""AB01-PDF0082-body-L008""]"	[82]	"[""181,1–4: Theorema proportionalitatis sinuum angulorum ad latera opposita in triangulo recti-"", ""lineo, tanquam res omnibus nota iam ab <n>al-Bīrūnī</n>, <i>Chron.</i> p. 184 text., 166 vers.,"", ""commemoratur.""]"	REGISTERED_NOT_APPLIED	none
S01-E049	191	Part I Latin translation/notes	"[""AB01-PDF0280""]"	"[""AB01-PDF0082-body-L009""]"	[82]	"[""191,16, pro <i>ortographicam</i> l. <i>orthographicam</i>.""]"	REGISTERED_NOT_APPLIED	none
S01-E050	194	Part I Latin translation/notes	"[""AB01-PDF0283""]"	"[""AB01-PDF0082-body-L010""]"	[82]	"[""194,26, lineola excidit in fractione <m>\\frac{\\cos L}{\\cos\\delta}</m>.""]"	REGISTERED_NOT_APPLIED	none
S01-E051	194	Part I Latin translation/notes	"[""AB01-PDF0283""]"	"[""AB01-PDF0082-body-L011""]"	[82]	"[""194, in paenultima formula pro « <m>\\sin\\omega</m> » l. « <m>\\sin\\varepsilon</m> ».""]"	REGISTERED_NOT_APPLIED	none
S01-E052	198	Part I Latin translation/notes	"[""AB01-PDF0287""]"	"[""AB01-PDF0082-body-L012"", ""AB01-PDF0082-body-L013"", ""AB01-PDF0082-body-L014"", ""AB01-PDF0082-body-L015"", ""AB01-PDF0082-body-L016"", ""AB01-PDF0082-body-L017"", ""AB01-PDF0082-body-L018"", ""AB01-PDF0082-body-L019"", ""AB01-PDF0082-body-L020"", ""AB01-PDF0082-body-L021"", ""AB01-PDF0082-body-L022"", ""AB01-PDF0082-body-L023"", ""AB01-PDF0082-body-L024"", ""AB01-PDF0082-body-L025"", ""AB01-PDF0082-body-L026"", ""AB01-PDF0082-body-L027"", ""AB01-PDF0082-body-L028"", ""AB01-PDF0082-body-L029"", ""AB01-PDF0082-body-L030""]"	[82]	"[""198,16–22 et adn. 1: Epistula illa non est Regiomontani ad Blanchinum, ut Delambre affirmat,"", ""sed <n>Blanchini</n> ad Regiomontanum; nunc melius edita a <n>M. Curtze</n>, <i>Urkunden zur"", ""Geschichte der Mathematik im Mittelalter und der Renaissance</i>, Leipzig 1902, t. I,"", ""p. 240–41: « Vidi, per aliquos auctores doctrinam dari ad inveniendum declinationem"", ""« stellarum habentium latitudinem, quorum doctrina est, accipere latitudinem stelle atque"", ""« declinationem gradus ecliptice, in quo videtur stella esse, et si ambo sunt in eadem"", ""« parte, septentrionali scilicet aut meridionali, ipsas copulare, si vero una fuerit meridio-"", ""« nalis, altera vero septentrionalis, demere minorem a maiori, et quod post copulationem"", ""« aut subtractionem perveniat, elongationem stelle ab equinoctiali nominant, cuius dicunt"", ""« accipiendum esse sinum. Nam prima fronte doctrina ipsa videtur falsa, quare arcus lati-"", ""« tudinis et arcus declinationis quilibet procedit a suo polo, et sunt duo diversi arcus se"", ""« secantes supra centrum stelle, nec ex ipsis solam sinus [sic] aut cordam accipi potest."", ""« Dicunt etiam, dictum sinum multiplicari debere per sinum aut cordam residui maxime"", ""« declinationis, et productum dividere per sinum residui sciti complementi declinationis"", ""« ecliptice, et hoc modo dicunt, declinationem veram stelle cum sua latitudine invenire."", ""« Certe nescio hanc demonstrationem lineare, nec invenio <n>Albategni</n> ipsam demonstrasse,"", ""« sed narrando regulam ipsam ultro concludit. Miror etiam de <n>Ioanne Anglicano</n> (1)"", ""« peritissimo et docto, qui in suo commento supra tabulas Toletanas per <n>Arzachelem</n>"", ""« constructas hoc affirmat absque demonstratione ».""]"	REGISTERED_NOT_APPLIED	none
S01-E053	199	Part I Latin translation/notes	"[""AB01-PDF0288""]"	"[""AB01-PDF0082-body-L031""]"	[82]	"[""199,12, adde: <i>ut cap. XXXIX, p. 78–79.</i>""]"	REGISTERED_NOT_APPLIED	none
S01-E054	202	Part I Latin translation/notes	"[""AB01-PDF0291""]"	"[""AB01-PDF0082-body-L032""]"	[82]	"[""202, ter in formulis <m>\\frac{\\cos\\beta}{2R}</m> occurrit, quod emendandum <m>\\frac{\\cos\\beta}{R}</m>.""]"	REGISTERED_NOT_APPLIED	none
S01-E055	204	Part I Latin translation/notes	"[""AB01-PDF0293""]"	"[""AB01-PDF0082-body-L033"", ""AB01-PDF0082-body-L034"", ""AB01-PDF0082-body-L035"", ""AB01-PDF0082-body-L036"", ""AB01-PDF0082-body-L037"", ""AB01-PDF0082-body-L038"", ""AB01-PDF0082-body-L039""]"	[82]	"[""204, adn. <i>a</i>: Fractionem diei <m>\\frac{1}{130}</m> Platonem scripsisse, non <m>\\frac{1}{131}</m> ut editiones habent, elucet e"", ""consensu codicis Vaticani, Parisiensis, Veneti (alios de hac re non consului), et libri qui"", ""<i>Almagesti parvum</i> inscribitur (de quo praefat. p. XXVI–XXVII). Hic, f. 10,r., affirmat: « Egi-"", ""« ptiorum antiquissimi ex babilonia sicut per suas considerationes deprehenderunt ipsum"", ""« [anni tempus] ex .CCCLXV. diebus et quarta diei et una parte ex .CXXX. diei par-"", ""« tibus constare dixerunt ». In exemplari suo Arabico Plato <ar>قل</ar> 130 loco <ar>قك</ar> 120 inve-"", ""nisse videtur.""]"	REGISTERED_NOT_APPLIED	none
S01-E056	205	Part I Latin translation/notes	"[""AB01-PDF0294""]"	"[""AB01-PDF0082-body-L040""]"	[82]	"[""205, adn. 1, pro <i>al-Mumti‘</i> et <i>al-muqni‘</i> l. <i>al-Mumta‘</i> et <i>al-maqna‘</i>.""]"	REGISTERED_NOT_APPLIED	none
S01-E057	215	Part I Latin translation/notes	"[""AB01-PDF0304""]"	"[""AB01-PDF0083-body-L001"", ""AB01-PDF0083-body-L002"", ""AB01-PDF0083-body-L003"", ""AB01-PDF0083-body-L004"", ""AB01-PDF0083-body-L005"", ""AB01-PDF0083-body-L006"", ""AB01-PDF0083-body-L007""]"	[83]	"[""215: E <n>Snellii</n> auctoritate, narrat <n>Montucla</n> (<i>Hist. des mathématiques</i>, nouvelle édition,"", ""Paris, an VII–X, t. I, p. 366) az-Zarqālī, circa annos 1070–80 florentem, ad vitandam"", ""incertam solstitiorum observationem, in calculo longitudinis apogaei solaris usum esse ob-"", ""servationibus Solis in ambobus aequinoctiis ac tertio quolibet eclipticae puncto, vel etiam"", ""in tribus punctis quibuscumque. Est ratio igitur de qua al-Bīrūnī l. c. agit. Ex quo az-"", ""-Zarqālī operum (quorum solus liber de sphaea, in versione Hispanica, typis excusus est)"", ""Snellius talia compererit nescio.""]"	REGISTERED_NOT_APPLIED	none
S01-E058	216	Part I Latin translation/notes	"[""AB01-PDF0305""]"	"[""AB01-PDF0083-body-L008"", ""AB01-PDF0083-body-L009"", ""AB01-PDF0083-body-L010"", ""AB01-PDF0083-body-L011"", ""AB01-PDF0083-body-L012"", ""AB01-PDF0083-body-L013"", ""AB01-PDF0083-body-L014"", ""AB01-PDF0083-body-L015"", ""AB01-PDF0083-body-L016"", ""AB01-PDF0083-body-L017""]"	[83]	"[""216: Priore II saec. Chr. medietate, <n>Theon Smyrnaeus</n> (minime cum Alexandrino confun-"", ""dendus) annum sideralem, quem a tropico non distinguit, ponit <m>365\\frac{1}{4}</m> esse dierum; an-"", ""num anomalisticum, quo Sol ad apogeum redit, <m>365\\frac{1}{2}</m>. Motum igitur praecessionis ne-"", ""gans, manifeste putat apogeum solare totum zodiacum percurrere 1461 annis, i. e. <m>27′\\,6″\\,\\frac{1}{2}</m>"", ""quotannis moveri! Unde haec absurda sumpserit nescimus; error in textu Graeco non potest"", ""coniici, nam, ut <n>Martin</n> p. 110 animadvertit, auctor ipse addit Solem ad idem altitudinis"", ""punctum, id est ad eandem a Terra distantiam, eadem diei hora singulis <i>bienniis</i> redire (1)."", ""Recte igitur Martin l. c. iudicat: « Ecce vero Theon Smyrnaeus solaris apogei in"", ""« zodiaco motum erga aequinoctia et erga stellas iam affirmaverat, et ita quidem iusto"", ""« citiorem fecerat, ut satius fuerit eum ignorare aut negare, quam talem credere ».""]"	REGISTERED_NOT_APPLIED	none
S01-E059	218	Part I Latin translation/notes	"[""AB01-PDF0307""]"	"[""AB01-PDF0083-body-L018""]"	[83]	"[""218, adn. 1, pro <i>Riccii</i> l. <i>Ricii</i>.""]"	REGISTERED_NOT_APPLIED	none
S01-E060	226	Part I Latin translation/notes	"[""AB01-PDF0315""]"	"[""AB01-PDF0083-body-L019""]"	[83]	"[""226, adn. 2, pro <i>1835</i> l. <i>1836</i>.""]"	REGISTERED_NOT_APPLIED	none
S01-E061	237	Part I Latin translation/notes	"[""AB01-PDF0326""]"	"[""AB01-PDF0083-body-L020""]"	[83]	"[""237, adn. 1, pro <i>al-mumaththil</i> l. <i>al-mu‘addil</i>.""]"	REGISTERED_NOT_APPLIED	none
S01-E062	242	Part I Latin translation/notes	"[""AB01-PDF0331""]"	"[""AB01-PDF0083-body-L021"", ""AB01-PDF0083-body-L022"", ""AB01-PDF0083-body-L023"", ""AB01-PDF0083-body-L024"", ""AB01-PDF0083-body-L025"", ""AB01-PDF0083-body-L026"", ""AB01-PDF0083-body-L027"", ""AB01-PDF0083-body-L028"", ""AB01-PDF0083-body-L029"", ""AB01-PDF0083-body-L030"", ""AB01-PDF0083-body-L031"", ""AB01-PDF0083-body-L032"", ""AB01-PDF0083-body-L033"", ""AB01-PDF0083-body-L034""]"	[83]	"[""242, adn. 2: Nominis <i>Dhū ’l-qarnayn</i> originem explicaveram ad fidem complurium peritis-"", ""simorum virorum, praesertim cum <n>Clemens Alexandrinus</n> valde queratur quod"", ""Alexander se ad imaginem Dei, cornibus praeditum, effingi iusserit. Veram nominis ori-"", ""ginem nunc illustrat <n>Fr. Kampers</n>, <i>Alexander der Grosse und die Idee des Weltim-"", ""periums in Prophetie und Sage</i>, Freiburg i. Br. 1901, p. 71–85 (= Studien und Dar-"", ""stellungen aus dem Gebiete der Geschichte hrsg. von H. Grauert, fasc. II–III). In fabulosis"", ""Alexandri narrationibus quae apud Orientales, praesertim Syros, circumferebantur primis"", ""saeculis aerae Christianae, Alexander tanquam novae aetatis instaurator mundique ser-"", ""vator exhibetur, similis Messiae Hebraeorum; ei igitur duo cornua tributa sunt quae in"", ""scriptis Iudaicis insigne Messiae dicuntur. Omnia ex antiquissimis Babylonicis opinionibus"", ""profluunt, quae breviter exposita leguntur in libro <n>E. Schrader</n>, <i>Die Keilinschriften"", ""und das Alte Testament, 3. Auflage neu bearbeitet von</i> <n>H. Zimmern</n> <i>und</i> <n>H. Winck-"", ""ler</n>, Berlin 1902, p. 380–82; eadem causa, 25 saecula ante Alexandrum, Naram-Sin,"", ""Babyloniae rex, duobus cornibus praeditus effictus erat.""]"	REGISTERED_NOT_APPLIED	none
S01-E063	243	Part I Latin translation/notes	"[""AB01-PDF0332""]"	"[""AB01-PDF0083-body-L035"", ""AB01-PDF0083-body-L036"", ""AB01-PDF0083-body-L037""]"	[83]	"[""243: De origine nominum complurium mensium Copticorum optime disseruit <n>A. Wiede-"", ""mann</n>, <i>Zu den ägyptischen Monatsnamen</i> in Orientalistische Litteratur-Zeitung, t. VI,"", ""1903, col. 5–7.""]"	REGISTERED_NOT_APPLIED	none
S01-E064	246	Part I Latin translation/notes	"[""AB01-PDF0335""]"	"[""AB01-PDF0083-body-L038""]"	[83]	"[""246, adn. <i>a</i>: Cfr. etiam Samps Pucharem, in animadvers. ad tabulas t. II, p. 72–77 adductum.""]"	REGISTERED_NOT_APPLIED	none
S01-E065	250	Part I Latin translation/notes	"[""AB01-PDF0339""]"	"[""AB01-PDF0083-body-L039""]"	[83]	"[""250, ad cap. XXXVII: Cfr. praefationem p. XLIII.""]"	REGISTERED_NOT_APPLIED	none
S01-E066	251	Part I Latin translation/notes	"[""AB01-PDF0340""]"	"[""AB01-PDF0083-body-L040"", ""AB01-PDF0083-body-L041"", ""AB01-PDF0083-body-L042"", ""AB01-PDF0083-body-L043""]"	[83]	"[""251,9: Falsum regulam non reperiri apud <n>Ptolemaeum</n>; hic enim V, 7 (ed. Halma I, 315)"", ""ad supputandam tabulam latitudinis Lunae, « in hoc », ait, « eadem demonstratione (<gr>δείξει</gr>)"", ""« usi sumus, qua iam supputavimus arcus circuli per polos aequatoris transeuntis, inter-"", ""« ceptos aequatore et ecliptica », scilicet declinationes Solis.""]"	REGISTERED_NOT_APPLIED	none
S01-E067	262	Part I Latin translation/notes	"[""AB01-PDF0351""]"	"[""AB01-PDF0084-body-L001"", ""AB01-PDF0084-body-L002"", ""AB01-PDF0084-body-L003""]"	[84]	"[""262, adn. <i>s</i>: Discrepantias e diversa eclipticae obliquitate exorientes <n>al-Battānī</n> abstulit, in"", ""tabulis (t. II, p. 95–101) singulis <n>Theonis</n> climatibus aliam latitudinem, novae obliqui-"", ""tati quadrantem, assignans.""]"	REGISTERED_NOT_APPLIED	none
S01-E068	265	Part I Latin translation/notes	"[""AB01-PDF0354""]"	"[""AB01-PDF0084-body-L004"", ""AB01-PDF0084-body-L005"", ""AB01-PDF0084-body-L006""]"	[84]	"[""265, adn. 2: De nunciis Lunae Novae apud Hebraeos, qui testimonium mulierum, servorum"", ""et improborum non recipiebant, cfr. <n>Maimonidis</n> librum <i>de novilunio</i>, cap. II, col. 240–"", ""–244 editionis laudatae in praefatione p. XXXIV, adn. 3.""]"	REGISTERED_NOT_APPLIED	none
S01-E069	266	Part I Latin translation/notes	"[""AB01-PDF0355""]"	"[""AB01-PDF0084-body-L007"", ""AB01-PDF0084-body-L008"", ""AB01-PDF0084-body-L009"", ""AB01-PDF0084-body-L010"", ""AB01-PDF0084-body-L011"", ""AB01-PDF0084-body-L012"", ""AB01-PDF0084-body-L013"", ""AB01-PDF0084-body-L014"", ""AB01-PDF0084-body-L015"", ""AB01-PDF0084-body-L016"", ""AB01-PDF0084-body-L017""]"	[84]	"[""266, adn. 1: Pulcherrimum incertae rei exemplum apud <n>Aḥmad</n> ibn Khālid <n>an-Nāṣirī as-"", ""-Salāwī</n>, <i>Al-istiqṣā’ li akhbār duwal al-Maghrib al-aqṣà</i>, Kahirae 1312 heg., t. IV,"", ""p. 245. Nocte inter 28 et 29 diem mensis ramaḍān 1292 (28–29 Oct. 1875), duodecim"", ""homines in urbe Rabāṭ imperii Maroccani dicunt se Lunam novam post occasum Solis"", ""certissime vidisse. Testimonium eorum recipit qāḍī urbis, statimque scribit ad sultanum"", ""Maroccanum prope urbem tunc commorantem. Ineunte 29 die omnes ieiunium desinunt."", ""Astronomi (<i>falakiyyūn</i>) aulici tamen asseverant illum diem nullo modo posse festum esse;"", ""dubitatio igitur inter homines exoritur. Re vera, post occasum 29 diei, frustra omnes"", ""Lunam novam in Caelo quaerunt, licet purissimus sit aer; denuo igitur ieiunium agunt"", ""usque ad noctem 30 diei (iuxta nostrum supputandi usum), qua Luna nova tandem cer-"", ""nitur. Illorum testium fraus inde elucet, qui in carcerem coniiciuntur.""]"	REGISTERED_NOT_APPLIED	none
S01-E070	272	Part I Latin translation/notes	"[""AB01-PDF0361""]"	"[""AB01-PDF0084-body-L018"", ""AB01-PDF0084-body-L019"", ""AB01-PDF0084-body-L020"", ""AB01-PDF0084-body-L021"", ""AB01-PDF0084-body-L022"", ""AB01-PDF0084-body-L023"", ""AB01-PDF0084-body-L024"", ""AB01-PDF0084-body-L025"", ""AB01-PDF0084-body-L026"", ""AB01-PDF0084-body-L027"", ""AB01-PDF0084-body-L028"", ""AB01-PDF0084-body-L029"", ""AB01-PDF0084-body-L030"", ""AB01-PDF0084-body-L031"", ""AB01-PDF0084-body-L032"", ""AB01-PDF0084-body-L033"", ""AB01-PDF0084-body-L034"", ""AB01-PDF0084-body-L035""]"	[84]	"[""272: Eodem libro V, 1, paulo ante locum adductum, <n>Aristoteles</n> haec narrat: « Qui manu"", ""« sibi obumbrat, aut per fistulam aspicit, differentias colorum nec magis nec minus dis-"", ""« tinguit, sed longinquius cernit. Item qui interdum e foveis ac puteis astra conspiciunt »."", ""Sinarum instrumentum fortasse est cum sphaera armillari globoque caelesti <n>Ger-"", ""berti</n> comparandum, cuius polos transfigebat fistula ad constellationem Ursae Minoris"", ""directa; eam describit <n>Günther</n>, l. c., p. 16–17."", ""Nescio an <i>tubos</i> significare voluerit voce <i>mir’āh</i> <n>Abū ’l-‘Alā’ al-Ma‘arrī</n>, poeta"", ""celeberrimus anno 449 (inc. 9 Mart. 1057) mortuus, duobus locis quos <n>von Kremer</n>,"", ""<i>Culturgeschichte des Orients unter den Chalifen</i>, Wien 1875–77, t. II, p. 448 adducit."", ""Alter est (= <i>Luzūm mā lā yalzam</i>, Bombay 1303 heg., p. 155):"", ""<ar>خُذِ المرآةَ واختبِرْ نُجُومًا</ar>     <ar>تُمِرُّ بِمَطْعَمِ الأَرْيِ المَشُورِ</ar>"", ""<ar>تَدُلُّ على الحِمام بلا ارتيابِ</ar>     <ar>ولكن لا تَدُلَّ على النُّشُورِ</ar>"", ""« mir’āh sume, ac sidera bene cognosce quae amarum faciunt saporem mellis ex al-"", ""« veari collecti, [nam] procul dubio mortem portendunt, non vero resurrectionem »."", ""Altero loco ait <i>mir’āh</i> astronomi, licet parvum sit, ei tamen universum ostendere. Voca-"", ""bulum plerumque <i>speculum</i> significat; qua re Kremer instrumentis astronomicis Arabum"", ""« Spiegel von polirtem Metall » adnumerat. Vix recte. His locis genuinus vocabuli sensus"", ""mihi restituendus videtur, scilicet <i>instrumenti quo res cernuntur</i>.""]"	REGISTERED_NOT_APPLIED	none
S01-E071	281	Part I Latin translation/notes	"[""AB01-PDF0370""]"	"[""AB01-PDF0084-body-L036"", ""AB01-PDF0084-body-L037""]"	[84]	"[""281, adn. <i>b</i>: Locus non ad <i>Tabulas Alphonsinas</i> pertinet, sed ad canones in easdem a <n>San-"", ""tritter</n> conscriptos; cfr. meam praefationem p. XXXVI, adn. 7.""]"	REGISTERED_NOT_APPLIED	none
S01-E072	286–287	Part I Latin translation/notes	"[""AB01-PDF0375"", ""AB01-PDF0376""]"	"[""AB01-PDF0084-body-L038"", ""AB01-PDF0084-body-L039"", ""AB01-PDF0084-body-L040"", ""AB01-PDF0084-body-L041"", ""AB01-PDF0085-body-L001"", ""AB01-PDF0085-body-L002"", ""AB01-PDF0085-body-L003"", ""AB01-PDF0085-body-L004"", ""AB01-PDF0085-body-L005"", ""AB01-PDF0085-body-L006"", ""AB01-PDF0085-body-L007"", ""AB01-PDF0085-body-L008"", ""AB01-PDF0085-body-L009"", ""AB01-PDF0085-body-L010"", ""AB01-PDF0085-body-L011"", ""AB01-PDF0085-body-L012"", ""AB01-PDF0085-body-L013"", ""AB01-PDF0085-body-L014"", ""AB01-PDF0085-body-L015"", ""AB01-PDF0085-body-L016"", ""AB01-PDF0085-body-L017"", ""AB01-PDF0085-body-L018"", ""AB01-PDF0085-body-L019"", ""AB01-PDF0085-body-L020"", ""AB01-PDF0085-body-L021""]"	[84, 85]	"[""286–287: Eosdem Ibn Rosteh numeros invenio apud <n>Thābit ibn Qorrah</n>, eius coaevum,"", ""in libello <i>in expositione Almagesti</i>, qui Latine tantum ac ineditus exstat (1). Nam mi-"", ""nimae distantiae sunt: Lunae 33 radiorum terrestrium, Mercurii 64, Veneris 167, Solis"", ""1079, Martis 1260, Iovis 8820, Saturni 14187; sed maxima Saturni minimaque fixarum"", ""17865 (pro 19880 et 20000 Ibn Rosteh). Moles autem: Solis 166, fixarum primae ma-"", ""gnitudinis 94, Saturni et Iovis « quasi » 79, Martis « quasi » <m>1\\,{}^1\\!/_2</m>, Veneris « quasi » <m>{}^1\\!/_{87}</m>,"", ""Lunae <m>{}^1\\!/_{40}</m> (A <m>{}^1\\!/_{10}</m>), Mercurii <m>{}^1\\!/_{29680}</m> (A <m>{}^1\\!/_{29683}</m>). Unde haec omnia sumpserit non dicit."", ""Eodem codice B, f. 54,v.,b–56,v.,a, alius etiam libellus inest: « <i>Incipit liber Thebith"", ""« de quantitatibus stellarum et planetarum et proportio terre.</i> Ptholomeus et alij sa-"", ""« pientes posuerunt corpus terre communem mensuram qua metiebantur stellarum cor-"", ""« pora, et posuerunt medietatem diametri terre communem mensuram qua stellarum a"", ""« centro terre longitudines mensurabant..... ». Breviter distantias Solis et Lunae a Pto-"", ""lemaeo in eclipsibus repertas exponit; quo facto addit (f. 55,r.,a et b): « Dicit ergo <n>Ge-"", ""« ber</n> ostensum est per hoc proportio [sic] cuiuscumque 2. diametrorum luminarium ad"", ""« diametrum terre ». Sequuntur diametri corporum caelestium, eorum moles (« corpora »),"", ""nec non eorum distantiae a centro Terrae in radiis terrestribus et in milliaribus (gradu"", ""aequatoris <m>56\\,{}^3\\!/_8</m> milliariorum sumpto). Calculi ratio a ratione quam Albatenius refert"", ""non discrepant, sed numeri cum al-Farghānī congruunt. — Demum latitudines septem"", ""climatum Terrae exponit ad al-Farghānī fidem (« Alfragano » f. 56,r.,a); ultima verba"", ""sunt: « Latitudo 7.<sup>i</sup> climatis est trium graduum et 4.<sup>e</sup> unius in celo, qui valent in terra"", ""« 184. sed iste non est in terra, sed proximus ei maior scilicet ille 185. quia quoddam"", ""« modicum remansit. Explicit tebith de quantitatibus stellarum ». Ob Alfragani et potis-"", ""simum Gebri (Ǵābir ibn Aflaḥ) nomina, ac ob discrepantias a numeris alterius opusculi,"", ""vehementissima suspicio subit libellum spurium esse. Alios codices indicat <n>Steinschnei-"", ""der</n>, <i>Thabit ben Korra</i>, in Zeitschrift für Mathematik und Physik, XVIII, 1873, p. 337.""]"	REGISTERED_NOT_APPLIED	none
S01-E073	291	Part I Latin translation/notes	"[""AB01-PDF0380""]"	"[""AB01-PDF0085-body-L022"", ""AB01-PDF0085-body-L023"", ""AB01-PDF0085-body-L024"", ""AB01-PDF0085-body-L025""]"	[85]	"[""291,7 a f. (notis non supputatis): Alia exempla vocum <i>al-kātib</i> et <i>al-mukātib</i> pro Mercurio,"", ""<i>al-muqātil</i> pro Saturno, passim occurrunt apud Maroccanum <n>Muḥammad as-Sūsī"", ""al-Marghitī</n>, <i>al-Mumta‘ fī sharḥ al-maqna‘</i> et <i>al-Maṭla‘ ‘alà masā’il al-maqna‘</i>"", ""(ambo eodem tomo impressi Fez 1313 heg.; cfr. p. 205, adn. 1).""]"	REGISTERED_NOT_APPLIED	none
S01-E074	291	Part I Latin translation/notes	"[""AB01-PDF0380""]"	"[""AB01-PDF0085-body-L026"", ""AB01-PDF0085-body-L027"", ""AB01-PDF0085-body-L028"", ""AB01-PDF0085-body-L029"", ""AB01-PDF0085-body-L030"", ""AB01-PDF0085-body-L031"", ""AB01-PDF0085-body-L032"", ""AB01-PDF0085-body-L033"", ""AB01-PDF0085-body-L034"", ""AB01-PDF0085-body-L035"", ""AB01-PDF0085-body-L036"", ""AB01-PDF0085-body-L037"", ""AB01-PDF0085-body-L038"", ""AB01-PDF0085-body-L039"", ""AB01-PDF0085-body-L040"", ""AB01-PDF0085-body-L041"", ""AB01-PDF0086-body-L001"", ""AB01-PDF0086-body-L002"", ""AB01-PDF0086-body-L003"", ""AB01-PDF0086-body-L004"", ""AB01-PDF0086-body-L005"", ""AB01-PDF0086-body-L006"", ""AB01-PDF0086-body-L007"", ""AB01-PDF0086-body-L008"", ""AB01-PDF0086-body-L009"", ""AB01-PDF0086-body-L010"", ""AB01-PDF0086-body-L011"", ""AB01-PDF0086-body-L012"", ""AB01-PDF0086-body-L013"", ""AB01-PDF0086-body-L014"", ""AB01-PDF0086-body-L015"", ""AB01-PDF0086-body-L016"", ""AB01-PDF0086-body-L017"", ""AB01-PDF0086-body-L018"", ""AB01-PDF0086-body-L019"", ""AB01-PDF0086-body-L020"", ""AB01-PDF0086-body-L021"", ""AB01-PDF0086-body-L022"", ""AB01-PDF0086-body-L023"", ""AB01-PDF0086-body-L024"", ""AB01-PDF0086-body-L025"", ""AB01-PDF0086-body-L026"", ""AB01-PDF0086-body-L027"", ""AB01-PDF0086-body-L028"", ""AB01-PDF0086-body-L029"", ""AB01-PDF0086-body-L030"", ""AB01-PDF0086-body-L031"", ""AB01-PDF0086-body-L032"", ""AB01-PDF0086-body-L033"", ""AB01-PDF0086-body-L034"", ""AB01-PDF0086-body-L035"", ""AB01-PDF0086-body-L036"", ""AB01-PDF0086-body-L037"", ""AB01-PDF0086-body-L038"", ""AB01-PDF0087-body-L001"", ""AB01-PDF0087-body-L002"", ""AB01-PDF0087-body-L003"", ""AB01-PDF0087-body-L004"", ""AB01-PDF0087-body-L005"", ""AB01-PDF0087-body-L006"", ""AB01-PDF0087-body-L007"", ""AB01-PDF0087-body-L008""]"	[85, 86, 87]	"[""291, adn. 3: Codice Parisiensi fretus, libellum tribueram <n>az-Zarqālī</n>. At postea nonnulla ex"", ""eodem (olim cod. Sorb. 980) excerpta inveni apud <n>Steinschneider</n>, <i>Zum Speculum"", ""astronomicum</i>, in Zeitschr. f. Mathem. XVI, 1871, p. 390, qui ostendit Arçachel esse cor-"", ""ruptum ex <n>Zahel</n>, i. e. <n>Sahl ibn Bishr</n> (1). In exemplar Parisiense nonnulla irrepserunt"", ""minime ad hoc opusculum pertinentia; qua re operae pretium duco notitias ex optimo"", ""codice Bibliothecae Laurentianae (Florentiae), nota « S. Marco 194 » insignito (f. 69,r.–"", ""–87,v.), Steinschneiderianis (2) addere. Initium est: « Incipit <i>liber arçachelis introducto-"", ""« rium ad librum iudiciorum arabum.</i> [Omnibus] planetis erraticis qui feruntur in"", ""« signis. non quod sint in eis. sed quia feruntur sub eis. hoc est in directo eorum. altior"", ""« et propior circulo signorum et cursu tardior est almicatil [<i>al-muqātil</i>] .i. saturnus."", ""« Deinde almustaim [<i>al-mushtarī</i>] .i. iupiter. Deinde almereg [<i>al-mirrīkh</i>] .i. mars."", ""« Deinde semuz [<i>ash-shams</i>] .i. sol. Deinde azara [<i>az-zuharuh</i>] .i. venus. Deinde aio-"", ""« tarit [<i>‘uṭārid</i>] .i. mercurius. quem sequitur alamar [<i>al-qamar</i>] .i. luna. que est terre"", ""« propior et cursu omnibus velocior. — Significantur etiam per caput et caudam draconis"", ""« quod arabes dicunt ieuzahar [<i>ǵawzahar</i>]..... ». Postea haec capita sunt: <i>De domibus;"", ""De gaudiis planetarum; De exaltationibus et casibus eorumdem; De distinctione</i>"", ""<i>signorum fixorum, mobilium et communium</i> (1); <i>De faciebus signorum</i> (subiecta"", ""tabula); <i>De signorum complexionibus; De ascensionibus</i> (cuius tabula vacua relicta"", ""est); <i>De planetarum aspectibus; De planetarum fortitudine; De planetarum debi-"", ""litate</i> (2)."", ""Sequitur « <i>De planetarum profectu:</i> Expositio quoque eorum que dicuntur de planetis"", ""« qui habeant testimonium aut [?] partem seu dignitatem. Si fuerit planeta in domo sua..... »."", ""Congruunt haec et sequentia cum editione impressa, f. 114,r.,b, usque ad finem capitis"", ""de gaudiis planetarum (« .....et eorum domorum »). Postea: « Explicit <i>liber primus.</i> In-"", ""« cipit <i>secundus</i> in quo distinguuntur 50 capitula. et de principalitate significationis lune"", ""« ad ceteros planetas. <i>Primum capitulum.</i> Scito quod significatrix .i. luna cuius circulus"", ""« est omnium planetarum circulis propior terre..... ». Explicit secundus liber verbis « scito"", ""« hoc totum »; omnino congruit cum editione f. 114,r.,b–115,v.,a, in qua haec pars inscri-"", ""bitur: <i>Incipiunt precipua iudicia et sunt 50.</i>"", ""Codex (f. 72,r.) ita pergit: « Explicit <i>secundus.</i> Sequitur <i>de planetarum obsidio-"", ""« nibus.</i> Obsessus dicitur planeta cum fuerit .s. inter duos malos separatus ab uno eorum"", ""« et vinctus alteri absque prohiectione radiorum..... ». Est caput de planetis obsessis in"", ""edit. f. 114,r.,a. Postea <i>De planetarum significationibus; De expositionibus modorum;"", ""De planetarum orbibus</i>, etc. usque ad finem f. 72,v.; quae capita omnia sunt in edit."", ""f. 112,r.,b–113,v.,b, licet priorum inscriptiones interdum differant (edit.: <i>de effectu et de-"", ""trimento planetarum; expositio alicbel; scientia luminum vel orbium planetarum</i>)."", ""His absolutis codex f. 73,r.–v. praebet <i>significationes</i> cuiusque domus, et <i>loca di-"", ""gniora circuli et laudabiliora</i>, quae in edit. f. 111,v.,b–112,r.,b exponuntur. Deinde duo"", ""capita: <i>De 10 modis quibus luna impeditur</i>, et <i>De lune alteratione ex aliorum pla-"", ""netarum coniunctione et separatione</i>, quae in edit. f. 114,r.,a, in unum conflata sunt,"", ""cui titulus: <i>De vitijs lune et eius malo esse.</i> At desunt in edit. quae postea, f. 74,r.–v.,"", ""codex habet: <i>De dierum distinctione per lune et capitis draconis sive caude coniun-"", ""ctionem</i> (expl.: « cauda vero eius mala est naturaque illius est composita ex natura sa-"", ""« turni et martis. significat deiectionem et casum atque paupertatem »), cui subsequitur"", ""tabella <i>dierum fortunatorum, laudabilium</i> etc. iuxta Lunae aspectus cum reliquis sex"", ""planetis."", ""F. 75,r. codicis haec sunt: « <i>Iudiciorum arabum liber</i> incipit et primum de modo"", ""« questionis docet. Cum interrogatus fueris de aliqua interrogatione. incipies aspicere sicut"", ""« predixi tibi ». Explicit f. 87,v.: « quod pertinet ad eamdem domum et omnes res illius »."", ""Est igitur libri pars quae in edit. f. 115,v.,a–125,v.,a complectitur, ac titulum: « Sequitur"", ""« <i>de interrogationibus</i> » habet. Editio, ad complendum librum, parvum addit caput de"", ""significationibus horarum planetarum in interrogationibus."", ""E collatione locorum quos Arabice passim <n>O. Loth</n> dedit in scripto <i>Al-Kindî als"", ""Astrolog</i> (Morgenländische Forschungen, Festschrift Herrn Prof. Fleischer gewidmet,"", ""Leipzig 1875, p. 263–309), iuxta codicem Lipsiensem inscriptum « Librum iudiciorum »"", ""(<i>kitāb al-aḥkām</i>), patet editionem Latinam impressam omnino cum textu Arabico con-"", ""gruere; qua re non impossibile est initium codicum Laurentiani et Parisiensis, quo vox"", ""<i>almicatil</i> occurrit, interpolatum esse a viris in Hispania degentibus. — Certum est hoc"", ""initium non reperiri in alio codice (apud <n>Schum</n>, <i>Amplonianische Handschriften-Samm-"", ""lung zu Erfurt</i>, p. 775, Duodez nr. 18, III) falso quoque « <n>Azarchelis</n> <i>lib. introdu-"", ""« ctorius</i> » inscripto, cuius prima verba: « Scito quod signa sunt 12 », sicut in editione"", ""Zahelis typis expressa.""]"	REGISTERED_NOT_APPLIED	none
S01-E075	292–293	Part I Latin translation/notes	"[""AB01-PDF0381"", ""AB01-PDF0382""]"	"[""AB01-PDF0087-body-L009"", ""AB01-PDF0087-body-L010"", ""AB01-PDF0087-body-L011""]"	[87]	"[""292–293: Nescio unde notitiam sumpserit <n>Gherardus a Sabloneta</n> (vide locum in mea"", ""praefat. p. XXXV–VI), Albatenium dixisse stellas fixas uno gradu in 60 annis et 4 mensi-"", ""bus moveri. Error etiam apud <n>Baldi</n> p. 440 (extr. p. 20).""]"	REGISTERED_NOT_APPLIED	none
S01-E076	293	Part I Latin translation/notes	"[""AB01-PDF0382""]"	"[""AB01-PDF0087-body-L012""]"	[87]	"[""293, adn. 5, pro <i>p. 97</i>, l. <i>p. 25 (seu 97 libri seorsum editi)</i>.""]"	REGISTERED_NOT_APPLIED	none
S01-E077	297	Part I Latin translation/notes	"[""AB01-PDF0386""]"	"[""AB01-PDF0087-body-L013"", ""AB01-PDF0087-body-L014"", ""AB01-PDF0087-body-L015"", ""AB01-PDF0087-body-L016"", ""AB01-PDF0087-body-L017"", ""AB01-PDF0087-body-L018"", ""AB01-PDF0087-body-L019"", ""AB01-PDF0087-body-L020""]"	[87]	"[""297,18: Stationum lunarium in prognosticis astrologicis usum exponunt <n>Albohazen Haly</n>,"", ""<i>De iudiciis astrorum</i>, Basileae 1571, pars VII, cap. 101, p. 342–46 (« de electionibus"", ""« secundum motum Lunae per mansiones »), et <n>al-Būnī</n>, <i>Shams al-ma‘ārif</i> (de scien-"", ""tiis magicis), [Kahirae] 1291 heg., t. I, p. 16–24, qui etiam (p. 23–24) excerpta praebet"", ""ex dictis veterum Arabum (<i>asǵā‘ al-‘arab</i>) iuxta quemdam al-Kindī: <ar>قال بعضهم قرأت على"", ""شيخنا الكندي رحمه الله تعالى قال قرأت على ابي منصور الحوالة قال بلغني عن ابي محمد المناوي انه قال تقول العرب الخ</ar>."", ""— Peculiarem de electionibus iuxta stationes lunares libellum (<i>al-ikhtiyārāt ‘alà ma-"", ""nāzil al-qamar</i>) scripserat <n>Abū Ma‘shar</n>.""]"	REGISTERED_NOT_APPLIED	none
S01-E078	297	Part I Latin translation/notes	"[""AB01-PDF0386""]"	"[""AB01-PDF0087-body-L021"", ""AB01-PDF0087-body-L022"", ""AB01-PDF0087-body-L023"", ""AB01-PDF0087-body-L024"", ""AB01-PDF0087-body-L025"", ""AB01-PDF0087-body-L026"", ""AB01-PDF0087-body-L027"", ""AB01-PDF0087-body-L028"", ""AB01-PDF0087-body-L029"", ""AB01-PDF0087-body-L030"", ""AB01-PDF0087-body-L031"", ""AB01-PDF0087-body-L032"", ""AB01-PDF0087-body-L033"", ""AB01-PDF0087-body-L034"", ""AB01-PDF0087-body-L035""]"	[87]	"[""297,<i>e</i>: Duo exempla vocis <i>mizāǵ</i> hoc sensu usurpatae, apud <n>Steinschneider</n>, <i>Zur Gesch."", ""der Uebersetzungen aus dem Indischen</i>, in Zeitschr. d. deutschen morgenländ. Gesell-"", ""schaft, t. XXV, 1871, p. 400; qui praeterea <i>mimsāk kōl kōkāb</i> « mixtionem cuiusque"", ""« stellae », nempe situm, memorat in scriptis Hebraicis <n>Abrāhām ibn ‘Ezrā</n> (m. Fe-"", ""bruario 1167) occurrere. Sed falso <i>al-mumāzaǵāt</i> (titulum cuiusdam libri Abū Ma‘shar"", ""iuxta Ibn al-Qifṭī) et <i>al-mumāzaǵāt bi ’l-ittiṣālāt</i> comparat; nam hae sunt « [planeta-"", ""« rum] commixtiones ex applicationibus [exorientes] », seu <i>aspectus</i> planetarum ad in-"", ""vicem (oppositio, quadratura, trinus, sextilis), de quibus <n>al-Battānī</n> cap. LIV, p. 129 sqq."", ""— In edit. Lippert p. 154, ex aliorum fortasse codicum auctoritate, titulus illius libri"", ""Abū Ma‘shar est <i>al-mizāǵāt</i>, sicut apud <n>an-Nadīm</n> p. 277, l. 17 (in vers. Suter p. 32:"", ""« Das Buch der Temperamente »). Si vera est haec lectio, <i>mizāǵ</i> est eodem sensu quo"", ""<i>mumāzaǵah</i>, i. e. tanquam nomen actionis III formae, accipiendus. — Prior caput (<i>faṣl</i>)"", ""quinti tractatus ineditae Introductionis in iudicia (<i>al-madkhal fī ’l-aḥkām</i>), cuius auctor"", ""<n>aṣ-Ṣūfī</n>, est « de planetarum commixtionibus et de expositione rationum iudiciorum »"", ""(<i>fī mumāzaǵāt al-kawākib wa dhikr ṭuruq al-aḥkām</i>).""]"	REGISTERED_NOT_APPLIED	none
S01-E079	301	Part I Latin translation/notes	"[""AB01-PDF0390""]"	"[""AB01-PDF0087-body-L036"", ""AB01-PDF0087-body-L037"", ""AB01-PDF0087-body-L038"", ""AB01-PDF0087-body-L039""]"	[87]	"[""301,16: Titulus libri Ptolemaei ab al-Bīrūnī memorati, congruit cum nr. 24 operum a <n>Ghe-"", ""rardo Cremonensi</n> ex Arabico translatorum, iuxta catalogum a Boncompagni (1) edi-"", ""tum: « <i>Liber introductorius ptolomei ad artem spericam</i> ». Ex eodem Ptolemaei libro"", ""(<i>al-madkhal ilà ’ṣ-ṣinā‘ah al-kurriyyah</i>) locum affert <n>al-Mas‘ūdī</n>, <i>Tanbīh</i>, p. 69–70.""]"	REGISTERED_NOT_APPLIED	none
S01-E080	301–302	Part I Latin translation/notes	"[""AB01-PDF0390"", ""AB01-PDF0391""]"	"[""AB01-PDF0087-body-L040"", ""AB01-PDF0087-body-L041"", ""AB01-PDF0087-body-L042"", ""AB01-PDF0087-body-L043"", ""AB01-PDF0088-body-L001"", ""AB01-PDF0088-body-L002"", ""AB01-PDF0088-body-L003"", ""AB01-PDF0088-body-L004"", ""AB01-PDF0088-body-L005"", ""AB01-PDF0088-body-L006"", ""AB01-PDF0088-body-L007"", ""AB01-PDF0088-body-L008"", ""AB01-PDF0088-body-L009"", ""AB01-PDF0088-body-L010"", ""AB01-PDF0088-body-L011""]"	[87, 88]	"[""301–302: Tribus aliis codicibus collatis, quos p. LXVIII recensui, meliores illius loci <n>Thābit"", ""ibn Qurrah</n> lectiones praebere possum; errores manifestos amanuensium negligo. Quan-"", ""titatibus obliquitatis eclipticae iuxta Indos, Ptolemaeum et astronomos khalifae al-Ma’mūn"", ""relatis, auctor ita pergit: « Huic verò motui praedicto accidit ut inveniatur tardae di-"", ""« versitatis et velocis diversitatis; et est illud quoniam quum caput Arietis fuerit super"", ""« 90 gradus sui circuli parvi ab aequatore diei in duabus partibus septentrionis et me-"", ""« ridiei, erit accessio tunc velocis motus. Et similiter invenerunt consideratores; et illud"", ""« est quod..... ». Sequuntur quae impressa sunt p. 301–302. In iis p. 301, ult. l., pro « <i>re-"", ""« cepit</i> », A, B, F « <i>reperit</i> »; p. 302, l. 1, pro « <i>quatenus</i> » « <i>quoniam</i> »; l. 2–3 pro"", ""« <i>moventur</i> » « <i>moverentur</i> ». Quae omisi loco punctis indicato sunt: « et excepit se-"", ""« cundum [om. A, V] Abrachis in 300 fere annis fere diem unum in tempore anni »."", ""L. 6 recte A, B « <i>aequatori</i> »; l. 7-8, vera lectio « <i>necessario igitur facta est</i> »; l. 9"", ""melius A, B, F « <i>non procedere secundum</i> », postea vera lectio « <i>proportionem</i> »; l. 10"", ""« <i>si ergo fuerit</i> », et in fine lineae A, B, F recte « <i>tunc</i> » pro « <i>et</i> »; l. 13, A, B, F"", ""« <i>operatio</i> », et lectionem « <i>perfecisset</i> » confirmant.""]"	REGISTERED_NOT_APPLIED	none
S01-E081	305–306	Part I Latin translation/notes	"[""AB01-PDF0394"", ""AB01-PDF0395""]"	"[""AB01-PDF0088-body-L012"", ""AB01-PDF0088-body-L013"", ""AB01-PDF0088-body-L014"", ""AB01-PDF0088-body-L015"", ""AB01-PDF0088-body-L016"", ""AB01-PDF0088-body-L017""]"	[88]	"[""305–306: <n>Al-Būnī</n> I, 28, post moles septem planetarum indicatas, narrat: « Nostrorum sa-"", ""« pientum quidam dixit corpus (<i>ǵirm</i>) Solis 15 esse graduum ante totidemque retro, cor-"", ""« pus Lunae 12 ante totidemque retro, Martis 8 ante totidemque retro, Veneris 7 ante"", ""« totidemque retro, ac ita quoque Mercurii. Deus Altissimus melius haec scit ». Saturnus"", ""et Iupiter omissi videntur editoris incuria; sed manifeste al-Būnī suum fontem non intel-"", ""lexit, vim radiorum in applicationibus exponentem.""]"	REGISTERED_NOT_APPLIED	none
S01-E082	309	Part I Latin translation/notes	"[""AB01-PDF0398""]"	"[""AB01-PDF0088-body-L018"", ""AB01-PDF0088-body-L019"", ""AB01-PDF0088-body-L020"", ""AB01-PDF0088-body-L021"", ""AB01-PDF0088-body-L022"", ""AB01-PDF0088-body-L023"", ""AB01-PDF0088-body-L024""]"	[88]	"[""309, adn. 2: Titulum libri Hermetis esse <i>al-‘arḍ</i> « librum latitudinis », ex eo patet quod"", ""<n>an-Nadīm</n>, <i>al-Fihrist</i> p. 267, Hermetis memorat <ar>كتاب عرض مفتاح النجوم الاول</ar> « librum"", ""« primum latitudinis clavis stellarum », et <ar>كتاب طول مفتاح النجوم الثاني</ar> « librum secundum"", ""« longitudinis clavis stellarum » (1). In titulo secundi libri apud <n>Ibn al-Qifṭī</n> ed. Lip-"", ""pert p. 349, vox <ar>طول</ar> « longitudinis » omittitur. — In versione commentarii ‘Alī ibn Riḍ-"", ""wān in Tetrabiblum, <i>liber accidentium, l. accidentis, l. de accidentibus, l. latitudinis</i>;"", ""locos collegit <n>Steinschneider</n> ad <n>Baldi</n> p. 473 (minus bene in extr. p. 43).""]"	REGISTERED_NOT_APPLIED	none
S01-E083	309	Part I Latin translation/notes	"[""AB01-PDF0398""]"	"[""AB01-PDF0088-body-L025""]"	[88]	"[""309, adn. 5, pro <i>Reiss</i> l. <i>Riess</i>.""]"	REGISTERED_NOT_APPLIED	none
S01-E084	309–310	Part I Latin translation/notes	"[""AB01-PDF0398"", ""AB01-PDF0399""]"	"[""AB01-PDF0088-body-L026"", ""AB01-PDF0088-body-L027"", ""AB01-PDF0088-body-L028"", ""AB01-PDF0088-body-L029"", ""AB01-PDF0088-body-L030"", ""AB01-PDF0088-body-L031"", ""AB01-PDF0088-body-L032"", ""AB01-PDF0088-body-L033"", ""AB01-PDF0088-body-L034""]"	[88]	"[""309–310: Rationem <n>Valentis</n> in radiationibus a Ptolemaica non differre testantur <n>az-Zar-"", ""qālī</n> l. c.: « et por esta obra obraua Uuelius el egiptiano en los echamientos de los ra-"", ""« yos. et es la oppinion de Ptolomeo », et <n>Rabiçag</n> l. c.: « et segund esto obraua en"", ""« echamiento de los rayos Vellix ell egipciano. que es opinion de Ptolomeo. Et esto es"", ""« lo que dixo Abumassal [Abū Ma‘shar] et Abuzac Azarquiel [Abū Isḥāq az-Zarqālī] »."", ""At in indice capitum libri <i>al-bāri‘</i>, cuius auctor <n>Abū Naṣr al-Qummī</n> (circa 360 heg.,"", ""971 Chr.), apud <n>Ahlwardt</n>, <i>Verzeichniss</i>, t. V, p. 148,b, nr. 5661, duo capita occur-"", ""runt, alterum « de proiectione radiorum iuxta rationem Ptolemaei », alterum « de pro-"", ""« iectione radiorum iuxta Valentem ».""]"	REGISTERED_NOT_APPLIED	none
S01-E085	322	Part I Latin translation/notes	"[""AB01-PDF0411""]"	"[""AB01-PDF0088-body-L035"", ""AB01-PDF0088-body-L036"", ""AB01-PDF0088-body-L037"", ""AB01-PDF0088-body-L038""]"	[88]	"[""322, in fine adn. <i>a</i>: Re vera in Hispanica versione (cui quoque hae adpendices desunt), f. 63,v.,"", ""inter tabulas parallaxium Lunae in climatibus et tabulas mediorum motuum planetarum"", ""occurrit <i>Capitulo de saber quando es la planeta endereçada y quando es estacionaria"", ""y quando es retrograda</i> (probabiliter adp. D spuria codicis Arabici).""]"	REGISTERED_NOT_APPLIED	none
S01-E086	326	Part I Latin translation/notes	"[""AB01-PDF0415""]"	"[""AB01-PDF0088-body-L039"", ""AB01-PDF0088-body-L040"", ""AB01-PDF0088-body-L041"", ""AB01-PDF0089-body-L001"", ""AB01-PDF0089-body-L002"", ""AB01-PDF0089-body-L003"", ""AB01-PDF0089-body-L004"", ""AB01-PDF0089-body-L005"", ""AB01-PDF0089-body-L006"", ""AB01-PDF0089-body-L007"", ""AB01-PDF0089-body-L008"", ""AB01-PDF0089-body-L009"", ""AB01-PDF0089-body-L010"", ""AB01-PDF0089-body-L011"", ""AB01-PDF0089-body-L012"", ""AB01-PDF0089-body-L013"", ""AB01-PDF0089-body-L014""]"	[88, 89]	"[""326: Apud Arabes Orientales verbum « <i>denominare</i> » nonnisi in fractionibus usurpari vide-"", ""tur; ita in Algebra <n>‘Omar al-Khayyāmī</n> (2), p. 42, l. 6 textus: <ar>فان جزء كل عدد هو"", ""الجزء المسمى لذلك العدد كالثلث من الثلاثة</ar> (p. 69 vers.: « la partie d’un nombre est la partie dé-"", ""« nommée d’après ce nombre, comme le tiers d’après trois »); ibid. l. 8: <ar>وكذلك جزء المال"", ""هو الجزء المسمى لعدده</ar> (« pareillement la partie du carré est la partie dénommée d’après le"", ""« nombre égal à ce carré »)."", ""In <n>Iohannis Hispalensis</n> (saec. XII) <i>Libro algorismi de pratica arismetrice</i>"", ""(Trattati d’aritmetica pubblicati da B. Boncompagni, Roma 1857, fasc. II), ex Arabicis"", ""scriptis hausto, p. 49: « Licet cuiuslibet numeri partium denominatio possit fieri infinitis"", ""« modis, secundum infinitos numeros, placuit tamen Indis, denominationem suarum fractio-"", ""« num facere a sexaginta »; complura alia exempla p. 55–70."", ""De voce <i>nisbah</i> « ratione » eodem quo <i>tasmiyah</i> sensu adhibita, breviter p. 326–27"", ""dixi. Similiter Hebraice, in arithmetica priore XII saec. medietate ab <n>Abrāhām bar"", ""Ḥiyyā</n> confecta, caput <i>ḥālōq minyān ‘al minyān</i> « de divisione numeri [maioris] per"", ""« numerum [minorem] » distinguitur a capite <i>lē da‘at qeṣeb minyān mim-minyān</i>"", ""« de cognitione rationis numeri ad numerum » i. e. de dividendo minore per maiorem (1)."", ""Eodem sensu <n>Abrāhām ibn ‘Ezrā</n> (XII saec.) vocem <i>‘ērek</i> « rationem » usurpat (2).""]"	REGISTERED_NOT_APPLIED	none
