change_id	line_id	master_pdf_page	before	after	old_substring	new_substring	category	reason	confidence	evidence	source_authority	source_sha256	canonical_Arabic_changed	status
S01-R3-001	AB01-PDF0017-body-L016	17	« in opere astronomico suo ad annum 299 (11) posuit. Venit Baġdād cum [gente vocata] Banū	« in opere astronomico suo ad annum 299 (11) posuit. Venit Baghdād cum [gente vocata] Banū	Baġdād	Baghdād	digital_transcription	The witness prints the digraph gh, not a dotted g; restore the witnessed place-name spelling.	high	history/interrupted_reread/qa/general_contact_009-016.png	SRC01 native page pixels; no outside text substituted	544c16b6355c9b74e281aded657d657224bff738366d5260e1a610d31b0d6297	False	ACCEPTED_IN_V003_PRODUCTION_NOT_INDEPENDENTLY_AUDITED
S01-R3-002	AB01-PDF0017-body-L005	17	« <i>in scientia geometriae ac astronomiae, in cognitione stellarum, in arte astrologica. Est</i>	« <i>in scientia geometriae ac astronomiae, in cognitione stellarum, in arte astrologica Est</i>	astrologica. Est	astrologica Est	digital_transcription	The source has no full stop after astrologica; remove punctuation supplied by the digital first pass.	high	history/interrupted_reread/qa/general_contact_009-016.png	SRC01 native page pixels; no outside text substituted	544c16b6355c9b74e281aded657d657224bff738366d5260e1a610d31b0d6297	False	ACCEPTED_IN_V003_PRODUCTION_NOT_INDEPENDENTLY_AUDITED
S01-R3-003	AB01-PDF0018-body-L015	18	« magnam eius excellentiam vastamque doctrinam indicant. Obiit anno 317, a Baġdād rediens,	« magnam eius excellentiam vastamque doctrinam indicant. Obiit anno 317, a Baghdād rediens,	Baġdād	Baghdād	digital_transcription	The source prints Baghdād with gh. The v002 dotted-g form was an unsupported normalization.	high	history/interrupted_reread/qa/general_contact_033-040.png	SRC01 native page pixels; no outside text substituted	544c16b6355c9b74e281aded657d657224bff738366d5260e1a610d31b0d6297	False	ACCEPTED_IN_V003_PRODUCTION_NOT_INDEPENDENTLY_AUDITED
S01-R3-004	AB01-PDF0019-body-L003	19	« pago (<ar>ناحية</ar>) agri (<ar>من أعمال</ar>) Ḥarrānensis (2) ..... In alia historia legi eum Baġdād intrasse, po-	« pago (<ar>ناحية</ar>) agri (<ar>من أعمال</ar>) Ḥarrānensis (2) ..... In alia historia legi eum Baghdād intrasse, po-	Baġdād	Baghdād	digital_transcription	Witness prints gh; reverse the unsupported dotted-g normalization.	high	qa/page_0019.png	SRC01 native page pixels; no outside text substituted	544c16b6355c9b74e281aded657d657224bff738366d5260e1a610d31b0d6297	False	ACCEPTED_IN_V003_PRODUCTION_NOT_INDEPENDENTLY_AUDITED
S01-R3-005	AB01-PDF0019-notes_right-L016	19	in urbe Marāġah, prope lacum Ūrmiyah, die 6 ǵu-	in urbe Marāghah, prope lacum Ūrmiyah, die 6 ǵu-	Marāġah	Marāghah	digital_transcription	Restore the source digraph gh in the printed toponym.	high	history/interrupted_reread/qa/general_contact_049-056.png	SRC01 native page pixels; no outside text substituted	544c16b6355c9b74e281aded657d657224bff738366d5260e1a610d31b0d6297	False	ACCEPTED_IN_V003_PRODUCTION_NOT_INDEPENDENTLY_AUDITED
S01-R3-006	AB01-PDF0026-notes_left-L021	26	« siding at Aracte in Mesopotamia, about the close	« siding at Aracle in Mesopotamia, about the close	Aracte	Aracle	digital_transcription	The disputed ascender has no t crossbar; native pixels print Aracle. The adjacent at supplies a same-line t comparator.	high	history/interrupted_reread/qa/G106_context_native.png	SRC01 native page pixels; no outside text substituted	544c16b6355c9b74e281aded657d657224bff738366d5260e1a610d31b0d6297	False	ACCEPTED_IN_V003_PRODUCTION_NOT_INDEPENDENTLY_AUDITED
S01-R3-007	AB01-PDF0027-notes_left-L016	27	apud <n>Muḥammad Rāġhib bāshā</n>, <i>Safīnat</i>	apud <n>Muḥammad Rāghib bāshā</n>, <i>Safīnat</i>	Rāġhib	Rāghib	digital_transcription	The source name prints gh; do not normalize it to dotted g.	high	history/interrupted_reread/qa/general_contact_113-120.png	SRC01 native page pixels; no outside text substituted	544c16b6355c9b74e281aded657d657224bff738366d5260e1a610d31b0d6297	False	ACCEPTED_IN_V003_PRODUCTION_NOT_INDEPENDENTLY_AUDITED
S01-R3-008	AB01-PDF0049-body-L001	49	« pended upon the Longitude of <i>Aracta</i>, would very much have confirmed me in the Opinion,	« pended upon the Longitude of <i>Aracla</i>, would very much have confirmed me in the Opinion,	Aracta	Aracla	digital_transcription	Native italic letter is l, without the crossbar of t; preserve the historical quotation spelling Aracla, not a modern place-name.	high	history/interrupted_reread/qa/native_word_G320_aracla.png; general_contact_313-320.png G320	SRC01 native page pixels; no outside text substituted	544c16b6355c9b74e281aded657d657224bff738366d5260e1a610d31b0d6297	False	ACCEPTED_IN_V003_PRODUCTION_NOT_INDEPENDENTLY_AUDITED
S01-R3-009	AB01-PDF0026-body-L020	26	De Banū az-Zayyāt (2) illis cum quibus al-Battānī se Baġdād contulit, nihil auctores	De Banū az-Zayyāt (2) illis cum quibus al-Battānī se Baghdād contulit, nihil auctores	Baġdād	Baghdād	digital_transcription	Visible Roman type prints gh, not a dotted g. Undo an unwitnessed transliteration normalization.	high	qa/page_0026.png	SRC01 native page pixels; no outside text substituted	544c16b6355c9b74e281aded657d657224bff738366d5260e1a610d31b0d6297	False	ACCEPTED_IN_V003_PRODUCTION_NOT_INDEPENDENTLY_AUDITED
S01-R3-010	AB01-PDF0027-notes_left-L017	27	<i>ar-rāġhib</i>, Būlāq 1282, p. 670–75 (p. 671 annus per-	<i>ar-rāghib</i>, Būlāq 1282, p. 670–75 (p. 671 annus per-	ar-rāġhib	ar-rāghib	digital_transcription	The italic bibliographic title prints gh; preserve that spelling separately from names elsewhere.	high	qa/page_0027.png	SRC01 native page pixels; no outside text substituted	544c16b6355c9b74e281aded657d657224bff738366d5260e1a610d31b0d6297	False	ACCEPTED_IN_V003_PRODUCTION_NOT_INDEPENDENTLY_AUDITED
S01-R3-011	AB01-PDF0018-notes_left-L007	18	coniicerent respuenda sunt, ut in § 2, nr. II, os-	coniecerunt respuenda sunt, ut in § 2, nr. II, os-	coniicerent	coniecerunt	digital_transcription	Native source prints coniecerunt, including e after i and u before nt; undo the digital change of both spelling and inflection.	high	history/interrupted_reread/qa/proof_005_native.png	SRC01 native page pixels; no outside text substituted	544c16b6355c9b74e281aded657d657224bff738366d5260e1a610d31b0d6297	False	ACCEPTED_IN_V003_PRODUCTION_NOT_INDEPENDENTLY_AUDITED
S01-R3-012	AB01-PDF0021-notes_right-L013	21	(9) In textu ambabus vocabulis littera <i>B</i> in-	(9) In textu ambabus vocalibus littera <i>B</i> in-	vocabulis	vocalibus	digital_transcription	The native print reads vocalibus. Preserve the witnessed order of letters, without replacing it by a linguistically preferred word.	high	history/interrupted_reread/qa/proof_014_native.png	SRC01 native page pixels; no outside text substituted	544c16b6355c9b74e281aded657d657224bff738366d5260e1a610d31b0d6297	False	ACCEPTED_IN_V003_PRODUCTION_NOT_INDEPENDENTLY_AUDITED
S01-R3-013	AB01-PDF0022-notes_right-L009	22	(7) <i>Geographi Graeci minores ed. Müller</i>, Pa-	(7) <i>Geographi Graeci minores ed. Miller</i>, Pa-	Müller	Miller	digital_transcription	The printed bibliographic name has a single dotted i. Preserve Miller; do not silently repair it from bibliographic knowledge.	high	history/interrupted_reread/qa/proof_017_native.png	SRC01 native page pixels; no outside text substituted	544c16b6355c9b74e281aded657d657224bff738366d5260e1a610d31b0d6297	False	ACCEPTED_IN_V003_PRODUCTION_NOT_INDEPENDENTLY_AUDITED
S01-R3-014	AB01-PDF0028-body-L020	28	operis astronomici (t. I, p. 131–34) et appendice spuria F (p. 149), calculum scilicet <i>directio-</i>	operis astronomici (t. I, p. 131–34) et adpendice spuria F (p. 149), calculum scilicet <i>directio-</i>	appendice	adpendice	digital_transcription	Preserve the printed consonant cluster dp; remove an unwitnessed spelling normalization.	high	history/interrupted_reread/qa/triage_contact_025-032.png T027	SRC01 native page pixels; no outside text substituted	544c16b6355c9b74e281aded657d657224bff738366d5260e1a610d31b0d6297	False	ACCEPTED_IN_V003_PRODUCTION_NOT_INDEPENDENTLY_AUDITED
S01-R3-015	AB01-PDF0032-notes_right-L008	32	des Chartes, 31<sup>e</sup> année, 1870, p. 157. Errorem iam	des Chartes, 31<sup>me</sup> année, 1870, p. 157. Errorem iam	31<sup>e</sup>	31<sup>me</sup>	digital_transcription	The source ordinal has superscript me, not e alone.	high	history/interrupted_reread/qa/triage_contact_025-032.png T030	SRC01 native page pixels; no outside text substituted	544c16b6355c9b74e281aded657d657224bff738366d5260e1a610d31b0d6297	False	ACCEPTED_IN_V003_PRODUCTION_NOT_INDEPENDENTLY_AUDITED
S01-R3-016	AB01-PDF0033-notes_right-L012	33	§ 114: « Das lateinische ms. Wien 2528..... ist noch	§ 114: « Das lateinische ms. Wien 5258..... ist noch	2528	5258	digital_transcription	The quoted manuscript number reads 5258; no inference from another catalogue is used.	high	history/interrupted_reread/qa/triage_contact_025-032.png T031	SRC01 native page pixels; no outside text substituted	544c16b6355c9b74e281aded657d657224bff738366d5260e1a610d31b0d6297	False	ACCEPTED_IN_V003_PRODUCTION_NOT_INDEPENDENTLY_AUDITED
S01-R3-017	AB01-PDF0034-notes_right-L005	34	« getur et in Commentario Geber iam prolixe dictum	« getur et in Commentario Geber tam prolixe dictum	Geber iam	Geber tam	digital_transcription	The initial letter of tam has a crossbar in the source, not an i dot.	high	history/interrupted_reread/qa/triage_contact_025-032.png T032	SRC01 native page pixels; no outside text substituted	544c16b6355c9b74e281aded657d657224bff738366d5260e1a610d31b0d6297	False	ACCEPTED_IN_V003_PRODUCTION_NOT_INDEPENDENTLY_AUDITED
S01-R3-018	AB01-PDF0035-notes_left-L005	35	(2) <n>Ed. Browne</n>, <i>A handlist of the muham-</i>	(2) <n>Ed. Browne</n>, <i>A hundlist of the muham-</i>	handlist	hundlist	digital_transcription	The historical bibliographic title visibly prints u, not a. Preserve the apparent printed error instead of correcting the title silently.	high	history/interrupted_reread/qa/proof_035_native.png	SRC01 native page pixels; no outside text substituted	544c16b6355c9b74e281aded657d657224bff738366d5260e1a610d31b0d6297	False	ACCEPTED_IN_V003_PRODUCTION_NOT_INDEPENDENTLY_AUDITED
S01-R3-019	AB01-PDF0039-body-L006	39	<i>Alpharabius, Anaritius, Asaphar, Asarchel</i> seu <i>Arzachel, Azophi</i>, aliaque multa virorum	<i>Alpharabius, Anaritius, Asaphar, Azarchel</i> seu <i>Arzachel, Azophi</i>, aliaque multa virorum	Asarchel	Azarchel	digital_transcription	The italic name has z, not s; restore the witnessed spelling.	high	history/interrupted_reread/qa/triage_contact_033-040.png T038	SRC01 native page pixels; no outside text substituted	544c16b6355c9b74e281aded657d657224bff738366d5260e1a610d31b0d6297	False	ACCEPTED_IN_V003_PRODUCTION_NOT_INDEPENDENTLY_AUDITED
S01-R3-020	AB01-PDF0039-body-L015	39	<i>gula alchatain, alhigera, alkali, alkehengi, alchimia, alambicus, alchermes, alkohol, alge-</i>	<i>gula alchatain, alhigera, alkali, alkekengi, alchimia, alambicus, alchermes, alkohol, alge-</i>	alkehengi	alkekengi	digital_transcription	Native crop resolves the second k by comparison with the first k in the same word.	high	qa/v003/p39_alkekengi.png	SRC01 native page pixels; no outside text substituted	544c16b6355c9b74e281aded657d657224bff738366d5260e1a610d31b0d6297	False	ACCEPTED_IN_V003_PRODUCTION_NOT_INDEPENDENTLY_AUDITED
S01-R3-021	AB01-PDF0039-body-L016	39	<i>bra</i> etc., et, astronomiam atque astrologiam quod attinet, <i>almagesti</i> seu <i>almagestrum, alma-</i>	<i>bra</i> etc., et, astronomiam atque astrologiam quod attinet, <i>almagesti</i> seu <i>almagestum, alma-</i>	almagestrum	almagestum	digital_transcription	The print has no r between t and u; remove the inserted digital letter.	high	history/interrupted_reread/qa/triage_contact_033-040.png T040	SRC01 native page pixels; no outside text substituted	544c16b6355c9b74e281aded657d657224bff738366d5260e1a610d31b0d6297	False	ACCEPTED_IN_V003_PRODUCTION_NOT_INDEPENDENTLY_AUDITED
S01-R3-022	AB01-PDF0050-notes_right-L003	50	1903, t. I, p. 170, al-Battānī dicit « nato a Batan nella	1903, t. I, p. 170, al-Battānī dicit « nato a Balan nella	Batan	Balan	digital_transcription	Native source has a tall l without the crossbar of t. Preserve this historical quotation even if its place-name is erroneous.	high	qa/v003/p50_Balan.png	SRC01 native page pixels; no outside text substituted	544c16b6355c9b74e281aded657d657224bff738366d5260e1a610d31b0d6297	False	ACCEPTED_IN_V003_PRODUCTION_NOT_INDEPENDENTLY_AUDITED
S01-R3-023	AB01-PDF0039-body-L019	39	<i>alcobol, almemen, alichorad, alfazim, alhylech, alcochoden, algebugthar, azemena</i>, praeter	<i>alcobol, almenen, alichorad, alfazim, alhylech, alcochoden, algebugthar, azemena</i>, praeter	almemen	almenen	digital_transcription	Restore the visibly printed historical spelling; retain even nonstandard or potentially erroneous forms, without lexical normalization.	high	history/interrupted_reread/qa/triage_contact_041-048.png T041	SRC01 native page pixels; no outside text substituted	544c16b6355c9b74e281aded657d657224bff738366d5260e1a610d31b0d6297	False	ACCEPTED_IN_V003_PRODUCTION_NOT_INDEPENDENTLY_AUDITED
S01-R3-024	AB01-PDF0039-body-L023	39	lato: diff. IV, cap. 10 (ed. 1485, f. dd5,v.–dd6,r.): « et ex hoc <i>amanbaharat</i> [corr. <i>anawba-</i>	lato: diff. IV, cap. 10 (ed. 1485, f. dd5,v.–dd6,r.): « et ex hoc <i>amanbaharat</i> [corr. <i>anauba-</i>	anawba	anauba	digital_transcription	Restore the visibly printed historical spelling; retain even nonstandard or potentially erroneous forms, without lexical normalization.	high	history/interrupted_reread/qa/triage_contact_041-048.png T042	SRC01 native page pixels; no outside text substituted	544c16b6355c9b74e281aded657d657224bff738366d5260e1a610d31b0d6297	False	ACCEPTED_IN_V003_PRODUCTION_NOT_INDEPENDENTLY_AUDITED
S01-R3-025	AB01-PDF0039-notes_left-L011	39	<i>magisterium iudiciorum astrorum, interpretatus</i>	<i>magisterium iuditiorum astrorum, interpretatus</i>	iudiciorum	iuditiorum	digital_transcription	Restore the visibly printed historical spelling; retain even nonstandard or potentially erroneous forms, without lexical normalization.	high	history/interrupted_reread/qa/triage_contact_041-048.png T043	SRC01 native page pixels; no outside text substituted	544c16b6355c9b74e281aded657d657224bff738366d5260e1a610d31b0d6297	False	ACCEPTED_IN_V003_PRODUCTION_NOT_INDEPENDENTLY_AUDITED
S01-R3-026	AB01-PDF0039-notes_right-L016	39	<i>lavie</i> (<i>laulabiyyah</i>, spirales) et 165 « <i>mutasicha</i> »	<i>lavie</i> (<i>lawlabiyyah</i>, spirales) et 165 « <i>mutasicha</i> »	laulabiyyah	lawlabiyyah	digital_transcription	Restore the visibly printed historical spelling; retain even nonstandard or potentially erroneous forms, without lexical normalization.	high	history/interrupted_reread/qa/triage_contact_041-048.png T045	SRC01 native page pixels; no outside text substituted	544c16b6355c9b74e281aded657d657224bff738366d5260e1a610d31b0d6297	False	ACCEPTED_IN_V003_PRODUCTION_NOT_INDEPENDENTLY_AUDITED
S01-R3-027	AB01-PDF0039-notes_right-L018	39	« aliqua stella ex <i>albememia</i> » (l. <i>albeibeniis</i>), quia	« aliqua stella ex <i>albemenia</i> » (l. <i>albeibeniis</i>), quia	albememia	albemenia	digital_transcription	Restore the visibly printed historical spelling; retain even nonstandard or potentially erroneous forms, without lexical normalization.	high	history/interrupted_reread/qa/triage_contact_041-048.png T046	SRC01 native page pixels; no outside text substituted	544c16b6355c9b74e281aded657d657224bff738366d5260e1a610d31b0d6297	False	ACCEPTED_IN_V003_PRODUCTION_NOT_INDEPENDENTLY_AUDITED
S01-R3-028	AB01-PDF0041-notes_right-L003	41	XVII caput Albatenii intelligens: « ce que dit.... Al-	XVIII caput Albatenii intelligens: « ce que dit.... Al-	XVII caput	XVIII caput	digital_transcription	Restore all three I strokes after V in the printed chapter reference.	high	history/interrupted_reread/qa/triage_contact_049-056.png T053	SRC01 native page pixels; no outside text substituted	544c16b6355c9b74e281aded657d657224bff738366d5260e1a610d31b0d6297	False	ACCEPTED_IN_V003_PRODUCTION_NOT_INDEPENDENTLY_AUDITED
S01-R3-029	AB01-PDF0042-body-L022	42	dendo enneadecaeteridem Methonis (235 menses synodicos Hipparchi complectentem) per 19,	dendo enneadecateridem Methonis (235 menses synodicos Hipparchi complectentem) per 19,	enneadecaeteridem	enneadecateridem	digital_transcription	The source has no e between ca and te; preserve the historical spelling rather than regularizing the Greek-derived term.	high	history/interrupted_reread/qa/triage_contact_049-056.png T056	SRC01 native page pixels; no outside text substituted	544c16b6355c9b74e281aded657d657224bff738366d5260e1a610d31b0d6297	False	ACCEPTED_IN_V003_PRODUCTION_NOT_INDEPENDENTLY_AUDITED
S01-R3-030	AB01-PDF0043-body-L017	43	<i>sṭandīnā lě da‘at al-Battānī wě lě da‘at hā ḥākām ‘Immānū’ēl ba‘al hak-kěnāphīm</i> (6).	<i>sṭandūnā lě da‘at al-Battānī wě lě da‘at hā ḥākām ‘Immānū’ēl ba‘al hak-kěnāphīm</i> (6).	sṭandīnā	sṭandūnā	digital_transcription	The native printed vowel between d and n is ū, not ī. No other transliteration sign is normalized.	high	history/interrupted_reread/qa/triage_contact_057-064.png T063	SRC01 native page pixels; no outside text substituted	544c16b6355c9b74e281aded657d657224bff738366d5260e1a610d31b0d6297	False	ACCEPTED_IN_V003_PRODUCTION_NOT_INDEPENDENTLY_AUDITED
S01-R3-031	AB01-PDF0043-notes_left-L018	43	(3) Col. 342 editionis quam illius VIII tractatus,	(3) Col. 312 editionis quam illius VIII tractatus,	342	312	digital_transcription	The printed column reference is 312, not 342.	high	history/interrupted_reread/qa/triage_contact_065-072.png T066	SRC01 native page pixels; no outside text substituted	544c16b6355c9b74e281aded657d657224bff738366d5260e1a610d31b0d6297	False	ACCEPTED_IN_V003_PRODUCTION_NOT_INDEPENDENTLY_AUDITED
S01-R3-032	AB01-PDF0044-notes_left-L011	44	« comprobant evidenter. Absit enim ut tantus philo-	« comprobat evidenter. Absit enim ut tantus philo-	comprobant	comprobat	digital_transcription	The source has comprobat without n; restore the singular verb as witnessed.	high	history/interrupted_reread/qa/triage_contact_065-072.png T071	SRC01 native page pixels; no outside text substituted	544c16b6355c9b74e281aded657d657224bff738366d5260e1a610d31b0d6297	False	ACCEPTED_IN_V003_PRODUCTION_NOT_INDEPENDENTLY_AUDITED
S01-R3-033	AB01-PDF0044-notes_right-L004	44	« <i>sanis Vuintoniensibus</i> et aliis ». Ex hoc loco ta-	« <i>sanis Vuintoniensibus</i> et alijs ». Ex hoc loco ta-	aliis	alijs	digital_transcription	The second i is printed as j in the historical quotation; preserve that orthography.	high	history/interrupted_reread/qa/triage_contact_073-080.png T073	SRC01 native page pixels; no outside text substituted	544c16b6355c9b74e281aded657d657224bff738366d5260e1a610d31b0d6297	False	ACCEPTED_IN_V003_PRODUCTION_NOT_INDEPENDENTLY_AUDITED
S01-R3-034	AB01-PDF0047-notes_left-L019	47	« aliis locis excentrici Solis [i. e. extra apogeum] cum	« aliis locis ecentrici Solis [i. e. extra apogeum] cum	excentrici	ecentrici	digital_transcription	The quotation prints ecentrici without x; preserve the source spelling.	high	history/interrupted_reread/qa/triage_contact_073-080.png T076	SRC01 native page pixels; no outside text substituted	544c16b6355c9b74e281aded657d657224bff738366d5260e1a610d31b0d6297	False	ACCEPTED_IN_V003_PRODUCTION_NOT_INDEPENDENTLY_AUDITED
S01-R3-035	AB01-PDF0048-body-L017	48	parum inservientes; « for in and near these Places were made all the Observations whereby	paucum inservientes; « for in and near these Places were made all the Observations whereby	parum	paucum	digital_transcription	The print reads paucum, not parum; both c and u are visible.	high	history/interrupted_reread/qa/triage_contact_073-080.png T077	SRC01 native page pixels; no outside text substituted	544c16b6355c9b74e281aded657d657224bff738366d5260e1a610d31b0d6297	False	ACCEPTED_IN_V003_PRODUCTION_NOT_INDEPENDENTLY_AUDITED
S01-R3-036	AB01-PDF0051-notes_right-L004	51	« aux vera, est solummodo remotior locus excentrici	« aux vera, est solummodo remotior locus ecentrici	excentrici	ecentrici	digital_transcription	The historical quotation prints ecentrici without x; preserve its orthography.	high	history/interrupted_reread/qa/triage_contact_081-088.png T085	SRC01 native page pixels; no outside text substituted	544c16b6355c9b74e281aded657d657224bff738366d5260e1a610d31b0d6297	False	ACCEPTED_IN_V003_PRODUCTION_NOT_INDEPENDENTLY_AUDITED
S01-R3-037	AB01-PDF0052-body-L003	52	periebantur (3). Bis contra e quibusdam Almagesti exemplaribus insulsa illa Graeca <i>afāǵiyūn</i>	periebantur (3). Bis contra e quibusdam Almagesti exemplaribus insulsa illa Graeca <i>afīǵiyūn</i>	afāǵiyūn	afīǵiyūn	digital_transcription	Native enlargement resolves ī after f; the g-acute and remaining transliteration are retained.	high	history/interrupted_reread/qa/proof_086_native.png	SRC01 native page pixels; no outside text substituted	544c16b6355c9b74e281aded657d657224bff738366d5260e1a610d31b0d6297	False	ACCEPTED_IN_V003_PRODUCTION_NOT_INDEPENDENTLY_AUDITED
S01-R3-038	AB01-PDF0052-body-L004	52	et <i>ferǵiyūn</i> accepit, de quibus p. 282 (cfr. p. xxxvii, adn.) disserui, et Graeca ventorum nomina	et <i>ferīǵiyūn</i> accepit, de quibus p. 282 (cfr. p. xxxvii, adn.) disserui, et Graeca ventorum nomina	ferǵiyūn	ferīǵiyūn	digital_transcription	Restore the visible ī between r and g-acute.	high	history/interrupted_reread/qa/proof_087_native.png	SRC01 native page pixels; no outside text substituted	544c16b6355c9b74e281aded657d657224bff738366d5260e1a610d31b0d6297	False	ACCEPTED_IN_V003_PRODUCTION_NOT_INDEPENDENTLY_AUDITED
S01-R3-039	AB01-PDF0056-body-L006	56	<i>Tangentes</i> et <i>cotangentes</i> in usum dumtaxat gnomonicae adhibet, non tanquam veras	<i>Tangentes</i> et <i>cotangentes</i> in usum dumtaxat gnomonicae adhibet, non tamquam veras	tanquam	tamquam	digital_transcription	The printed connective uses m; preserve this instance rather than imposing a uniform spelling.	high	history/interrupted_reread/qa/triage_contact_089-096.png T092	SRC01 native page pixels; no outside text substituted	544c16b6355c9b74e281aded657d657224bff738366d5260e1a610d31b0d6297	False	ACCEPTED_IN_V003_PRODUCTION_NOT_INDEPENDENTLY_AUDITED
S01-R3-040	AB01-PDF0058-body-L004	58	et Arabis <n>Maslem</n> (i. e. Maslamah al-Maǵrīṭī) observationes interiecit.	et Arabis <n>Maslem</n> (i. e. Maslamah al-Maǵrīṭī) observationes interpres interiecit.	observationes interiecit	observationes interpres interiecit	digital_transcription	Restore the complete printed word interpres omitted by the digital transcription.	high	history/interrupted_reread/qa/triage_contact_089-096.png T096	SRC01 native page pixels; no outside text substituted	544c16b6355c9b74e281aded657d657224bff738366d5260e1a610d31b0d6297	False	ACCEPTED_IN_V003_PRODUCTION_NOT_INDEPENDENTLY_AUDITED
S01-R3-041	AB01-PDF0059-body-L008	59	<i>menta astronomica</i> <n>Alfragani</n>. <i>Item</i> <n>Albategnius</n> <i>astronomus peritissimus de motu</i>	<i>menta astronomica</i> <n>Alfragrani</n>. <i>Item</i> <n>Albategnius</n> <i>astronomus peritissimus de motu</i>	Alfragani	Alfragrani	digital_transcription	The source name contains an additional r after g. Restore it without bibliographic correction.	high	qa/v003/p59_Alfragrani.png	SRC01 native page pixels; no outside text substituted	544c16b6355c9b74e281aded657d657224bff738366d5260e1a610d31b0d6297	False	ACCEPTED_IN_V003_PRODUCTION_NOT_INDEPENDENTLY_AUDITED
S01-R3-042	AB01-PDF0059-notes_right-L009	59	scimus (aequationes ubique terrarum immutatae ex-	scimus (aequationes ubique terrarum immutata ex-	immutatae	immutata	digital_transcription	The source prints immutata, without final e; do not silently regularize agreement.	high	history/interrupted_reread/qa/triage_contact_097-104.png T101	SRC01 native page pixels; no outside text substituted	544c16b6355c9b74e281aded657d657224bff738366d5260e1a610d31b0d6297	False	ACCEPTED_IN_V003_PRODUCTION_NOT_INDEPENDENTLY_AUDITED
S01-R3-043	AB01-PDF0060-body-L032	60	differt. Postea appendix inscripta « <i>De opere isto quod ad caeli similitudinem formatur</i> »,	differt. Postea adpendix inscripta « <i>De opere isto quod ad caeli similitudinem formatur</i> »,	appendix	adpendix	digital_transcription	Preserve the witnessed dp spelling.	high	history/interrupted_reread/qa/triage_contact_097-104.png T102	SRC01 native page pixels; no outside text substituted	544c16b6355c9b74e281aded657d657224bff738366d5260e1a610d31b0d6297	False	ACCEPTED_IN_V003_PRODUCTION_NOT_INDEPENDENTLY_AUDITED
S01-R3-044	AB01-PDF0061-body-L011	61	quoque exstans, cui subsequitur alhidadae (seu triquetri); haec pars explicit: « genit capitum	quoque exstans, cui subsequitur alhidadae (seu triquetri); haec pars explicit: « çenit capitum	genit	çenit	digital_transcription	Native enlargement shows c with cedilla, not g; restore the exact historical word form.	high	qa/v003/p61_cenit.png	SRC01 native page pixels; no outside text substituted	544c16b6355c9b74e281aded657d657224bff738366d5260e1a610d31b0d6297	False	ACCEPTED_IN_V003_PRODUCTION_NOT_INDEPENDENTLY_AUDITED
S01-R3-045	AB01-PDF0062-body-L034	62	bus clavis in polos eclipticae infigendis connectitur globo, ita ut circa clavos illos leviter volvi	bus clavis in polos eclipticae infigendis connectetur globo, ita ut circa clavos illos leviter volvi	connectitur	connectetur	digital_transcription	The source vowel is e after t; preserve the printed inflection.	high	history/interrupted_reread/qa/triage_contact_097-104.png T104	SRC01 native page pixels; no outside text substituted	544c16b6355c9b74e281aded657d657224bff738366d5260e1a610d31b0d6297	False	ACCEPTED_IN_V003_PRODUCTION_NOT_INDEPENDENTLY_AUDITED
S01-R3-046	AB01-PDF0063-body-L022	63	« dabis ut rotunde sedili assilientur [l. assimilentur?], et super ipsius sedili libra circulum ada-	« dabis ut rotunde sedili assilientur [l. assimiletur?], et super ipsius sedili libra circulum ada-	assimilentur	assimiletur	digital_transcription	The bracketed historical proposed reading is singular assimiletur; do not change its inflection.	high	history/interrupted_reread/qa/triage_contact_105-112.png T105	SRC01 native page pixels; no outside text substituted	544c16b6355c9b74e281aded657d657224bff738366d5260e1a610d31b0d6297	False	ACCEPTED_IN_V003_PRODUCTION_NOT_INDEPENDENTLY_AUDITED
S01-R3-047	AB01-PDF0065-body-L022	65	<n>Alkasem filius Achasith</n> <i>de natiuitatum reuolutionibus</i>, ex Arabico. Auctor, al-	<n>Alkasem filius Achasith</n> <i>de nativitatum revolutionibus</i>, ex Arabico. Auctor, al-	natiuitatum reuolutionibus	nativitatum revolutionibus	digital_transcription	Both historical printed consonants are v, not u; restore the typography of this title only.	high	history/interrupted_reread/qa/triage_contact_105-112.png T106; history/interrupted_reread/qa/proof_106_native.png	SRC01 native page pixels; no outside text substituted	544c16b6355c9b74e281aded657d657224bff738366d5260e1a610d31b0d6297	False	ACCEPTED_IN_V003_PRODUCTION_NOT_INDEPENDENTLY_AUDITED
S01-R3-048	AB01-PDF0066-body-L016	66	tur (7). Incipit: « <i>Aquì se comienza el libro de los canones de Albateni que mandò escreuir	tur (7). Incipit: « <i>Aquì se comienza el libro de los canones de Albateni que mandò escrevir	escreuir	escrevir	digital_transcription	The historical Spanish quotation prints v; preserve it rather than imposing a u/v convention.	high	history/interrupted_reread/qa/triage_contact_105-112.png T107; history/interrupted_reread/qa/proof_107_native.png	SRC01 native page pixels; no outside text substituted	544c16b6355c9b74e281aded657d657224bff738366d5260e1a610d31b0d6297	False	ACCEPTED_IN_V003_PRODUCTION_NOT_INDEPENDENTLY_AUDITED
S01-R3-049	AB01-PDF0066-body-L026	66	versio Platonis et textus Arabicus: « Et otrosí si ovieres mester de tomar con ellas su altura	versio Platonis et textus Arabicus: « Et otrosí si ovieres mester de tommar con ellas su altura	de tomar	de tommar	digital_transcription	Restore both printed m letters in the historical Spanish quotation.	high	history/interrupted_reread/qa/triage_contact_105-112.png T108	SRC01 native page pixels; no outside text substituted	544c16b6355c9b74e281aded657d657224bff738366d5260e1a610d31b0d6297	False	ACCEPTED_IN_V003_PRODUCTION_NOT_INDEPENDENTLY_AUDITED
S01-R3-050	AB01-PDF0066-notes_left-L001	66	(1) <i>Yusuf ben Ibrahim und Ahmed ben Yusuf</i>,	(1) <i>Jusuf ben Ibrahim und Ahmed ben Jusuf</i>,	Yusuf ben Ibrahim und Ahmed ben Yusuf	Jusuf ben Ibrahim und Ahmed ben Jusuf	digital_transcription	The cited German title prints J in both names; restore both instances.	high	history/interrupted_reread/qa/triage_contact_105-112.png T109	SRC01 native page pixels; no outside text substituted	544c16b6355c9b74e281aded657d657224bff738366d5260e1a610d31b0d6297	False	ACCEPTED_IN_V003_PRODUCTION_NOT_INDEPENDENTLY_AUDITED
S01-R3-051	AB01-PDF0066-notes_left-L011	66	(5) <i>Bibliotheca Hispana vetus auctore</i> D. <n>Ni-	(5) <i>Bibliotheca Hispana vetus autore</i> D. <n>Ni-	auctore	autore	digital_transcription	The bibliographic title prints autore without c; preserve the witness.	high	history/interrupted_reread/qa/triage_contact_105-112.png T110	SRC01 native page pixels; no outside text substituted	544c16b6355c9b74e281aded657d657224bff738366d5260e1a610d31b0d6297	False	ACCEPTED_IN_V003_PRODUCTION_NOT_INDEPENDENTLY_AUDITED
S01-R3-052	AB01-PDF0067-body-L023	67	« bien redonda y bien fecha y bien certa de qual tamanno quisieres y faz en ella dos polos	« bien redonda y bien fecha y bien certa de qual tamano quisieres y faz en ella dos polos	tamanno	tamano	digital_transcription	The source has one unaccented n; remove the inserted n without replacing it by a modern ñ.	high	history/interrupted_reread/qa/proof_111_native.png	SRC01 native page pixels; no outside text substituted	544c16b6355c9b74e281aded657d657224bff738366d5260e1a610d31b0d6297	False	ACCEPTED_IN_V003_PRODUCTION_NOT_INDEPENDENTLY_AUDITED
S01-R3-053	AB01-PDF0068-body-L013	68	« por dos medios y lajan se ellos mismos sobre dos puntos oppositarios los que son en el cerco	« por dos medios y tajan se ellos mismos sobre dos puntos oppositarios los que son en el cerco	lajan	tajan	digital_transcription	The initial letter has the printed t cross-stroke; no expansion of the historical quotation.	high	history/interrupted_reread/qa/triage_contact_113-120.png	SRC01 native page pixels; no outside text substituted	544c16b6355c9b74e281aded657d657224bff738366d5260e1a610d31b0d6297	False	ACCEPTED_IN_V003_PRODUCTION_NOT_INDEPENDENTLY_AUDITED
S01-R3-054	AB01-PDF0068-body-L017	68	« y faz en la faz que es de dentro con un compas cerco que sea tamanno como un cerco de	« y faz en la faz que es de dentro con un compas cerco que sea tamano como un cerco de	tamanno	tamano	digital_transcription	One unaccented n is printed; do not substitute a modern ñ.	high	history/interrupted_reread/qa/triage_contact_113-120.png	SRC01 native page pixels; no outside text substituted	544c16b6355c9b74e281aded657d657224bff738366d5260e1a610d31b0d6297	False	ACCEPTED_IN_V003_PRODUCTION_NOT_INDEPENDENTLY_AUDITED
S01-R3-055	AB01-PDF0069-body-L005	69	« subiere dellos sobre la faz de la spera y que sea el reboluimiento de la spera sobre los dos	« subere dellos sobre la faz de la spera y que sea el reboluimiento de la spera sobre los dos	subiere	subere	digital_transcription	The printed quotation has subere without i.	high	history/interrupted_reread/qa/triage_contact_113-120.png	SRC01 native page pixels; no outside text substituted	544c16b6355c9b74e281aded657d657224bff738366d5260e1a610d31b0d6297	False	ACCEPTED_IN_V003_PRODUCTION_NOT_INDEPENDENTLY_AUDITED
S01-R3-056	AB01-PDF0070-body-L004	70	giani</i> [sic] <i>Almaruff Bilabeti</i>; ubi Algiorgiani seu al-Ǵorǵānī videtur corruptum ex al-	giani</i> [sic] <i>Almaruff Bilaabeti</i>; ubi Algiorgiani seu al-Ǵorǵānī videtur corruptum ex al-	Bilabeti	Bilaabeti	digital_transcription	Preserve the two printed a letters in the quoted manuscript title.	high	history/interrupted_reread/qa/triage_contact_113-120.png	SRC01 native page pixels; no outside text substituted	544c16b6355c9b74e281aded657d657224bff738366d5260e1a610d31b0d6297	False	ACCEPTED_IN_V003_PRODUCTION_NOT_INDEPENDENTLY_AUDITED
S01-R3-057	AB01-PDF0070-body-L004	70	giani</i> [sic] <i>Almaruff Bilaabeti</i>; ubi Algiorgiani seu al-Ǵorǵānī videtur corruptum ex al-	giani</i> [sic] <i>Almaruff Bilaabeti</i>; ubi Algiorgiami seu al-Ǵorǵānī videtur corruptum ex al-	Algiorgiani	Algiorgiami	digital_transcription	The printed name has m, not n.	high	history/interrupted_reread/qa/triage_contact_113-120.png	SRC01 native page pixels; no outside text substituted	544c16b6355c9b74e281aded657d657224bff738366d5260e1a610d31b0d6297	False	ACCEPTED_IN_V003_PRODUCTION_NOT_INDEPENDENTLY_AUDITED
S01-R3-058	AB01-PDF0070-body-L006	70	tuenda <i>al-ma‘rūf bi ’l-Battānī</i> « [nomine] al-Battānī notus ». Alter: <i>Effermeridi et il modo	tuenda <i>al-ma‘rūf bi ’l-Battānī</i> « [nomine] al-Battānī notus ». Alter: <i>Effemeridi et il modo	Effermeridi	Effemeridi	digital_transcription	Remove the unsupported first r in the historical Italian title.	high	history/interrupted_reread/qa/triage_contact_121-128.png	SRC01 native page pixels; no outside text substituted	544c16b6355c9b74e281aded657d657224bff738366d5260e1a610d31b0d6297	False	ACCEPTED_IN_V003_PRODUCTION_NOT_INDEPENDENTLY_AUDITED
S01-R3-059	AB01-PDF0071-body-L013	71	perperam omissa, apud Platonem reperissem. Aliae mendae vero minoris momenti, praesertim	perperam omissa, apud Platonem repperissem. Aliae mendae vero minoris momenti, praesertim	reperissem	repperissem	digital_transcription	The source prints double p.	high	history/interrupted_reread/qa/triage_contact_121-128.png	SRC01 native page pixels; no outside text substituted	544c16b6355c9b74e281aded657d657224bff738366d5260e1a610d31b0d6297	False	ACCEPTED_IN_V003_PRODUCTION_NOT_INDEPENDENTLY_AUDITED
S01-R3-060	AB01-PDF0072-body-L029	72	et res astronomo tritissimas iis qui litteris Arabicis vacant summopere arduas et intellectu	et res astronomo tritissimas iis qui litteris Arabicis vacent summopere arduas et intellectu	vacant	vacent	digital_transcription	Restore printed e; this is a transcription repair, not a grammatical emendation.	high	history/interrupted_reread/qa/triage_contact_121-128.png	SRC01 native page pixels; no outside text substituted	544c16b6355c9b74e281aded657d657224bff738366d5260e1a610d31b0d6297	False	ACCEPTED_IN_V003_PRODUCTION_NOT_INDEPENDENTLY_AUDITED
S01-R3-061	AB01-PDF0075-body-L002	75	dit, anno 745 heg. (inc. 14 Maii 1344) obiit.	dit, anno 745 heg. (inc. 14 Maii 1314) obiit.	1344	1314	digital_transcription	The printed date is 1314; preserve it even though surrounding chronology may suggest a different date.	high	history/interrupted_reread/qa/triage_contact_121-128.png	SRC01 native page pixels; no outside text substituted	544c16b6355c9b74e281aded657d657224bff738366d5260e1a610d31b0d6297	False	ACCEPTED_IN_V003_PRODUCTION_NOT_INDEPENDENTLY_AUDITED
S01-R3-062	AB01-PDF0075-body-L035	75	nr. 200 fert, ac falso dicitur esse <i>Nihāyat al-idrāk</i> a Quṭb ad-dīn ash-Shīrāzī conscripta).	nr. 290 fert, ac falso dicitur esse <i>Nihāyat al-idrāk</i> a Quṭb ad-dīn ash-Shīrāzī conscripta).	200	290	digital_transcription	Restore the printed catalogue number 290.	high	history/interrupted_reread/qa/triage_contact_129-136.png	SRC01 native page pixels; no outside text substituted	544c16b6355c9b74e281aded657d657224bff738366d5260e1a610d31b0d6297	False	ACCEPTED_IN_V003_PRODUCTION_NOT_INDEPENDENTLY_AUDITED
S01-R3-063	AB01-PDF0078-body-L008	78	richtungen zu « Die Mathematiker und Astronomen der Araber und ihre Werke »</i> in	richtigungen zu « Die Mathematiker und Astronomen der Araber und ihre Werke »</i> in	richtungen	richtigungen	digital_transcription	Restore the missing ig in the continuation of the German title.	high	history/interrupted_reread/qa/triage_contact_137-144.png	SRC01 native page pixels; no outside text substituted	544c16b6355c9b74e281aded657d657224bff738366d5260e1a610d31b0d6297	False	ACCEPTED_IN_V003_PRODUCTION_NOT_INDEPENDENTLY_AUDITED
S01-R3-064	AB01-PDF0079-body-L027	79	6,11, pro <i>his causis antiqui diviserunt: quia.....</i> l. <i>antiqui diviserunt, pluribus impellentes	6,11, pro <i>his causis antiqui diviserunt: quia.....</i> l. <i>antiqui diviserunt, pluribus innitentes	impellentes	innitentes	digital_transcription	Restore the actual printed correction lemma; do not apply the correction to its target page.	high	history/interrupted_reread/qa/triage_contact_137-144.png	SRC01 native page pixels; no outside text substituted	544c16b6355c9b74e281aded657d657224bff738366d5260e1a610d31b0d6297	False	ACCEPTED_IN_V003_PRODUCTION_NOT_INDEPENDENTLY_AUDITED
S01-R3-065	AB01-PDF0080-body-L018	80	masius</n>, <i>De annis climactericis et antiqua astrologia diatribe</i>, Lugduni Batavorum	masius</n>, <i>De annis climactericis et antiqua astrologia diatribae</i>, Lugduni Batavorum	diatribe	diatribae	digital_transcription	Restore the printed book-title ending.	high	history/interrupted_reread/qa/triage_contact_137-144.png	SRC01 native page pixels; no outside text substituted	544c16b6355c9b74e281aded657d657224bff738366d5260e1a610d31b0d6297	False	ACCEPTED_IN_V003_PRODUCTION_NOT_INDEPENDENTLY_AUDITED
S01-R3-066	AB01-PDF0081-body-L034	81	bent. Unum problematum libri <i>de sphaea</i>, cuius auctor <n>az-Zarqālī</n>, est: longitudinem	bent. Unum problematum libri <i>de saphaea</i>, cuius auctor <n>az-Zarqālī</n>, est: longitudinem	sphaea	saphaea	digital_transcription	Restore the printed instrument-name spelling.	high	history/interrupted_reread/qa/triage_contact_145-152.png	SRC01 native page pixels; no outside text substituted	544c16b6355c9b74e281aded657d657224bff738366d5260e1a610d31b0d6297	False	ACCEPTED_IN_V003_PRODUCTION_NOT_INDEPENDENTLY_AUDITED
S01-R3-067	AB01-PDF0082-body-L029	82	« peritissimo et docto, qui in suo commento supra tabulas Toletanas per <n>Arzachelem</n>	« peritissimo et docto, qui in suo comento supra tabulas Toletanas per <n>Arzachelem</n>	commento	comento	digital_transcription	The quoted text prints one m.	high	history/interrupted_reread/qa/triage_contact_145-152.png	SRC01 native page pixels; no outside text substituted	544c16b6355c9b74e281aded657d657224bff738366d5260e1a610d31b0d6297	False	ACCEPTED_IN_V003_PRODUCTION_NOT_INDEPENDENTLY_AUDITED
S01-R3-068	AB01-PDF0083-body-L003	83	incertam solstitiorum observationem, in calculo longitudinis apogaei solaris usum esse ob-	incertam solstitiorum observationem, in calculo longitudinis apogei solaris usum esse ob-	apogaei	apogei	digital_transcription	Restore the printed spelling without interpolated a.	high	history/interrupted_reread/qa/triage_contact_145-152.png	SRC01 native page pixels; no outside text substituted	544c16b6355c9b74e281aded657d657224bff738366d5260e1a610d31b0d6297	False	ACCEPTED_IN_V003_PRODUCTION_NOT_INDEPENDENTLY_AUDITED
S01-R3-069	AB01-PDF0083-body-L006	83	-Zarqālī operum (quorum solus liber de sphaea, in versione Hispanica, typis excusus est)	-Zarqālī operum (quorum solus liber de saphaea, in versione Hispanica, typis excusus est)	sphaea	saphaea	digital_transcription	Restore the printed instrument-name spelling.	high	history/interrupted_reread/qa/triage_contact_145-152.png	SRC01 native page pixels; no outside text substituted	544c16b6355c9b74e281aded657d657224bff738366d5260e1a610d31b0d6297	False	ACCEPTED_IN_V003_PRODUCTION_NOT_INDEPENDENTLY_AUDITED
S01-R3-070	AB01-PDF0087-body-L003	87	gruere; qua re non impossibile est initium codicum Laurentiani et Parisiensis, quo vox	gruere; qua re non impossibile est initium codicun Laurentiani et Parisiensis, quo vox	codicum	codicun	digital_transcription	The source visibly ends in n; retain the printed error rather than silently supplying Latin m.	high	history/interrupted_reread/qa/triage_contact_153-160.png	SRC01 native page pixels; no outside text substituted	544c16b6355c9b74e281aded657d657224bff738366d5260e1a610d31b0d6297	False	ACCEPTED_IN_V003_PRODUCTION_NOT_INDEPENDENTLY_AUDITED
S01-R3-071	AB01-PDF0070-body-L004	70	giani</i> [sic] <i>Almaruff Bilaabeti</i>; ubi Algiorgiami seu al-Ǵorǵānī videtur corruptum ex al-	giami</i> [sic] <i>Almaruff Bilaabeti</i>; ubi Algiorgiami seu al-Ǵorǵānī videtur corruptum ex al-	giani</i>	giami</i>	digital_transcription	Restore printed mi in the line-initial continuation of the manuscript title.	high	history/interrupted_reread/qa/proof_120_native.png	SRC01 native page pixels; no outside text substituted	544c16b6355c9b74e281aded657d657224bff738366d5260e1a610d31b0d6297	False	ACCEPTED_IN_V003_PRODUCTION_NOT_INDEPENDENTLY_AUDITED
S01-R3-072	AB01-PDF0037-body-L017	37	rores servant; opuscula sunt p. 89–93 (Centiloquium) et 100–102 (perperam in edd. 110–112!).	rores servant; opuscula sunt p. 89–93 (Centiloquium) et <glyph>AB01-PDF0037-G01</glyph> (perperam in edd. 110–112!).	100–102	<glyph>AB01-PDF0037-G01</glyph>	source_image_fallback	S01-U013: withdraw the uncertain character-level representation in favor of an exact native source-image object. Earlier proposed text remains in immutable history and this change ledger; no historical correction is silently supplied.	high for pixel preservation; character-level interpretation remains unresolved	source/raw/AB01-PDF0037-G01-raw.png	SRC01 native page pixels; no outside text substituted	544c16b6355c9b74e281aded657d657224bff738366d5260e1a610d31b0d6297	False	ACCEPTED_IN_V003_PRODUCTION_NOT_INDEPENDENTLY_AUDITED
S01-R3-073	AB01-PDF0040-notes_left-L020	40	(3) E Pehlvico <i>zīk</i>, Neo-persico <ar>زِگ</ar> <i>zīg</i>, i.	(3) E Pehlvico <i>zīk</i>, Neo-persico <glyph>AB01-PDF0040-G01</glyph> <i>zīg</i>, i.	<ar>زِگ</ar>	<glyph>AB01-PDF0040-G01</glyph>	source_image_fallback	S01-U004: withdraw the uncertain character-level representation in favor of an exact native source-image object. Earlier proposed text remains in immutable history and this change ledger; no historical correction is silently supplied.	high for pixel preservation; character-level interpretation remains unresolved	source/raw/AB01-PDF0040-G01-raw.png	SRC01 native page pixels; no outside text substituted	544c16b6355c9b74e281aded657d657224bff738366d5260e1a610d31b0d6297	False	ACCEPTED_IN_V003_PRODUCTION_NOT_INDEPENDENTLY_AUDITED
S01-R3-074	AB01-PDF0070-body-L021	70	accusativo <ar>جزوأً</ar>), <ar>ابطأ</ar> semper <ar>ابطى</ar>, sicut, radicali hamzah omissa, <ar>بدت</ar> et <ar>تهى</ar> loco <ar>بدأت</ar> et <ar>تَهَيَّأَ</ar> con-	accusativo <glyph>AB01-PDF0070-G02</glyph>), <ar>ابطأ</ar> semper <ar>ابطى</ar>, sicut, radicali hamzah omissa, <ar>بدت</ar> et <ar>تهى</ar> loco <ar>بدأت</ar> et <ar>تَهَيَّأَ</ar> con-	<ar>جزوأً</ar>	<glyph>AB01-PDF0070-G02</glyph>	source_image_fallback	S01-U008: withdraw the uncertain character-level representation in favor of an exact native source-image object. Earlier proposed text remains in immutable history and this change ledger; no historical correction is silently supplied.	high for pixel preservation; character-level interpretation remains unresolved	source/raw/AB01-PDF0070-G02-raw.png	SRC01 native page pixels; no outside text substituted	544c16b6355c9b74e281aded657d657224bff738366d5260e1a610d31b0d6297	False	ACCEPTED_IN_V003_PRODUCTION_NOT_INDEPENDENTLY_AUDITED
S01-R3-075	AB01-PDF0070-body-L021	70	accusativo <glyph>AB01-PDF0070-G02</glyph>), <ar>ابطأ</ar> semper <ar>ابطى</ar>, sicut, radicali hamzah omissa, <ar>بدت</ar> et <ar>تهى</ar> loco <ar>بدأت</ar> et <ar>تَهَيَّأَ</ar> con-	accusativo <glyph>AB01-PDF0070-G02</glyph>), <ar>ابطأ</ar> semper <ar>ابطى</ar>, sicut, radicali hamzah omissa, <ar>بدت</ar> et <ar>تهى</ar> loco <ar>بدأت</ar> et <glyph>AB01-PDF0070-G03</glyph> con-	<ar>تَهَيَّأَ</ar>	<glyph>AB01-PDF0070-G03</glyph>	source_image_fallback	S01-U008: withdraw the uncertain character-level representation in favor of an exact native source-image object. Earlier proposed text remains in immutable history and this change ledger; no historical correction is silently supplied.	high for pixel preservation; character-level interpretation remains unresolved	source/raw/AB01-PDF0070-G03-raw.png	SRC01 native page pixels; no outside text substituted	544c16b6355c9b74e281aded657d657224bff738366d5260e1a610d31b0d6297	False	ACCEPTED_IN_V003_PRODUCTION_NOT_INDEPENDENTLY_AUDITED
S01-R3-076	AB01-PDF0070-body-L025	70	<ar>ابدى</ar> pro <ar>ابدأ</ar>, et <ar>سوى</ar> pro <ar>سواء</ar>. Ita <ar>تلقا</ar> pro <ar>تَلَقَّى</ar> et <ar>تِلْقَاء</ar> reperitur. Saepe, in verbis ultimae <ar>ي</ar>,	<ar>ابدى</ar> pro <ar>ابدأ</ar>, et <ar>سوى</ar> pro <ar>سواء</ar>. Ita <ar>تلقا</ar> pro <ar>تَلَقَّى</ar> et <glyph>AB01-PDF0070-G04</glyph> reperitur. Saepe, in verbis ultimae <ar>ي</ar>,	<ar>تِلْقَاء</ar>	<glyph>AB01-PDF0070-G04</glyph>	source_image_fallback	S01-U008: withdraw the uncertain character-level representation in favor of an exact native source-image object. Earlier proposed text remains in immutable history and this change ledger; no historical correction is silently supplied.	high for pixel preservation; character-level interpretation remains unresolved	source/raw/AB01-PDF0070-G04-raw.png	SRC01 native page pixels; no outside text substituted	544c16b6355c9b74e281aded657d657224bff738366d5260e1a610d31b0d6297	False	ACCEPTED_IN_V003_PRODUCTION_NOT_INDEPENDENTLY_AUDITED
S01-R3-077	AB01-PDF0070-body-L026	70	vocalis brevis finalis indicatur littera <i>yā’</i>, ut <ar>سمى</ar> pro <ar>سَمِّ</ar>, <ar>تليه</ar> pro <ar>تَلِهِ</ar>; item semper <ar>ثواني</ar> pro	vocalis brevis finalis indicatur littera <i>yā’</i>, ut <ar>سمى</ar> pro <ar>سَمِّ</ar>, <ar>تليه</ar> pro <glyph>AB01-PDF0070-G05</glyph>; item semper <ar>ثواني</ar> pro	<ar>تَلِهِ</ar>	<glyph>AB01-PDF0070-G05</glyph>	source_image_fallback	S01-U008: withdraw the uncertain character-level representation in favor of an exact native source-image object. Earlier proposed text remains in immutable history and this change ledger; no historical correction is silently supplied.	high for pixel preservation; character-level interpretation remains unresolved	source/raw/AB01-PDF0070-G05-raw.png	SRC01 native page pixels; no outside text substituted	544c16b6355c9b74e281aded657d657224bff738366d5260e1a610d31b0d6297	False	ACCEPTED_IN_V003_PRODUCTION_NOT_INDEPENDENTLY_AUDITED
S01-R3-078	AB01-PDF0070-body-L025	70	<ar>ابدى</ar> pro <ar>ابدأ</ar>, et <ar>سوى</ar> pro <ar>سواء</ar>. Ita <ar>تلقا</ar> pro <ar>تَلَقَّى</ar> et <glyph>AB01-PDF0070-G04</glyph> reperitur. Saepe, in verbis ultimae <ar>ي</ar>,	<ar>ابدى</ar> pro <ar>ابدأ</ar>, et <ar>سوى</ar> pro <ar>سواء</ar>. Ita <ar>تلقا</ar> pro <glyph>AB01-PDF0070-G06</glyph> et <glyph>AB01-PDF0070-G04</glyph> reperitur. Saepe, in verbis ultimae <ar>ي</ar>,	<ar>تَلَقَّى</ar>	<glyph>AB01-PDF0070-G06</glyph>	source_image_fallback	S01-U008: withdraw the uncertain character-level representation in favor of an exact native source-image object. Earlier proposed text remains in immutable history and this change ledger; no historical correction is silently supplied.	high for pixel preservation; character-level interpretation remains unresolved	source/raw/AB01-PDF0070-G06-raw.png	SRC01 native page pixels; no outside text substituted	544c16b6355c9b74e281aded657d657224bff738366d5260e1a610d31b0d6297	False	ACCEPTED_IN_V003_PRODUCTION_NOT_INDEPENDENTLY_AUDITED
S01-R3-079	AB01-PDF0070-body-L026	70	vocalis brevis finalis indicatur littera <i>yā’</i>, ut <ar>سمى</ar> pro <ar>سَمِّ</ar>, <ar>تليه</ar> pro <glyph>AB01-PDF0070-G05</glyph>; item semper <ar>ثواني</ar> pro	vocalis brevis finalis indicatur littera <i>yā’</i>, ut <ar>سمى</ar> pro <glyph>AB01-PDF0070-G07</glyph>, <ar>تليه</ar> pro <glyph>AB01-PDF0070-G05</glyph>; item semper <ar>ثواني</ar> pro	<ar>سَمِّ</ar>	<glyph>AB01-PDF0070-G07</glyph>	source_image_fallback	S01-U008: withdraw the uncertain character-level representation in favor of an exact native source-image object. Earlier proposed text remains in immutable history and this change ledger; no historical correction is silently supplied.	high for pixel preservation; character-level interpretation remains unresolved	source/raw/AB01-PDF0070-G07-raw.png	SRC01 native page pixels; no outside text substituted	544c16b6355c9b74e281aded657d657224bff738366d5260e1a610d31b0d6297	False	ACCEPTED_IN_V003_PRODUCTION_NOT_INDEPENDENTLY_AUDITED
S01-R3-080	AB01-PDF0079-body-L021	79	XV, adn. 3: in nonnullis exemplaribus <i>Subbī</i> et <ar>الصَّباء</ar> pro <i>Ṣubbī</i> et <ar>الصُّبَّاء</ar> impressum est.	XV, adn. 3: in nonnullis exemplaribus <i>Subbī</i> et <glyph>AB01-PDF0079-G01</glyph> pro <i>Ṣubbī</i> et <ar>الصُّبَّاء</ar> impressum est.	<ar>الصَّباء</ar>	<glyph>AB01-PDF0079-G01</glyph>	source_image_fallback	S01-U009: withdraw the uncertain character-level representation in favor of an exact native source-image object. Earlier proposed text remains in immutable history and this change ledger; no historical correction is silently supplied.	high for pixel preservation; character-level interpretation remains unresolved	source/raw/AB01-PDF0079-G01-raw.png	SRC01 native page pixels; no outside text substituted	544c16b6355c9b74e281aded657d657224bff738366d5260e1a610d31b0d6297	False	ACCEPTED_IN_V003_PRODUCTION_NOT_INDEPENDENTLY_AUDITED
S01-R3-081	AB01-PDF0079-body-L021	79	XV, adn. 3: in nonnullis exemplaribus <i>Subbī</i> et <glyph>AB01-PDF0079-G01</glyph> pro <i>Ṣubbī</i> et <ar>الصُّبَّاء</ar> impressum est.	XV, adn. 3: in nonnullis exemplaribus <i>Subbī</i> et <glyph>AB01-PDF0079-G01</glyph> pro <i>Ṣubbī</i> et <glyph>AB01-PDF0079-G02</glyph> impressum est.	<ar>الصُّبَّاء</ar>	<glyph>AB01-PDF0079-G02</glyph>	source_image_fallback	S01-U009: withdraw the uncertain character-level representation in favor of an exact native source-image object. Earlier proposed text remains in immutable history and this change ledger; no historical correction is silently supplied.	high for pixel preservation; character-level interpretation remains unresolved	source/raw/AB01-PDF0079-G02-raw.png	SRC01 native page pixels; no outside text substituted	544c16b6355c9b74e281aded657d657224bff738366d5260e1a610d31b0d6297	False	ACCEPTED_IN_V003_PRODUCTION_NOT_INDEPENDENTLY_AUDITED
S01-R3-082	AB01-PDF0080-body-L026	80	29,36, pro <i>terrestrium</i> l. <i>terrestrium</i>.	29,36, pro <glyph>AB01-PDF0080-G01</glyph> l. <i>terrestrium</i>.	pro <i>terrestrium</i>	pro <glyph>AB01-PDF0080-G01</glyph>	source_image_fallback	S01-U010: withdraw the uncertain character-level representation in favor of an exact native source-image object. Earlier proposed text remains in immutable history and this change ledger; no historical correction is silently supplied.	high for pixel preservation; character-level interpretation remains unresolved	source/raw/AB01-PDF0080-G01-raw.png	SRC01 native page pixels; no outside text substituted	544c16b6355c9b74e281aded657d657224bff738366d5260e1a610d31b0d6297	False	ACCEPTED_IN_V003_PRODUCTION_NOT_INDEPENDENTLY_AUDITED
S01-R3-083	AB01-PDF0084-body-L028	84	<ar>خُذِ المرآةَ واختبِرْ نُجُومًا</ar>     <ar>تُمِرُّ بِمَطْعَمِ الأَرْيِ المَشُورِ</ar>	<glyph>AB01-PDF0084-G01</glyph>	<ar>خُذِ المرآةَ واختبِرْ نُجُومًا</ar>     <ar>تُمِرُّ بِمَطْعَمِ الأَرْيِ المَشُورِ</ar>	<glyph>AB01-PDF0084-G01</glyph>	source_image_fallback	S01-U012: withdraw the uncertain character-level representation in favor of an exact native source-image object. Earlier proposed text remains in immutable history and this change ledger; no historical correction is silently supplied.	high for pixel preservation; character-level interpretation remains unresolved	source/raw/AB01-PDF0084-G01-raw.png	SRC01 native page pixels; no outside text substituted	544c16b6355c9b74e281aded657d657224bff738366d5260e1a610d31b0d6297	False	ACCEPTED_IN_V003_PRODUCTION_NOT_INDEPENDENTLY_AUDITED
S01-R3-084	AB01-PDF0084-body-L029	84	<ar>تَدُلُّ على الحِمام بلا ارتيابِ</ar>     <ar>ولكن لا تَدُلَّ على النُّشُورِ</ar>	<glyph>AB01-PDF0084-G02</glyph>	<ar>تَدُلُّ على الحِمام بلا ارتيابِ</ar>     <ar>ولكن لا تَدُلَّ على النُّشُورِ</ar>	<glyph>AB01-PDF0084-G02</glyph>	source_image_fallback	S01-U012: withdraw the uncertain character-level representation in favor of an exact native source-image object. Earlier proposed text remains in immutable history and this change ledger; no historical correction is silently supplied.	high for pixel preservation; character-level interpretation remains unresolved	source/raw/AB01-PDF0084-G02-raw.png	SRC01 native page pixels; no outside text substituted	544c16b6355c9b74e281aded657d657224bff738366d5260e1a610d31b0d6297	False	ACCEPTED_IN_V003_PRODUCTION_NOT_INDEPENDENTLY_AUDITED
S01-R3-085	AB01-PDF0086-body-L013	86	bitur: <i>Incipiunt precipua iudicia et sunt 50.</i>	bitur: <i>Incipiunt <glyph>AB01-PDF0086-G01</glyph> iudicia et sunt 50.</i>	precipua	<glyph>AB01-PDF0086-G01</glyph>	source_image_fallback	S01-U014: withdraw the uncertain character-level representation in favor of an exact native source-image object. Earlier proposed text remains in immutable history and this change ledger; no historical correction is silently supplied.	high for pixel preservation; character-level interpretation remains unresolved	source/raw/AB01-PDF0086-G01-raw.png	SRC01 native page pixels; no outside text substituted	544c16b6355c9b74e281aded657d657224bff738366d5260e1a610d31b0d6297	False	ACCEPTED_IN_V003_PRODUCTION_NOT_INDEPENDENTLY_AUDITED
