anchor	master_pdf_page	reading	disposition
AB01-PDF0090-margins-L001	90	Textus p. 1.	Preserved in marginal register; Arabic page references also printed in reader; original running line counters/signatures not repeated as body prose.
AB01-PDF0090-margins-L002	90	5; 10; 15.	Preserved in marginal register; Arabic page references also printed in reader; original running line counters/signatures not repeated as body prose.
AB01-PDF0090-margins-L003	90	1 [signature]	Preserved in marginal register; Arabic page references also printed in reader; original running line counters/signatures not repeated as body prose.
AB01-PDF0091-margins-L001	91	p. 2.	Preserved in marginal register; Arabic page references also printed in reader; original running line counters/signatures not repeated as body prose.
AB01-PDF0091-margins-L002	91	p. 3.	Preserved in marginal register; Arabic page references also printed in reader; original running line counters/signatures not repeated as body prose.
AB01-PDF0091-margins-L003	91	5; 10; 15; 20; 25; 30; 35.	Preserved in marginal register; Arabic page references also printed in reader; original running line counters/signatures not repeated as body prose.
AB01-PDF0092-margins-L001	92	p. 4.	Preserved in marginal register; Arabic page references also printed in reader; original running line counters/signatures not repeated as body prose.
AB01-PDF0092-margins-L002	92	p. 5.	Preserved in marginal register; Arabic page references also printed in reader; original running line counters/signatures not repeated as body prose.
AB01-PDF0092-margins-L003	92	5; 10; 15; 20; 25; 30; 35; 40.	Preserved in marginal register; Arabic page references also printed in reader; original running line counters/signatures not repeated as body prose.
AB01-PDF0093-margins-L001	93	p. 6.	Preserved in marginal register; Arabic page references also printed in reader; original running line counters/signatures not repeated as body prose.
AB01-PDF0093-margins-L002	93	5; 10; 15; 20; 25; 30; 35; 40.	Preserved in marginal register; Arabic page references also printed in reader; original running line counters/signatures not repeated as body prose.
AB01-PDF0094-margins-L001	94	p. 7.	Preserved in marginal register; Arabic page references also printed in reader; original running line counters/signatures not repeated as body prose.
AB01-PDF0094-margins-L002	94	5; 10; 15; 20; 25; 30; 35; 40.	Preserved in marginal register; Arabic page references also printed in reader; original running line counters/signatures not repeated as body prose.
AB01-PDF0095-margins-L001	95	p. 8.	Preserved in marginal register; Arabic page references also printed in reader; original running line counters/signatures not repeated as body prose.
AB01-PDF0095-margins-L002	95	p. 9.	Preserved in marginal register; Arabic page references also printed in reader; original running line counters/signatures not repeated as body prose.
AB01-PDF0095-margins-L003	95	5; 10; 15; 20; 25; 30; 35; 40.	Preserved in marginal register; Arabic page references also printed in reader; original running line counters/signatures not repeated as body prose.
AB01-PDF0096-margins-L001	96	p. 10.	Preserved in marginal register; Arabic page references also printed in reader; original running line counters/signatures not repeated as body prose.
AB01-PDF0096-margins-L002	96	5; 10; 15; 20; 25; 30; 35; 40.	Preserved in marginal register; Arabic page references also printed in reader; original running line counters/signatures not repeated as body prose.
AB01-PDF0097-margins-L001	97	p. 11.	Preserved in marginal register; Arabic page references also printed in reader; original running line counters/signatures not repeated as body prose.
AB01-PDF0097-margins-L002	97	p. 12.	Preserved in marginal register; Arabic page references also printed in reader; original running line counters/signatures not repeated as body prose.
AB01-PDF0097-margins-L003	97	5; 10; 15; 20; 25; 30; 35; 40; 45.	Preserved in marginal register; Arabic page references also printed in reader; original running line counters/signatures not repeated as body prose.
AB01-PDF0098-margins-L001	98	p. 12.	Preserved in marginal register; Arabic page references also printed in reader; original running line counters/signatures not repeated as body prose.
AB01-PDF0098-margins-L002	98	p. 13.	Preserved in marginal register; Arabic page references also printed in reader; original running line counters/signatures not repeated as body prose.
AB01-PDF0098-margins-L003	98	p. 14.	Preserved in marginal register; Arabic page references also printed in reader; original running line counters/signatures not repeated as body prose.
AB01-PDF0098-margins-L004	98	5; 10; 15; 20; 25; 30; 35; 40.	Preserved in marginal register; Arabic page references also printed in reader; original running line counters/signatures not repeated as body prose.
AB01-PDF0098-margins-L005	98	2 [signature]	Preserved in marginal register; Arabic page references also printed in reader; original running line counters/signatures not repeated as body prose.
AB01-PDF0099-margins-L001	99	p. 15.	Preserved in marginal register; Arabic page references also printed in reader; original running line counters/signatures not repeated as body prose.
AB01-PDF0099-margins-L002	99	5; 10; 15; 20; 25; 30; 35; 40.	Preserved in marginal register; Arabic page references also printed in reader; original running line counters/signatures not repeated as body prose.
AB01-PDF0100-margins-L001	100	p. 16.	Preserved in marginal register; Arabic page references also printed in reader; original running line counters/signatures not repeated as body prose.
AB01-PDF0100-margins-L002	100	p. 17.	Preserved in marginal register; Arabic page references also printed in reader; original running line counters/signatures not repeated as body prose.
AB01-PDF0100-margins-L003	100	5; 10; 15; 20; 25; 30; 35; 40.	Preserved in marginal register; Arabic page references also printed in reader; original running line counters/signatures not repeated as body prose.
AB01-PDF0101-margins-L001	101	p. 18.	Preserved in marginal register; Arabic page references also printed in reader; original running line counters/signatures not repeated as body prose.
AB01-PDF0101-margins-L002	101	p. 19.	Preserved in marginal register; Arabic page references also printed in reader; original running line counters/signatures not repeated as body prose.
AB01-PDF0101-margins-L003	101	5; 10; 15; 20; 25; 30; 35.	Preserved in marginal register; Arabic page references also printed in reader; original running line counters/signatures not repeated as body prose.
AB01-PDF0102-margins-L001	102	p. 20.	Preserved in marginal register; Arabic page references also printed in reader; original running line counters/signatures not repeated as body prose.
AB01-PDF0102-margins-L002	102	5; 10; 15; 20; 25; 30; 35; 40.	Preserved in marginal register; Arabic page references also printed in reader; original running line counters/signatures not repeated as body prose.
AB01-PDF0103-margins-L001	103	p. 21.	Preserved in marginal register; Arabic page references also printed in reader; original running line counters/signatures not repeated as body prose.
AB01-PDF0103-margins-L002	103	p. 22.	Preserved in marginal register; Arabic page references also printed in reader; original running line counters/signatures not repeated as body prose.
AB01-PDF0103-margins-L003	103	5; 10; 15; 20; 25; 30; 35.	Preserved in marginal register; Arabic page references also printed in reader; original running line counters/signatures not repeated as body prose.
AB01-PDF0104-margins-L001	104	p. 23.	Preserved in marginal register; Arabic page references also printed in reader; original running line counters/signatures not repeated as body prose.
AB01-PDF0104-margins-L002	104	5; 10; 15; 20; 25; 30; 35; 40.	Preserved in marginal register; Arabic page references also printed in reader; original running line counters/signatures not repeated as body prose.
AB01-PDF0105-margins-L001	105	p. 24.	Preserved in marginal register; Arabic page references also printed in reader; original running line counters/signatures not repeated as body prose.
AB01-PDF0105-margins-L002	105	p. 25.	Preserved in marginal register; Arabic page references also printed in reader; original running line counters/signatures not repeated as body prose.
AB01-PDF0105-margins-L003	105	5; 10; 15; 20; 25; 30; 35; 40	Preserved in marginal register; Arabic page references also printed in reader; original running line counters/signatures not repeated as body prose.
AB01-PDF0106-margins-L001	106	p. 26.	Preserved in marginal register; Arabic page references also printed in reader; original running line counters/signatures not repeated as body prose.
AB01-PDF0106-margins-L002	106	5; 10; 15; 20; 25; 30; 35	Preserved in marginal register; Arabic page references also printed in reader; original running line counters/signatures not repeated as body prose.
AB01-PDF0106-margins-L003	106	Signature: 3	Preserved in marginal register; Arabic page references also printed in reader; original running line counters/signatures not repeated as body prose.
AB01-PDF0107-margins-L001	107	p. 27.	Preserved in marginal register; Arabic page references also printed in reader; original running line counters/signatures not repeated as body prose.
AB01-PDF0107-margins-L002	107	5; 10; 15; 20; 25	Preserved in marginal register; Arabic page references also printed in reader; original running line counters/signatures not repeated as body prose.
AB01-PDF0108-margins-L001	108	p. 28.	Preserved in marginal register; Arabic page references also printed in reader; original running line counters/signatures not repeated as body prose.
AB01-PDF0108-margins-L002	108	5; 10; 15; 20; 25; 30; 35	Preserved in marginal register; Arabic page references also printed in reader; original running line counters/signatures not repeated as body prose.
AB01-PDF0109-margins-L001	109	p. 29.	Preserved in marginal register; Arabic page references also printed in reader; original running line counters/signatures not repeated as body prose.
AB01-PDF0109-margins-L002	109	5; 10; 15; 20; 25; 30; 35; 40	Preserved in marginal register; Arabic page references also printed in reader; original running line counters/signatures not repeated as body prose.
AB01-PDF0110-margins-L001	110	p. 30.	Preserved in marginal register; Arabic page references also printed in reader; original running line counters/signatures not repeated as body prose.
AB01-PDF0110-margins-L002	110	p. 31.	Preserved in marginal register; Arabic page references also printed in reader; original running line counters/signatures not repeated as body prose.
AB01-PDF0110-margins-L003	110	5; 10; 15; 20; 25; 30; 35; 40	Preserved in marginal register; Arabic page references also printed in reader; original running line counters/signatures not repeated as body prose.
AB01-PDF0111-margins-L001	111	p. 32.	Preserved in marginal register; Arabic page references also printed in reader; original running line counters/signatures not repeated as body prose.
AB01-PDF0111-margins-L002	111	p. 33.	Preserved in marginal register; Arabic page references also printed in reader; original running line counters/signatures not repeated as body prose.
AB01-PDF0111-margins-L003	111	5; 10; 15; 20; 25; 30; 35; 40	Preserved in marginal register; Arabic page references also printed in reader; original running line counters/signatures not repeated as body prose.
AB01-PDF0112-margins-L001	112	p. 34.	Preserved in marginal register; Arabic page references also printed in reader; original running line counters/signatures not repeated as body prose.
AB01-PDF0112-margins-L002	112	5; 10; 15; 20; 25; 30; 35; 40	Preserved in marginal register; Arabic page references also printed in reader; original running line counters/signatures not repeated as body prose.
AB01-PDF0113-margins-L001	113	p. 35.	Preserved in marginal register; Arabic page references also printed in reader; original running line counters/signatures not repeated as body prose.
AB01-PDF0113-margins-L002	113	p. 36.	Preserved in marginal register; Arabic page references also printed in reader; original running line counters/signatures not repeated as body prose.
AB01-PDF0113-margins-L003	113	5; 10; 15; 20; 25; 30; 35; 40	Preserved in marginal register; Arabic page references also printed in reader; original running line counters/signatures not repeated as body prose.
AB01-PDF0114-margins-L001	114	p. 37.	Preserved in marginal register; Arabic page references also printed in reader; original running line counters/signatures not repeated as body prose.
AB01-PDF0114-margins-L002	114	5; 10; 15; 20; 25; 30; 35; 40	Preserved in marginal register; Arabic page references also printed in reader; original running line counters/signatures not repeated as body prose.
AB01-PDF0114-margins-L003	114	Signature: 4	Preserved in marginal register; Arabic page references also printed in reader; original running line counters/signatures not repeated as body prose.
AB01-PDF0115-margins-L001	115	p. 38.	Preserved in marginal register; Arabic page references also printed in reader; original running line counters/signatures not repeated as body prose.
AB01-PDF0115-margins-L002	115	5; 10; 15; 20; 25; 30; 35	Preserved in marginal register; Arabic page references also printed in reader; original running line counters/signatures not repeated as body prose.
AB01-PDF0116-margins-L001	116	p. 39.	Preserved in marginal register; Arabic page references also printed in reader; original running line counters/signatures not repeated as body prose.
AB01-PDF0116-margins-L002	116	p. 40.	Preserved in marginal register; Arabic page references also printed in reader; original running line counters/signatures not repeated as body prose.
AB01-PDF0116-margins-L003	116	5; 10; 15; 20; 25; 30; 35; 40	Preserved in marginal register; Arabic page references also printed in reader; original running line counters/signatures not repeated as body prose.
AB01-PDF0117-margins-L001	117	p. 41.	Preserved in marginal register; Arabic page references also printed in reader; original running line counters/signatures not repeated as body prose.
AB01-PDF0117-margins-L002	117	p. 42.	Preserved in marginal register; Arabic page references also printed in reader; original running line counters/signatures not repeated as body prose.
AB01-PDF0117-margins-L003	117	5; 10; 15; 20; 25; 30; 35	Preserved in marginal register; Arabic page references also printed in reader; original running line counters/signatures not repeated as body prose.
AB01-PDF0118-margins-L001	118	p. 43.	Preserved in marginal register; Arabic page references also printed in reader; original running line counters/signatures not repeated as body prose.
AB01-PDF0118-margins-L002	118	p. 44.	Preserved in marginal register; Arabic page references also printed in reader; original running line counters/signatures not repeated as body prose.
AB01-PDF0118-margins-L003	118	5; 10; 15; 20; 25; 30; 35; 40	Preserved in marginal register; Arabic page references also printed in reader; original running line counters/signatures not repeated as body prose.
AB01-PDF0119-margins-L001	119	p. 45.	Preserved in marginal register; Arabic page references also printed in reader; original running line counters/signatures not repeated as body prose.
AB01-PDF0119-margins-L002	119	5; 10; 15; 20; 25; 30; 35; 40	Preserved in marginal register; Arabic page references also printed in reader; original running line counters/signatures not repeated as body prose.
