id	source_line_anchor	token	classification
AB01-PDF0090-body-L013-NUM01	AB01-PDF0090-body-L013	1	literal numeric token; unit and meaning require surrounding source text
AB01-PDF0090-body-L013-NUM02	AB01-PDF0090-body-L013	2	literal numeric token; unit and meaning require surrounding source text
AB01-PDF0090-notes_left-L001-NUM01	AB01-PDF0090-notes_left-L001	1	literal numeric token; unit and meaning require surrounding source text
AB01-PDF0090-notes_left-L002-NUM01	AB01-PDF0090-notes_left-L002	2	literal numeric token; unit and meaning require surrounding source text
AB01-PDF0091-body-L012-NUM01	AB01-PDF0091-body-L012	1	literal numeric token; unit and meaning require surrounding source text
AB01-PDF0091-body-L013-NUM01	AB01-PDF0091-body-L013	2	literal numeric token; unit and meaning require surrounding source text
AB01-PDF0091-body-L015-NUM01	AB01-PDF0091-body-L015	3	literal numeric token; unit and meaning require surrounding source text
AB01-PDF0091-body-L016-NUM01	AB01-PDF0091-body-L016	4	literal numeric token; unit and meaning require surrounding source text
AB01-PDF0091-body-L029-NUM01	AB01-PDF0091-body-L029	5	literal numeric token; unit and meaning require surrounding source text
AB01-PDF0091-body-L037-NUM01	AB01-PDF0091-body-L037	6	literal numeric token; unit and meaning require surrounding source text
AB01-PDF0091-notes_left-L001-NUM01	AB01-PDF0091-notes_left-L001	1	literal numeric token; unit and meaning require surrounding source text
AB01-PDF0091-notes_left-L002-NUM01	AB01-PDF0091-notes_left-L002	2	literal numeric token; unit and meaning require surrounding source text
AB01-PDF0091-notes_left-L004-NUM01	AB01-PDF0091-notes_left-L004	3	literal numeric token; unit and meaning require surrounding source text
AB01-PDF0091-notes_left-L005-NUM01	AB01-PDF0091-notes_left-L005	4	literal numeric token; unit and meaning require surrounding source text
AB01-PDF0091-notes_right-L001-NUM01	AB01-PDF0091-notes_right-L001	5	literal numeric token; unit and meaning require surrounding source text
AB01-PDF0091-notes_right-L002-NUM01	AB01-PDF0091-notes_right-L002	6	literal numeric token; unit and meaning require surrounding source text
AB01-PDF0092-body-L008-NUM01	AB01-PDF0092-body-L008	1	literal numeric token; unit and meaning require surrounding source text
AB01-PDF0092-body-L026-NUM01	AB01-PDF0092-body-L026	2	literal numeric token; unit and meaning require surrounding source text
AB01-PDF0092-notes_left-L001-NUM01	AB01-PDF0092-notes_left-L001	1	literal numeric token; unit and meaning require surrounding source text
AB01-PDF0092-notes_right-L003-NUM01	AB01-PDF0092-notes_right-L003	2	literal numeric token; unit and meaning require surrounding source text
AB01-PDF0093-body-L023-NUM01	AB01-PDF0093-body-L023	1	literal numeric token; unit and meaning require surrounding source text
AB01-PDF0093-body-L032-NUM01	AB01-PDF0093-body-L032	2	literal numeric token; unit and meaning require surrounding source text
AB01-PDF0093-body-L035-NUM01	AB01-PDF0093-body-L035	3	literal numeric token; unit and meaning require surrounding source text
AB01-PDF0093-body-L035-NUM02	AB01-PDF0093-body-L035	4	literal numeric token; unit and meaning require surrounding source text
AB01-PDF0093-body-L037-NUM01	AB01-PDF0093-body-L037	5	literal numeric token; unit and meaning require surrounding source text
AB01-PDF0093-body-L037-NUM02	AB01-PDF0093-body-L037	6	literal numeric token; unit and meaning require surrounding source text
AB01-PDF0093-notes_left-L001-NUM01	AB01-PDF0093-notes_left-L001	1	literal numeric token; unit and meaning require surrounding source text
AB01-PDF0093-notes_left-L003-NUM01	AB01-PDF0093-notes_left-L003	2	literal numeric token; unit and meaning require surrounding source text
AB01-PDF0093-notes_left-L003-NUM02	AB01-PDF0093-notes_left-L003	40	literal numeric token; unit and meaning require surrounding source text
AB01-PDF0093-notes_left-L004-NUM01	AB01-PDF0093-notes_left-L004	3	literal numeric token; unit and meaning require surrounding source text
AB01-PDF0093-notes_left-L004-NUM02	AB01-PDF0093-notes_left-L004	12	literal numeric token; unit and meaning require surrounding source text
AB01-PDF0093-notes_right-L001-NUM01	AB01-PDF0093-notes_right-L001	4	literal numeric token; unit and meaning require surrounding source text
AB01-PDF0093-notes_right-L001-NUM02	AB01-PDF0093-notes_right-L001	28	literal numeric token; unit and meaning require surrounding source text
AB01-PDF0093-notes_right-L002-NUM01	AB01-PDF0093-notes_right-L002	5	literal numeric token; unit and meaning require surrounding source text
AB01-PDF0093-notes_right-L003-NUM01	AB01-PDF0093-notes_right-L003	6	literal numeric token; unit and meaning require surrounding source text
AB01-PDF0093-notes_right-L003-NUM02	AB01-PDF0093-notes_right-L003	3	literal numeric token; unit and meaning require surrounding source text
AB01-PDF0094-body-L003-NUM01	AB01-PDF0094-body-L003	1	literal numeric token; unit and meaning require surrounding source text
AB01-PDF0094-body-L004-NUM01	AB01-PDF0094-body-L004	2	literal numeric token; unit and meaning require surrounding source text
AB01-PDF0094-body-L013-NUM01	AB01-PDF0094-body-L013	3	literal numeric token; unit and meaning require surrounding source text
AB01-PDF0094-body-L018-NUM01	AB01-PDF0094-body-L018	4	literal numeric token; unit and meaning require surrounding source text
AB01-PDF0094-body-L018-NUM02	AB01-PDF0094-body-L018	5	literal numeric token; unit and meaning require surrounding source text
AB01-PDF0094-body-L019-NUM01	AB01-PDF0094-body-L019	6	literal numeric token; unit and meaning require surrounding source text
AB01-PDF0094-body-L020-NUM01	AB01-PDF0094-body-L020	7	literal numeric token; unit and meaning require surrounding source text
AB01-PDF0094-body-L021-NUM01	AB01-PDF0094-body-L021	8	literal numeric token; unit and meaning require surrounding source text
AB01-PDF0094-body-L027-NUM01	AB01-PDF0094-body-L027	9	literal numeric token; unit and meaning require surrounding source text
AB01-PDF0094-body-L034-NUM01	AB01-PDF0094-body-L034	10	literal numeric token; unit and meaning require surrounding source text
AB01-PDF0094-notes_left-L001-NUM01	AB01-PDF0094-notes_left-L001	1	literal numeric token; unit and meaning require surrounding source text
AB01-PDF0094-notes_left-L001-NUM02	AB01-PDF0094-notes_left-L001	33	literal numeric token; unit and meaning require surrounding source text
AB01-PDF0094-notes_left-L001-NUM03	AB01-PDF0094-notes_left-L001	9	literal numeric token; unit and meaning require surrounding source text
AB01-PDF0094-notes_left-L002-NUM01	AB01-PDF0094-notes_left-L002	2	literal numeric token; unit and meaning require surrounding source text
AB01-PDF0094-notes_left-L002-NUM02	AB01-PDF0094-notes_left-L002	70	literal numeric token; unit and meaning require surrounding source text
AB01-PDF0094-notes_left-L002-NUM03	AB01-PDF0094-notes_left-L002	7	literal numeric token; unit and meaning require surrounding source text
AB01-PDF0094-notes_left-L003-NUM01	AB01-PDF0094-notes_left-L003	3	literal numeric token; unit and meaning require surrounding source text
AB01-PDF0094-notes_left-L005-NUM01	AB01-PDF0094-notes_left-L005	4	literal numeric token; unit and meaning require surrounding source text
AB01-PDF0094-notes_left-L005-NUM02	AB01-PDF0094-notes_left-L005	187	literal numeric token; unit and meaning require surrounding source text
AB01-PDF0094-notes_left-L006-NUM01	AB01-PDF0094-notes_left-L006	5	literal numeric token; unit and meaning require surrounding source text
AB01-PDF0094-notes_left-L006-NUM02	AB01-PDF0094-notes_left-L006	62	literal numeric token; unit and meaning require surrounding source text
AB01-PDF0094-notes_left-L007-NUM01	AB01-PDF0094-notes_left-L007	6	literal numeric token; unit and meaning require surrounding source text
AB01-PDF0094-notes_left-L007-NUM02	AB01-PDF0094-notes_left-L007	63	literal numeric token; unit and meaning require surrounding source text
AB01-PDF0094-notes_left-L008-NUM01	AB01-PDF0094-notes_left-L008	7	literal numeric token; unit and meaning require surrounding source text
AB01-PDF0094-notes_left-L008-NUM02	AB01-PDF0094-notes_left-L008	5	literal numeric token; unit and meaning require surrounding source text
AB01-PDF0094-notes_right-L001-NUM01	AB01-PDF0094-notes_right-L001	8	literal numeric token; unit and meaning require surrounding source text
AB01-PDF0094-notes_right-L001-NUM02	AB01-PDF0094-notes_right-L001	4	literal numeric token; unit and meaning require surrounding source text
AB01-PDF0094-notes_right-L002-NUM01	AB01-PDF0094-notes_right-L002	9	literal numeric token; unit and meaning require surrounding source text
AB01-PDF0094-notes_right-L008-NUM01	AB01-PDF0094-notes_right-L008	10	literal numeric token; unit and meaning require surrounding source text
AB01-PDF0094-notes_right-L008-NUM02	AB01-PDF0094-notes_right-L008	2	literal numeric token; unit and meaning require surrounding source text
AB01-PDF0094-notes_right-L008-NUM03	AB01-PDF0094-notes_right-L008	160	literal numeric token; unit and meaning require surrounding source text
AB01-PDF0095-body-L008-NUM01	AB01-PDF0095-body-L008	360	literal numeric token; unit and meaning require surrounding source text
AB01-PDF0095-body-L020-NUM01	AB01-PDF0095-body-L020	1	literal numeric token; unit and meaning require surrounding source text
AB01-PDF0095-body-L025-NUM01	AB01-PDF0095-body-L025	360	literal numeric token; unit and meaning require surrounding source text
AB01-PDF0095-body-L026-NUM01	AB01-PDF0095-body-L026	60	literal numeric token; unit and meaning require surrounding source text
AB01-PDF0095-body-L027-NUM01	AB01-PDF0095-body-L027	60	literal numeric token; unit and meaning require surrounding source text
AB01-PDF0095-body-L027-NUM02	AB01-PDF0095-body-L027	60	literal numeric token; unit and meaning require surrounding source text
AB01-PDF0095-notes_left-L001-NUM01	AB01-PDF0095-notes_left-L001	1	literal numeric token; unit and meaning require surrounding source text
AB01-PDF0095-notes_left-L002-NUM01	AB01-PDF0095-notes_left-L002	885	literal numeric token; unit and meaning require surrounding source text
AB01-PDF0095-notes_left-L004-NUM01	AB01-PDF0095-notes_left-L004	1506	literal numeric token; unit and meaning require surrounding source text
AB01-PDF0095-notes_left-L005-NUM01	AB01-PDF0095-notes_left-L005	5	literal numeric token; unit and meaning require surrounding source text
AB01-PDF0095-notes_left-L006-NUM01	AB01-PDF0095-notes_left-L006	1165	literal numeric token; unit and meaning require surrounding source text
AB01-PDF0095-notes_right-L005-NUM01	AB01-PDF0095-notes_right-L005	1546	literal numeric token; unit and meaning require surrounding source text
AB01-PDF0095-notes_right-L006-NUM01	AB01-PDF0095-notes_right-L006	18	literal numeric token; unit and meaning require surrounding source text
AB01-PDF0095-notes_right-L006-NUM02	AB01-PDF0095-notes_right-L006	19	literal numeric token; unit and meaning require surrounding source text
AB01-PDF0096-body-L005-NUM01	AB01-PDF0096-body-L005	60	literal numeric token; unit and meaning require surrounding source text
AB01-PDF0096-body-L006-NUM01	AB01-PDF0096-body-L006	60	literal numeric token; unit and meaning require surrounding source text
AB01-PDF0096-body-L008-NUM01	AB01-PDF0096-body-L008	60	literal numeric token; unit and meaning require surrounding source text
AB01-PDF0096-body-L011-NUM01	AB01-PDF0096-body-L011	360	literal numeric token; unit and meaning require surrounding source text
AB01-PDF0098-body-L012-NUM01	AB01-PDF0098-body-L012	3	literal numeric token; unit and meaning require surrounding source text
AB01-PDF0098-body-L012-NUM02	AB01-PDF0098-body-L012	1	literal numeric token; unit and meaning require surrounding source text
AB01-PDF0098-body-L012-NUM03	AB01-PDF0098-body-L012	7	literal numeric token; unit and meaning require surrounding source text
AB01-PDF0098-body-L013-NUM01	AB01-PDF0098-body-L013	3	literal numeric token; unit and meaning require surrounding source text
AB01-PDF0098-body-L013-NUM02	AB01-PDF0098-body-L013	10	literal numeric token; unit and meaning require surrounding source text
AB01-PDF0098-body-L013-NUM03	AB01-PDF0098-body-L013	71	literal numeric token; unit and meaning require surrounding source text
AB01-PDF0098-body-L013-NUM04	AB01-PDF0098-body-L013	1	literal numeric token; unit and meaning require surrounding source text
AB01-PDF0098-body-L014-NUM01	AB01-PDF0098-body-L014	3	literal numeric token; unit and meaning require surrounding source text
AB01-PDF0098-body-L014-NUM02	AB01-PDF0098-body-L014	1	literal numeric token; unit and meaning require surrounding source text
AB01-PDF0098-body-L014-NUM03	AB01-PDF0098-body-L014	10	literal numeric token; unit and meaning require surrounding source text
AB01-PDF0098-body-L014-NUM04	AB01-PDF0098-body-L014	2	literal numeric token; unit and meaning require surrounding source text
AB01-PDF0098-body-L016-NUM01	AB01-PDF0098-body-L016	3	literal numeric token; unit and meaning require surrounding source text
AB01-PDF0098-body-L018-NUM01	AB01-PDF0098-body-L018	120	literal numeric token; unit and meaning require surrounding source text
AB01-PDF0098-body-L021-NUM01	AB01-PDF0098-body-L021	360	literal numeric token; unit and meaning require surrounding source text
AB01-PDF0098-body-L022-NUM01	AB01-PDF0098-body-L022	60	literal numeric token; unit and meaning require surrounding source text
AB01-PDF0098-body-L022-NUM02	AB01-PDF0098-body-L022	60	literal numeric token; unit and meaning require surrounding source text
AB01-PDF0098-body-L023-NUM01	AB01-PDF0098-body-L023	120	literal numeric token; unit and meaning require surrounding source text
AB01-PDF0098-notes_left-L001-NUM01	AB01-PDF0098-notes_left-L001	1	literal numeric token; unit and meaning require surrounding source text
AB01-PDF0098-notes_left-L001-NUM02	AB01-PDF0098-notes_left-L001	3	literal numeric token; unit and meaning require surrounding source text
AB01-PDF0098-notes_left-L001-NUM03	AB01-PDF0098-notes_left-L001	10	literal numeric token; unit and meaning require surrounding source text
AB01-PDF0098-notes_left-L001-NUM04	AB01-PDF0098-notes_left-L001	71	literal numeric token; unit and meaning require surrounding source text
AB01-PDF0098-notes_left-L003-NUM01	AB01-PDF0098-notes_left-L003	2	literal numeric token; unit and meaning require surrounding source text
AB01-PDF0098-notes_left-L003-NUM02	AB01-PDF0098-notes_left-L003	3	literal numeric token; unit and meaning require surrounding source text
AB01-PDF0098-notes_left-L003-NUM03	AB01-PDF0098-notes_left-L003	1	literal numeric token; unit and meaning require surrounding source text
AB01-PDF0098-notes_left-L003-NUM04	AB01-PDF0098-notes_left-L003	10	literal numeric token; unit and meaning require surrounding source text
AB01-PDF0098-notes_left-L003-NUM05	AB01-PDF0098-notes_left-L003	1	literal numeric token; unit and meaning require surrounding source text
AB01-PDF0098-notes_left-L003-NUM06	AB01-PDF0098-notes_left-L003	24	literal numeric token; unit and meaning require surrounding source text
AB01-PDF0098-notes_left-L003-NUM07	AB01-PDF0098-notes_left-L003	3	literal numeric token; unit and meaning require surrounding source text
AB01-PDF0098-notes_left-L003-NUM08	AB01-PDF0098-notes_left-L003	17	literal numeric token; unit and meaning require surrounding source text
AB01-PDF0098-notes_left-L003-NUM09	AB01-PDF0098-notes_left-L003	120	literal numeric token; unit and meaning require surrounding source text
AB01-PDF0098-notes_left-L004-NUM01	AB01-PDF0098-notes_left-L004	3	literal numeric token; unit and meaning require surrounding source text
AB01-PDF0098-notes_left-L004-NUM02	AB01-PDF0098-notes_left-L004	8	literal numeric token; unit and meaning require surrounding source text
AB01-PDF0098-notes_left-L004-NUM03	AB01-PDF0098-notes_left-L004	30	literal numeric token; unit and meaning require surrounding source text
AB01-PDF0098-notes_left-L005-NUM01	AB01-PDF0098-notes_left-L005	7	literal numeric token; unit and meaning require surrounding source text
AB01-PDF0098-notes_left-L005-NUM02	AB01-PDF0098-notes_left-L005	421	literal numeric token; unit and meaning require surrounding source text
AB01-PDF0098-notes_right-L004-NUM01	AB01-PDF0098-notes_right-L004	3	literal numeric token; unit and meaning require surrounding source text
AB01-PDF0099-body-L008-NUM01	AB01-PDF0099-body-L008	1	literal numeric token; unit and meaning require surrounding source text
AB01-PDF0099-body-L012-NUM01	AB01-PDF0099-body-L012	1	literal numeric token; unit and meaning require surrounding source text
AB01-PDF0099-body-L012-NUM02	AB01-PDF0099-body-L012	1	literal numeric token; unit and meaning require surrounding source text
AB01-PDF0099-body-L012-NUM03	AB01-PDF0099-body-L012	2	literal numeric token; unit and meaning require surrounding source text
AB01-PDF0099-body-L013-NUM01	AB01-PDF0099-body-L013	1	literal numeric token; unit and meaning require surrounding source text
AB01-PDF0099-body-L013-NUM02	AB01-PDF0099-body-L013	2	literal numeric token; unit and meaning require surrounding source text
AB01-PDF0099-body-L013-NUM03	AB01-PDF0099-body-L013	1	literal numeric token; unit and meaning require surrounding source text
AB01-PDF0099-body-L013-NUM04	AB01-PDF0099-body-L013	4	literal numeric token; unit and meaning require surrounding source text
AB01-PDF0099-body-L013-NUM05	AB01-PDF0099-body-L013	3	literal numeric token; unit and meaning require surrounding source text
AB01-PDF0099-body-L013-NUM06	AB01-PDF0099-body-L013	4	literal numeric token; unit and meaning require surrounding source text
AB01-PDF0099-body-L014-NUM01	AB01-PDF0099-body-L014	2	literal numeric token; unit and meaning require surrounding source text
AB01-PDF0099-body-L014-NUM02	AB01-PDF0099-body-L014	3	literal numeric token; unit and meaning require surrounding source text
AB01-PDF0099-body-L014-NUM03	AB01-PDF0099-body-L014	1	literal numeric token; unit and meaning require surrounding source text
AB01-PDF0099-body-L014-NUM04	AB01-PDF0099-body-L014	1	literal numeric token; unit and meaning require surrounding source text
AB01-PDF0099-body-L014-NUM05	AB01-PDF0099-body-L014	2	literal numeric token; unit and meaning require surrounding source text
AB01-PDF0099-body-L014-NUM06	AB01-PDF0099-body-L014	3	literal numeric token; unit and meaning require surrounding source text
AB01-PDF0099-body-L014-NUM07	AB01-PDF0099-body-L014	4	literal numeric token; unit and meaning require surrounding source text
AB01-PDF0099-body-L016-NUM01	AB01-PDF0099-body-L016	3	literal numeric token; unit and meaning require surrounding source text
AB01-PDF0099-body-L016-NUM02	AB01-PDF0099-body-L016	4	literal numeric token; unit and meaning require surrounding source text
AB01-PDF0099-body-L016-NUM03	AB01-PDF0099-body-L016	4	literal numeric token; unit and meaning require surrounding source text
AB01-PDF0099-body-L016-NUM04	AB01-PDF0099-body-L016	3	literal numeric token; unit and meaning require surrounding source text
AB01-PDF0099-body-L016-NUM05	AB01-PDF0099-body-L016	3	literal numeric token; unit and meaning require surrounding source text
AB01-PDF0099-body-L016-NUM06	AB01-PDF0099-body-L016	4	literal numeric token; unit and meaning require surrounding source text
AB01-PDF0099-body-L019-NUM01	AB01-PDF0099-body-L019	1	literal numeric token; unit and meaning require surrounding source text
AB01-PDF0099-body-L021-NUM01	AB01-PDF0099-body-L021	90	literal numeric token; unit and meaning require surrounding source text
AB01-PDF0099-body-L036-NUM01	AB01-PDF0099-body-L036	60°	literal numeric token; unit and meaning require surrounding source text
AB01-PDF0099-body-L036-NUM02	AB01-PDF0099-body-L036	30°	literal numeric token; unit and meaning require surrounding source text
AB01-PDF0099-body-L036-NUM03	AB01-PDF0099-body-L036	120°	literal numeric token; unit and meaning require surrounding source text
AB01-PDF0099-body-L037-NUM01	AB01-PDF0099-body-L037	60°	literal numeric token; unit and meaning require surrounding source text
AB01-PDF0099-body-L037-NUM02	AB01-PDF0099-body-L037	180°	literal numeric token; unit and meaning require surrounding source text
AB01-PDF0099-body-L038-NUM01	AB01-PDF0099-body-L038	90°	literal numeric token; unit and meaning require surrounding source text
AB01-PDF0099-body-L039-NUM01	AB01-PDF0099-body-L039	60	literal numeric token; unit and meaning require surrounding source text
AB01-PDF0099-notes_left-L001-NUM01	AB01-PDF0099-notes_left-L001	1	literal numeric token; unit and meaning require surrounding source text
AB01-PDF0099-notes_left-L002-NUM01	AB01-PDF0099-notes_left-L002	2	literal numeric token; unit and meaning require surrounding source text
AB01-PDF0100-body-L001-NUM01	AB01-PDF0100-body-L001	1	literal numeric token; unit and meaning require surrounding source text
AB01-PDF0100-body-L001-NUM02	AB01-PDF0100-body-L001	2	literal numeric token; unit and meaning require surrounding source text
AB01-PDF0100-body-L006-NUM01	AB01-PDF0100-body-L006	30′	literal numeric token; unit and meaning require surrounding source text
AB01-PDF0100-body-L010-NUM01	AB01-PDF0100-body-L010	30	literal numeric token; unit and meaning require surrounding source text
AB01-PDF0100-body-L013-NUM01	AB01-PDF0100-body-L013	30	literal numeric token; unit and meaning require surrounding source text
AB01-PDF0100-body-L018-NUM01	AB01-PDF0100-body-L018	30	literal numeric token; unit and meaning require surrounding source text
AB01-PDF0100-body-L022-NUM01	AB01-PDF0100-body-L022	30	literal numeric token; unit and meaning require surrounding source text
AB01-PDF0100-body-L024-NUM01	AB01-PDF0100-body-L024	90	literal numeric token; unit and meaning require surrounding source text
AB01-PDF0100-body-L025-NUM01	AB01-PDF0100-body-L025	90°	literal numeric token; unit and meaning require surrounding source text
AB01-PDF0100-body-L025-NUM02	AB01-PDF0100-body-L025	60	literal numeric token; unit and meaning require surrounding source text
AB01-PDF0100-body-L026-NUM01	AB01-PDF0100-body-L026	90°	literal numeric token; unit and meaning require surrounding source text
AB01-PDF0100-body-L027-NUM01	AB01-PDF0100-body-L027	90°	literal numeric token; unit and meaning require surrounding source text
AB01-PDF0100-body-L027-NUM02	AB01-PDF0100-body-L027	60	literal numeric token; unit and meaning require surrounding source text
AB01-PDF0100-body-L028-NUM01	AB01-PDF0100-body-L028	60	literal numeric token; unit and meaning require surrounding source text
AB01-PDF0100-body-L028-NUM02	AB01-PDF0100-body-L028	60	literal numeric token; unit and meaning require surrounding source text
AB01-PDF0100-body-L029-NUM01	AB01-PDF0100-body-L029	90°	literal numeric token; unit and meaning require surrounding source text
AB01-PDF0100-body-L030-NUM01	AB01-PDF0100-body-L030	60	literal numeric token; unit and meaning require surrounding source text
AB01-PDF0100-body-L030-NUM02	AB01-PDF0100-body-L030	60	literal numeric token; unit and meaning require surrounding source text
AB01-PDF0100-body-L031-NUM01	AB01-PDF0100-body-L031	90°	literal numeric token; unit and meaning require surrounding source text
AB01-PDF0100-body-L033-NUM01	AB01-PDF0100-body-L033	1°	literal numeric token; unit and meaning require surrounding source text
AB01-PDF0100-body-L033-NUM02	AB01-PDF0100-body-L033	90°	literal numeric token; unit and meaning require surrounding source text
AB01-PDF0100-body-L033-NUM03	AB01-PDF0100-body-L033	90°	literal numeric token; unit and meaning require surrounding source text
AB01-PDF0100-body-L033-NUM04	AB01-PDF0100-body-L033	180°	literal numeric token; unit and meaning require surrounding source text
AB01-PDF0100-body-L033-NUM05	AB01-PDF0100-body-L033	90°	literal numeric token; unit and meaning require surrounding source text
AB01-PDF0100-body-L034-NUM01	AB01-PDF0100-body-L034	1°	literal numeric token; unit and meaning require surrounding source text
AB01-PDF0100-body-L035-NUM01	AB01-PDF0100-body-L035	1°	literal numeric token; unit and meaning require surrounding source text
AB01-PDF0100-body-L035-NUM02	AB01-PDF0100-body-L035	180°	literal numeric token; unit and meaning require surrounding source text
AB01-PDF0100-body-L036-NUM01	AB01-PDF0100-body-L036	180°	literal numeric token; unit and meaning require surrounding source text
AB01-PDF0100-body-L036-NUM02	AB01-PDF0100-body-L036	1°	literal numeric token; unit and meaning require surrounding source text
AB01-PDF0100-body-L042-NUM01	AB01-PDF0100-body-L042	30	literal numeric token; unit and meaning require surrounding source text
AB01-PDF0100-notes_left-L001-NUM01	AB01-PDF0100-notes_left-L001	1	literal numeric token; unit and meaning require surrounding source text
AB01-PDF0100-notes_right-L003-NUM01	AB01-PDF0100-notes_right-L003	2	literal numeric token; unit and meaning require surrounding source text
AB01-PDF0101-body-L010-NUM01	AB01-PDF0101-body-L010	1	literal numeric token; unit and meaning require surrounding source text
AB01-PDF0101-body-L011-NUM01	AB01-PDF0101-body-L011	47°	literal numeric token; unit and meaning require surrounding source text
AB01-PDF0101-body-L011-NUM02	AB01-PDF0101-body-L011	42′	literal numeric token; unit and meaning require surrounding source text
AB01-PDF0101-body-L012-NUM01	AB01-PDF0101-body-L012	23°	literal numeric token; unit and meaning require surrounding source text
AB01-PDF0101-body-L012-NUM02	AB01-PDF0101-body-L012	51′	literal numeric token; unit and meaning require surrounding source text
AB01-PDF0101-body-L013-NUM01	AB01-PDF0101-body-L013	2	literal numeric token; unit and meaning require surrounding source text
AB01-PDF0101-body-L014-NUM01	AB01-PDF0101-body-L014	3	literal numeric token; unit and meaning require surrounding source text
AB01-PDF0101-body-L016-NUM01	AB01-PDF0101-body-L016	12°	literal numeric token; unit and meaning require surrounding source text
AB01-PDF0101-body-L016-NUM02	AB01-PDF0101-body-L016	26′	literal numeric token; unit and meaning require surrounding source text
AB01-PDF0101-body-L016-NUM03	AB01-PDF0101-body-L016	59°	literal numeric token; unit and meaning require surrounding source text
AB01-PDF0101-body-L016-NUM04	AB01-PDF0101-body-L016	36′	literal numeric token; unit and meaning require surrounding source text
AB01-PDF0101-body-L017-NUM01	AB01-PDF0101-body-L017	47°	literal numeric token; unit and meaning require surrounding source text
AB01-PDF0101-body-L017-NUM02	AB01-PDF0101-body-L017	10′	literal numeric token; unit and meaning require surrounding source text
AB01-PDF0101-body-L017-NUM03	AB01-PDF0101-body-L017	23°	literal numeric token; unit and meaning require surrounding source text
AB01-PDF0101-body-L017-NUM04	AB01-PDF0101-body-L017	35′	literal numeric token; unit and meaning require surrounding source text
AB01-PDF0101-body-L020-NUM01	AB01-PDF0101-body-L020	36	literal numeric token; unit and meaning require surrounding source text
AB01-PDF0101-body-L020-NUM02	AB01-PDF0101-body-L020	4	literal numeric token; unit and meaning require surrounding source text
AB01-PDF0101-body-L024-NUM01	AB01-PDF0101-body-L024	23°	literal numeric token; unit and meaning require surrounding source text
AB01-PDF0101-body-L024-NUM02	AB01-PDF0101-body-L024	35′	literal numeric token; unit and meaning require surrounding source text
AB01-PDF0101-body-L025-NUM01	AB01-PDF0101-body-L025	90	literal numeric token; unit and meaning require surrounding source text
AB01-PDF0101-body-L027-NUM01	AB01-PDF0101-body-L027	60	literal numeric token; unit and meaning require surrounding source text
AB01-PDF0101-body-L030-NUM01	AB01-PDF0101-body-L030	90°	literal numeric token; unit and meaning require surrounding source text
AB01-PDF0101-body-L031-NUM01	AB01-PDF0101-body-L031	90°	literal numeric token; unit and meaning require surrounding source text
AB01-PDF0101-body-L031-NUM02	AB01-PDF0101-body-L031	180°	literal numeric token; unit and meaning require surrounding source text
AB01-PDF0101-body-L031-NUM03	AB01-PDF0101-body-L031	270°	literal numeric token; unit and meaning require surrounding source text
AB01-PDF0101-body-L031-NUM04	AB01-PDF0101-body-L031	360°	literal numeric token; unit and meaning require surrounding source text
AB01-PDF0101-body-L032-NUM01	AB01-PDF0101-body-L032	180°	literal numeric token; unit and meaning require surrounding source text
AB01-PDF0101-body-L032-NUM02	AB01-PDF0101-body-L032	270°	literal numeric token; unit and meaning require surrounding source text
AB01-PDF0101-body-L033-NUM01	AB01-PDF0101-body-L033	1°	literal numeric token; unit and meaning require surrounding source text
AB01-PDF0101-body-L034-NUM01	AB01-PDF0101-body-L034	90°	literal numeric token; unit and meaning require surrounding source text
AB01-PDF0101-body-L034-NUM02	AB01-PDF0101-body-L034	180°	literal numeric token; unit and meaning require surrounding source text
AB01-PDF0101-notes_left-L001-NUM01	AB01-PDF0101-notes_left-L001	1	literal numeric token; unit and meaning require surrounding source text
AB01-PDF0101-notes_left-L001-NUM02	AB01-PDF0101-notes_left-L001	10	literal numeric token; unit and meaning require surrounding source text
AB01-PDF0101-notes_left-L001-NUM03	AB01-PDF0101-notes_left-L001	49	literal numeric token; unit and meaning require surrounding source text
AB01-PDF0101-notes_left-L002-NUM01	AB01-PDF0101-notes_left-L002	47°	literal numeric token; unit and meaning require surrounding source text
AB01-PDF0101-notes_left-L002-NUM02	AB01-PDF0101-notes_left-L002	2	literal numeric token; unit and meaning require surrounding source text
AB01-PDF0101-notes_left-L002-NUM03	AB01-PDF0101-notes_left-L002	3	literal numeric token; unit and meaning require surrounding source text
AB01-PDF0101-notes_left-L002-NUM04	AB01-PDF0101-notes_left-L002	12	literal numeric token; unit and meaning require surrounding source text
AB01-PDF0101-notes_left-L003-NUM01	AB01-PDF0101-notes_left-L003	59	literal numeric token; unit and meaning require surrounding source text
AB01-PDF0101-notes_left-L003-NUM02	AB01-PDF0101-notes_left-L003	23°	literal numeric token; unit and meaning require surrounding source text
AB01-PDF0101-notes_left-L003-NUM03	AB01-PDF0101-notes_left-L003	51′	literal numeric token; unit and meaning require surrounding source text
AB01-PDF0101-notes_left-L003-NUM04	AB01-PDF0101-notes_left-L003	20″	literal numeric token; unit and meaning require surrounding source text
AB01-PDF0101-notes_left-L004-NUM01	AB01-PDF0101-notes_left-L004	2	literal numeric token; unit and meaning require surrounding source text
AB01-PDF0101-notes_left-L007-NUM01	AB01-PDF0101-notes_left-L007	3	literal numeric token; unit and meaning require surrounding source text
AB01-PDF0101-notes_left-L007-NUM02	AB01-PDF0101-notes_left-L007	11	literal numeric token; unit and meaning require surrounding source text
AB01-PDF0101-notes_left-L007-NUM03	AB01-PDF0101-notes_left-L007	47	literal numeric token; unit and meaning require surrounding source text
AB01-PDF0101-notes_left-L007-NUM04	AB01-PDF0101-notes_left-L007	49	literal numeric token; unit and meaning require surrounding source text
AB01-PDF0101-notes_right-L001-NUM01	AB01-PDF0101-notes_right-L001	4	literal numeric token; unit and meaning require surrounding source text
AB01-PDF0101-notes_right-L001-NUM02	AB01-PDF0101-notes_right-L001	14	literal numeric token; unit and meaning require surrounding source text
AB01-PDF0101-notes_right-L002-NUM01	AB01-PDF0101-notes_right-L002	36°	literal numeric token; unit and meaning require surrounding source text
AB01-PDF0101-notes_right-L002-NUM02	AB01-PDF0101-notes_right-L002	1′	literal numeric token; unit and meaning require surrounding source text
AB01-PDF0101-notes_right-L003-NUM01	AB01-PDF0101-notes_right-L003	12°	literal numeric token; unit and meaning require surrounding source text
AB01-PDF0101-notes_right-L003-NUM02	AB01-PDF0101-notes_right-L003	26′	literal numeric token; unit and meaning require surrounding source text
AB01-PDF0101-notes_right-L003-NUM03	AB01-PDF0101-notes_right-L003	2	literal numeric token; unit and meaning require surrounding source text
AB01-PDF0101-notes_right-L003-NUM04	AB01-PDF0101-notes_right-L003	72°	literal numeric token; unit and meaning require surrounding source text
AB01-PDF0101-notes_right-L003-NUM05	AB01-PDF0101-notes_right-L003	2′	literal numeric token; unit and meaning require surrounding source text
AB01-PDF0101-notes_right-L003-NUM06	AB01-PDF0101-notes_right-L003	2	literal numeric token; unit and meaning require surrounding source text
AB01-PDF0101-notes_right-L003-NUM07	AB01-PDF0101-notes_right-L003	36°	literal numeric token; unit and meaning require surrounding source text
AB01-PDF0101-notes_right-L003-NUM08	AB01-PDF0101-notes_right-L003	1′	literal numeric token; unit and meaning require surrounding source text
AB01-PDF0102-body-L001-NUM01	AB01-PDF0102-body-L001	180°	literal numeric token; unit and meaning require surrounding source text
AB01-PDF0102-body-L001-NUM02	AB01-PDF0102-body-L001	360°	literal numeric token; unit and meaning require surrounding source text
AB01-PDF0102-body-L001-NUM03	AB01-PDF0102-body-L001	1	literal numeric token; unit and meaning require surrounding source text
AB01-PDF0102-body-L002-NUM01	AB01-PDF0102-body-L002	90	literal numeric token; unit and meaning require surrounding source text
AB01-PDF0102-body-L009-NUM01	AB01-PDF0102-body-L009	1	literal numeric token; unit and meaning require surrounding source text
AB01-PDF0102-body-L014-NUM01	AB01-PDF0102-body-L014	1°	literal numeric token; unit and meaning require surrounding source text
AB01-PDF0102-body-L014-NUM02	AB01-PDF0102-body-L014	90°	literal numeric token; unit and meaning require surrounding source text
AB01-PDF0102-body-L014-NUM03	AB01-PDF0102-body-L014	90°	literal numeric token; unit and meaning require surrounding source text
AB01-PDF0102-body-L015-NUM01	AB01-PDF0102-body-L015	180°	literal numeric token; unit and meaning require surrounding source text
AB01-PDF0102-body-L015-NUM02	AB01-PDF0102-body-L015	180°	literal numeric token; unit and meaning require surrounding source text
AB01-PDF0102-body-L015-NUM03	AB01-PDF0102-body-L015	270°	literal numeric token; unit and meaning require surrounding source text
AB01-PDF0102-body-L016-NUM01	AB01-PDF0102-body-L016	270°	literal numeric token; unit and meaning require surrounding source text
AB01-PDF0102-body-L016-NUM02	AB01-PDF0102-body-L016	360°	literal numeric token; unit and meaning require surrounding source text
AB01-PDF0102-body-L017-NUM01	AB01-PDF0102-body-L017	0°	literal numeric token; unit and meaning require surrounding source text
AB01-PDF0102-body-L017-NUM02	AB01-PDF0102-body-L017	180°	literal numeric token; unit and meaning require surrounding source text
AB01-PDF0102-body-L018-NUM01	AB01-PDF0102-body-L018	180°	literal numeric token; unit and meaning require surrounding source text
AB01-PDF0102-body-L018-NUM02	AB01-PDF0102-body-L018	360°	literal numeric token; unit and meaning require surrounding source text
AB01-PDF0102-body-L022-NUM01	AB01-PDF0102-body-L022	15°	literal numeric token; unit and meaning require surrounding source text
AB01-PDF0102-body-L022-NUM02	AB01-PDF0102-body-L022	15	literal numeric token; unit and meaning require surrounding source text
AB01-PDF0102-body-L023-NUM01	AB01-PDF0102-body-L023	15°	literal numeric token; unit and meaning require surrounding source text
AB01-PDF0102-body-L024-NUM01	AB01-PDF0102-body-L024	2	literal numeric token; unit and meaning require surrounding source text
AB01-PDF0102-body-L027-NUM01	AB01-PDF0102-body-L027	360	literal numeric token; unit and meaning require surrounding source text
AB01-PDF0102-body-L032-NUM01	AB01-PDF0102-body-L032	90	literal numeric token; unit and meaning require surrounding source text
AB01-PDF0102-body-L035-NUM01	AB01-PDF0102-body-L035	23°	literal numeric token; unit and meaning require surrounding source text
AB01-PDF0102-body-L035-NUM02	AB01-PDF0102-body-L035	35′	literal numeric token; unit and meaning require surrounding source text
AB01-PDF0102-body-L035-NUM03	AB01-PDF0102-body-L035	90°	literal numeric token; unit and meaning require surrounding source text
AB01-PDF0102-body-L036-NUM01	AB01-PDF0102-body-L036	3	literal numeric token; unit and meaning require surrounding source text
AB01-PDF0102-notes_left-L001-NUM01	AB01-PDF0102-notes_left-L001	1	literal numeric token; unit and meaning require surrounding source text
AB01-PDF0102-notes_left-L001-NUM02	AB01-PDF0102-notes_left-L001	11	literal numeric token; unit and meaning require surrounding source text
AB01-PDF0102-notes_left-L002-NUM01	AB01-PDF0102-notes_left-L002	2	literal numeric token; unit and meaning require surrounding source text
AB01-PDF0102-notes_left-L003-NUM01	AB01-PDF0102-notes_left-L003	54	literal numeric token; unit and meaning require surrounding source text
AB01-PDF0102-notes_left-L006-NUM01	AB01-PDF0102-notes_left-L006	15°	literal numeric token; unit and meaning require surrounding source text
AB01-PDF0102-notes_right-L005-NUM01	AB01-PDF0102-notes_right-L005	178	literal numeric token; unit and meaning require surrounding source text
AB01-PDF0102-notes_right-L006-NUM01	AB01-PDF0102-notes_right-L006	3	literal numeric token; unit and meaning require surrounding source text
AB01-PDF0103-body-L001-NUM01	AB01-PDF0103-body-L001	60	literal numeric token; unit and meaning require surrounding source text
AB01-PDF0103-body-L004-NUM01	AB01-PDF0103-body-L004	30	literal numeric token; unit and meaning require surrounding source text
AB01-PDF0103-body-L004-NUM02	AB01-PDF0103-body-L004	60°	literal numeric token; unit and meaning require surrounding source text
AB01-PDF0103-body-L006-NUM01	AB01-PDF0103-body-L006	90°	literal numeric token; unit and meaning require surrounding source text
AB01-PDF0103-body-L013-NUM01	AB01-PDF0103-body-L013	1	literal numeric token; unit and meaning require surrounding source text
AB01-PDF0103-body-L032-NUM01	AB01-PDF0103-body-L032	2	literal numeric token; unit and meaning require surrounding source text
AB01-PDF0103-body-L033-NUM01	AB01-PDF0103-body-L033	3	literal numeric token; unit and meaning require surrounding source text
AB01-PDF0103-notes_left-L001-NUM01	AB01-PDF0103-notes_left-L001	1	literal numeric token; unit and meaning require surrounding source text
AB01-PDF0103-notes_left-L002-NUM01	AB01-PDF0103-notes_left-L002	2	literal numeric token; unit and meaning require surrounding source text
AB01-PDF0103-notes_left-L002-NUM02	AB01-PDF0103-notes_left-L002	262	literal numeric token; unit and meaning require surrounding source text
AB01-PDF0103-notes_left-L008-NUM01	AB01-PDF0103-notes_left-L008	1241	literal numeric token; unit and meaning require surrounding source text
AB01-PDF0103-notes_right-L003-NUM01	AB01-PDF0103-notes_right-L003	1896	literal numeric token; unit and meaning require surrounding source text
AB01-PDF0103-notes_right-L003-NUM02	AB01-PDF0103-notes_right-L003	293	literal numeric token; unit and meaning require surrounding source text
AB01-PDF0103-notes_right-L005-NUM01	AB01-PDF0103-notes_right-L005	1890	literal numeric token; unit and meaning require surrounding source text
AB01-PDF0103-notes_right-L006-NUM01	AB01-PDF0103-notes_right-L006	301	literal numeric token; unit and meaning require surrounding source text
AB01-PDF0103-notes_right-L007-NUM01	AB01-PDF0103-notes_right-L007	3	literal numeric token; unit and meaning require surrounding source text
AB01-PDF0103-notes_right-L009-NUM01	AB01-PDF0103-notes_right-L009	1896	literal numeric token; unit and meaning require surrounding source text
AB01-PDF0103-notes_right-L009-NUM02	AB01-PDF0103-notes_right-L009	89	literal numeric token; unit and meaning require surrounding source text
AB01-PDF0104-body-L002-NUM01	AB01-PDF0104-body-L002	1	literal numeric token; unit and meaning require surrounding source text
AB01-PDF0104-body-L013-NUM01	AB01-PDF0104-body-L013	2	literal numeric token; unit and meaning require surrounding source text
AB01-PDF0104-body-L029-NUM01	AB01-PDF0104-body-L029	3	literal numeric token; unit and meaning require surrounding source text
AB01-PDF0104-body-L038-NUM01	AB01-PDF0104-body-L038	66°	literal numeric token; unit and meaning require surrounding source text
AB01-PDF0104-body-L038-NUM02	AB01-PDF0104-body-L038	25′	literal numeric token; unit and meaning require surrounding source text
AB01-PDF0104-notes_left-L001-NUM01	AB01-PDF0104-notes_left-L001	1	literal numeric token; unit and meaning require surrounding source text
AB01-PDF0104-notes_left-L001-NUM02	AB01-PDF0104-notes_left-L001	6	literal numeric token; unit and meaning require surrounding source text
AB01-PDF0104-notes_left-L001-NUM03	AB01-PDF0104-notes_left-L001	78	literal numeric token; unit and meaning require surrounding source text
AB01-PDF0104-notes_left-L002-NUM01	AB01-PDF0104-notes_left-L002	2	literal numeric token; unit and meaning require surrounding source text
AB01-PDF0104-notes_right-L001-NUM01	AB01-PDF0104-notes_right-L001	3	literal numeric token; unit and meaning require surrounding source text
AB01-PDF0105-body-L010-NUM01	AB01-PDF0105-body-L010	90°	literal numeric token; unit and meaning require surrounding source text
AB01-PDF0105-body-L016-NUM01	AB01-PDF0105-body-L016	90°	literal numeric token; unit and meaning require surrounding source text
AB01-PDF0105-body-L022-NUM01	AB01-PDF0105-body-L022	1	literal numeric token; unit and meaning require surrounding source text
AB01-PDF0105-body-L027-NUM01	AB01-PDF0105-body-L027	69°	literal numeric token; unit and meaning require surrounding source text
AB01-PDF0105-body-L027-NUM02	AB01-PDF0105-body-L027	44′	literal numeric token; unit and meaning require surrounding source text
AB01-PDF0105-body-L027-NUM03	AB01-PDF0105-body-L027	2	literal numeric token; unit and meaning require surrounding source text
AB01-PDF0105-body-L027-NUM04	AB01-PDF0105-body-L027	90°	literal numeric token; unit and meaning require surrounding source text
AB01-PDF0105-body-L028-NUM01	AB01-PDF0105-body-L028	20°	literal numeric token; unit and meaning require surrounding source text
AB01-PDF0105-body-L028-NUM02	AB01-PDF0105-body-L028	16′	literal numeric token; unit and meaning require surrounding source text
AB01-PDF0105-body-L029-NUM01	AB01-PDF0105-body-L029	30°	literal numeric token; unit and meaning require surrounding source text
AB01-PDF0105-body-L031-NUM01	AB01-PDF0105-body-L031	60°	literal numeric token; unit and meaning require surrounding source text
AB01-PDF0105-body-L033-NUM01	AB01-PDF0105-body-L033	60°	literal numeric token; unit and meaning require surrounding source text
AB01-PDF0105-body-L035-NUM01	AB01-PDF0105-body-L035	78°	literal numeric token; unit and meaning require surrounding source text
AB01-PDF0105-body-L035-NUM02	AB01-PDF0105-body-L035	23′	literal numeric token; unit and meaning require surrounding source text
AB01-PDF0105-body-L035-NUM03	AB01-PDF0105-body-L035	3	literal numeric token; unit and meaning require surrounding source text
AB01-PDF0105-body-L038-NUM01	AB01-PDF0105-body-L038	78°	literal numeric token; unit and meaning require surrounding source text
AB01-PDF0105-body-L038-NUM02	AB01-PDF0105-body-L038	28′	literal numeric token; unit and meaning require surrounding source text
AB01-PDF0105-body-L039-NUM01	AB01-PDF0105-body-L039	11°	literal numeric token; unit and meaning require surrounding source text
AB01-PDF0105-body-L039-NUM02	AB01-PDF0105-body-L039	32′	literal numeric token; unit and meaning require surrounding source text
AB01-PDF0105-body-L039-NUM03	AB01-PDF0105-body-L039	4	literal numeric token; unit and meaning require surrounding source text
AB01-PDF0105-body-L039-NUM04	AB01-PDF0105-body-L039	60°	literal numeric token; unit and meaning require surrounding source text
AB01-PDF0105-notes_left-L001-NUM01	AB01-PDF0105-notes_left-L001	1	literal numeric token; unit and meaning require surrounding source text
AB01-PDF0105-notes_left-L004-NUM01	AB01-PDF0105-notes_left-L004	8	literal numeric token; unit and meaning require surrounding source text
AB01-PDF0105-notes_left-L005-NUM01	AB01-PDF0105-notes_left-L005	10	literal numeric token; unit and meaning require surrounding source text
AB01-PDF0105-notes_left-L005-NUM02	AB01-PDF0105-notes_left-L005	191	literal numeric token; unit and meaning require surrounding source text
AB01-PDF0105-notes_left-L006-NUM01	AB01-PDF0105-notes_left-L006	267	literal numeric token; unit and meaning require surrounding source text
AB01-PDF0105-notes_right-L001-NUM01	AB01-PDF0105-notes_right-L001	2	literal numeric token; unit and meaning require surrounding source text
AB01-PDF0105-notes_right-L001-NUM02	AB01-PDF0105-notes_right-L001	6	literal numeric token; unit and meaning require surrounding source text
AB01-PDF0105-notes_right-L001-NUM03	AB01-PDF0105-notes_right-L001	88	literal numeric token; unit and meaning require surrounding source text
AB01-PDF0105-notes_right-L001-NUM04	AB01-PDF0105-notes_right-L001	69°	literal numeric token; unit and meaning require surrounding source text
AB01-PDF0105-notes_right-L001-NUM05	AB01-PDF0105-notes_right-L001	12	literal numeric token; unit and meaning require surrounding source text
AB01-PDF0105-notes_right-L003-NUM01	AB01-PDF0105-notes_right-L003	3	literal numeric token; unit and meaning require surrounding source text
AB01-PDF0105-notes_right-L003-NUM02	AB01-PDF0105-notes_right-L003	38′	literal numeric token; unit and meaning require surrounding source text
AB01-PDF0105-notes_right-L004-NUM01	AB01-PDF0105-notes_right-L004	6	literal numeric token; unit and meaning require surrounding source text
AB01-PDF0105-notes_right-L004-NUM02	AB01-PDF0105-notes_right-L004	89	literal numeric token; unit and meaning require surrounding source text
AB01-PDF0105-notes_right-L004-NUM03	AB01-PDF0105-notes_right-L004	78°	literal numeric token; unit and meaning require surrounding source text
AB01-PDF0105-notes_right-L004-NUM04	AB01-PDF0105-notes_right-L004	13	literal numeric token; unit and meaning require surrounding source text
AB01-PDF0105-notes_right-L006-NUM01	AB01-PDF0105-notes_right-L006	4	literal numeric token; unit and meaning require surrounding source text
AB01-PDF0105-notes_right-L006-NUM02	AB01-PDF0105-notes_right-L006	33′	literal numeric token; unit and meaning require surrounding source text
AB01-PDF0106-body-L006-NUM01	AB01-PDF0106-body-L006	1	literal numeric token; unit and meaning require surrounding source text
AB01-PDF0106-body-L008-NUM01	AB01-PDF0106-body-L008	2	literal numeric token; unit and meaning require surrounding source text
AB01-PDF0106-body-L012-NUM01	AB01-PDF0106-body-L012	13.500	literal numeric token; unit and meaning require surrounding source text
AB01-PDF0106-body-L015-NUM01	AB01-PDF0106-body-L015	20	literal numeric token; unit and meaning require surrounding source text
AB01-PDF0106-body-L021-NUM01	AB01-PDF0106-body-L021	60	literal numeric token; unit and meaning require surrounding source text
AB01-PDF0106-body-L024-NUM01	AB01-PDF0106-body-L024	3	literal numeric token; unit and meaning require surrounding source text
AB01-PDF0106-body-L026-NUM01	AB01-PDF0106-body-L026	8000	literal numeric token; unit and meaning require surrounding source text
AB01-PDF0106-body-L026-NUM02	AB01-PDF0106-body-L026	2700	literal numeric token; unit and meaning require surrounding source text
AB01-PDF0106-body-L026-NUM03	AB01-PDF0106-body-L026	1900	literal numeric token; unit and meaning require surrounding source text
AB01-PDF0106-body-L027-NUM01	AB01-PDF0106-body-L027	4	literal numeric token; unit and meaning require surrounding source text
AB01-PDF0106-body-L029-NUM01	AB01-PDF0106-body-L029	500	literal numeric token; unit and meaning require surrounding source text
AB01-PDF0106-body-L029-NUM02	AB01-PDF0106-body-L029	100	literal numeric token; unit and meaning require surrounding source text
AB01-PDF0106-body-L029-NUM03	AB01-PDF0106-body-L029	5	literal numeric token; unit and meaning require surrounding source text
AB01-PDF0106-body-L029-NUM04	AB01-PDF0106-body-L029	6	literal numeric token; unit and meaning require surrounding source text
AB01-PDF0106-body-L030-NUM01	AB01-PDF0106-body-L030	1400	literal numeric token; unit and meaning require surrounding source text
AB01-PDF0106-body-L031-NUM01	AB01-PDF0106-body-L031	200	literal numeric token; unit and meaning require surrounding source text
AB01-PDF0106-body-L031-NUM02	AB01-PDF0106-body-L031	700	literal numeric token; unit and meaning require surrounding source text
AB01-PDF0106-body-L033-NUM01	AB01-PDF0106-body-L033	1400	literal numeric token; unit and meaning require surrounding source text
AB01-PDF0106-body-L033-NUM02	AB01-PDF0106-body-L033	500	literal numeric token; unit and meaning require surrounding source text
AB01-PDF0106-notes_left-L001-NUM01	AB01-PDF0106-notes_left-L001	1	literal numeric token; unit and meaning require surrounding source text
AB01-PDF0106-notes_left-L004-NUM01	AB01-PDF0106-notes_left-L004	1848	literal numeric token; unit and meaning require surrounding source text
AB01-PDF0106-notes_left-L007-NUM01	AB01-PDF0106-notes_left-L007	179	literal numeric token; unit and meaning require surrounding source text
AB01-PDF0106-notes_left-L007-NUM02	AB01-PDF0106-notes_left-L007	181	literal numeric token; unit and meaning require surrounding source text
AB01-PDF0106-notes_left-L008-NUM01	AB01-PDF0106-notes_left-L008	2	literal numeric token; unit and meaning require surrounding source text
AB01-PDF0106-notes_left-L012-NUM01	AB01-PDF0106-notes_left-L012	3	literal numeric token; unit and meaning require surrounding source text
AB01-PDF0106-notes_right-L001-NUM01	AB01-PDF0106-notes_right-L001	83	literal numeric token; unit and meaning require surrounding source text
AB01-PDF0106-notes_right-L001-NUM02	AB01-PDF0106-notes_right-L001	86	literal numeric token; unit and meaning require surrounding source text
AB01-PDF0106-notes_right-L002-NUM01	AB01-PDF0106-notes_right-L002	230	literal numeric token; unit and meaning require surrounding source text
AB01-PDF0106-notes_right-L002-NUM02	AB01-PDF0106-notes_right-L002	231	literal numeric token; unit and meaning require surrounding source text
AB01-PDF0106-notes_right-L003-NUM01	AB01-PDF0106-notes_right-L003	4	literal numeric token; unit and meaning require surrounding source text
AB01-PDF0106-notes_right-L005-NUM01	AB01-PDF0106-notes_right-L005	231	literal numeric token; unit and meaning require surrounding source text
AB01-PDF0106-notes_right-L005-NUM02	AB01-PDF0106-notes_right-L005	51	literal numeric token; unit and meaning require surrounding source text
AB01-PDF0106-notes_right-L007-NUM01	AB01-PDF0106-notes_right-L007	5	literal numeric token; unit and meaning require surrounding source text
AB01-PDF0106-notes_right-L007-NUM02	AB01-PDF0106-notes_right-L007	700	literal numeric token; unit and meaning require surrounding source text
AB01-PDF0106-notes_right-L008-NUM01	AB01-PDF0106-notes_right-L008	231	literal numeric token; unit and meaning require surrounding source text
AB01-PDF0106-notes_right-L010-NUM01	AB01-PDF0106-notes_right-L010	6	literal numeric token; unit and meaning require surrounding source text
AB01-PDF0107-body-L001-NUM01	AB01-PDF0107-body-L001	150	literal numeric token; unit and meaning require surrounding source text
AB01-PDF0107-body-L001-NUM02	AB01-PDF0107-body-L001	1500	literal numeric token; unit and meaning require surrounding source text
AB01-PDF0107-body-L002-NUM01	AB01-PDF0107-body-L002	1500	literal numeric token; unit and meaning require surrounding source text
AB01-PDF0107-body-L003-NUM01	AB01-PDF0107-body-L003	1	literal numeric token; unit and meaning require surrounding source text
AB01-PDF0107-body-L004-NUM01	AB01-PDF0107-body-L004	2	literal numeric token; unit and meaning require surrounding source text
AB01-PDF0107-body-L004-NUM02	AB01-PDF0107-body-L004	1370	literal numeric token; unit and meaning require surrounding source text
AB01-PDF0107-body-L004-NUM03	AB01-PDF0107-body-L004	3	literal numeric token; unit and meaning require surrounding source text
AB01-PDF0107-body-L006-NUM01	AB01-PDF0107-body-L006	3000	literal numeric token; unit and meaning require surrounding source text
AB01-PDF0107-body-L008-NUM01	AB01-PDF0107-body-L008	4	literal numeric token; unit and meaning require surrounding source text
AB01-PDF0107-body-L008-NUM02	AB01-PDF0107-body-L008	59	literal numeric token; unit and meaning require surrounding source text
AB01-PDF0107-body-L008-NUM03	AB01-PDF0107-body-L008	5	literal numeric token; unit and meaning require surrounding source text
AB01-PDF0107-body-L010-NUM01	AB01-PDF0107-body-L010	6	literal numeric token; unit and meaning require surrounding source text
AB01-PDF0107-body-L014-NUM01	AB01-PDF0107-body-L014	7	literal numeric token; unit and meaning require surrounding source text
AB01-PDF0107-body-L014-NUM02	AB01-PDF0107-body-L014	7	literal numeric token; unit and meaning require surrounding source text
AB01-PDF0107-body-L015-NUM01	AB01-PDF0107-body-L015	12	literal numeric token; unit and meaning require surrounding source text
AB01-PDF0107-body-L019-NUM01	AB01-PDF0107-body-L019	5000	literal numeric token; unit and meaning require surrounding source text
AB01-PDF0107-body-L019-NUM02	AB01-PDF0107-body-L019	600	literal numeric token; unit and meaning require surrounding source text
AB01-PDF0107-body-L019-NUM03	AB01-PDF0107-body-L019	700	literal numeric token; unit and meaning require surrounding source text
AB01-PDF0107-body-L019-NUM04	AB01-PDF0107-body-L019	800	literal numeric token; unit and meaning require surrounding source text
AB01-PDF0107-body-L021-NUM01	AB01-PDF0107-body-L021	500	literal numeric token; unit and meaning require surrounding source text
AB01-PDF0107-body-L022-NUM01	AB01-PDF0107-body-L022	200	literal numeric token; unit and meaning require surrounding source text
AB01-PDF0107-body-L022-NUM02	AB01-PDF0107-body-L022	8	literal numeric token; unit and meaning require surrounding source text
AB01-PDF0107-body-L022-NUM03	AB01-PDF0107-body-L022	162	literal numeric token; unit and meaning require surrounding source text
AB01-PDF0107-body-L022-NUM04	AB01-PDF0107-body-L022	9	literal numeric token; unit and meaning require surrounding source text
AB01-PDF0107-body-L023-NUM01	AB01-PDF0107-body-L023	5	literal numeric token; unit and meaning require surrounding source text
AB01-PDF0107-body-L023-NUM02	AB01-PDF0107-body-L023	200	literal numeric token; unit and meaning require surrounding source text
AB01-PDF0107-body-L023-NUM03	AB01-PDF0107-body-L023	300	literal numeric token; unit and meaning require surrounding source text
AB01-PDF0107-body-L024-NUM01	AB01-PDF0107-body-L024	350	literal numeric token; unit and meaning require surrounding source text
AB01-PDF0107-body-L024-NUM02	AB01-PDF0107-body-L024	10	literal numeric token; unit and meaning require surrounding source text
AB01-PDF0107-body-L024-NUM03	AB01-PDF0107-body-L024	500	literal numeric token; unit and meaning require surrounding source text
AB01-PDF0107-body-L024-NUM04	AB01-PDF0107-body-L024	300	literal numeric token; unit and meaning require surrounding source text
AB01-PDF0107-body-L025-NUM01	AB01-PDF0107-body-L025	11	literal numeric token; unit and meaning require surrounding source text
AB01-PDF0107-body-L026-NUM01	AB01-PDF0107-body-L026	1060	literal numeric token; unit and meaning require surrounding source text
AB01-PDF0107-body-L026-NUM02	AB01-PDF0107-body-L026	12	literal numeric token; unit and meaning require surrounding source text
AB01-PDF0107-body-L026-NUM03	AB01-PDF0107-body-L026	300	literal numeric token; unit and meaning require surrounding source text
AB01-PDF0107-notes_left-L001-NUM01	AB01-PDF0107-notes_left-L001	1	literal numeric token; unit and meaning require surrounding source text
AB01-PDF0107-notes_left-L005-NUM01	AB01-PDF0107-notes_left-L005	2	literal numeric token; unit and meaning require surrounding source text
AB01-PDF0107-notes_left-L007-NUM01	AB01-PDF0107-notes_left-L007	2	literal numeric token; unit and meaning require surrounding source text
AB01-PDF0107-notes_left-L007-NUM02	AB01-PDF0107-notes_left-L007	1	literal numeric token; unit and meaning require surrounding source text
AB01-PDF0107-notes_left-L010-NUM01	AB01-PDF0107-notes_left-L010	3	literal numeric token; unit and meaning require surrounding source text
AB01-PDF0107-notes_left-L010-NUM02	AB01-PDF0107-notes_left-L010	84	literal numeric token; unit and meaning require surrounding source text
AB01-PDF0107-notes_left-L011-NUM01	AB01-PDF0107-notes_left-L011	1360	literal numeric token; unit and meaning require surrounding source text
AB01-PDF0107-notes_left-L012-NUM01	AB01-PDF0107-notes_left-L012	4	literal numeric token; unit and meaning require surrounding source text
AB01-PDF0107-notes_left-L012-NUM02	AB01-PDF0107-notes_left-L012	11	literal numeric token; unit and meaning require surrounding source text
AB01-PDF0107-notes_left-L012-NUM03	AB01-PDF0107-notes_left-L012	1378	literal numeric token; unit and meaning require surrounding source text
AB01-PDF0107-notes_left-L013-NUM01	AB01-PDF0107-notes_left-L013	4	literal numeric token; unit and meaning require surrounding source text
AB01-PDF0107-notes_left-L013-NUM02	AB01-PDF0107-notes_left-L013	4	literal numeric token; unit and meaning require surrounding source text
AB01-PDF0107-notes_left-L013-NUM03	AB01-PDF0107-notes_left-L013	1	literal numeric token; unit and meaning require surrounding source text
AB01-PDF0107-notes_left-L015-NUM01	AB01-PDF0107-notes_left-L015	5	literal numeric token; unit and meaning require surrounding source text
AB01-PDF0107-notes_left-L017-NUM01	AB01-PDF0107-notes_left-L017	19	literal numeric token; unit and meaning require surrounding source text
AB01-PDF0107-notes_left-L018-NUM01	AB01-PDF0107-notes_left-L018	4	literal numeric token; unit and meaning require surrounding source text
AB01-PDF0107-notes_left-L019-NUM01	AB01-PDF0107-notes_left-L019	11	literal numeric token; unit and meaning require surrounding source text
AB01-PDF0107-notes_left-L019-NUM02	AB01-PDF0107-notes_left-L019	13	literal numeric token; unit and meaning require surrounding source text
AB01-PDF0107-notes_left-L020-NUM01	AB01-PDF0107-notes_left-L020	19	literal numeric token; unit and meaning require surrounding source text
AB01-PDF0107-notes_left-L020-NUM02	AB01-PDF0107-notes_left-L020	59	literal numeric token; unit and meaning require surrounding source text
AB01-PDF0107-notes_left-L021-NUM01	AB01-PDF0107-notes_left-L021	6	literal numeric token; unit and meaning require surrounding source text
AB01-PDF0107-notes_right-L001-NUM01	AB01-PDF0107-notes_right-L001	7	literal numeric token; unit and meaning require surrounding source text
AB01-PDF0107-notes_right-L002-NUM01	AB01-PDF0107-notes_right-L002	231	literal numeric token; unit and meaning require surrounding source text
AB01-PDF0107-notes_right-L003-NUM01	AB01-PDF0107-notes_right-L003	8	literal numeric token; unit and meaning require surrounding source text
AB01-PDF0107-notes_right-L003-NUM02	AB01-PDF0107-notes_right-L003	500	literal numeric token; unit and meaning require surrounding source text
AB01-PDF0107-notes_right-L003-NUM03	AB01-PDF0107-notes_right-L003	85	literal numeric token; unit and meaning require surrounding source text
AB01-PDF0107-notes_right-L004-NUM01	AB01-PDF0107-notes_right-L004	231	literal numeric token; unit and meaning require surrounding source text
AB01-PDF0107-notes_right-L006-NUM01	AB01-PDF0107-notes_right-L006	9	literal numeric token; unit and meaning require surrounding source text
AB01-PDF0107-notes_right-L007-NUM01	AB01-PDF0107-notes_right-L007	172	literal numeric token; unit and meaning require surrounding source text
AB01-PDF0107-notes_right-L007-NUM02	AB01-PDF0107-notes_right-L007	262	literal numeric token; unit and meaning require surrounding source text
AB01-PDF0107-notes_right-L008-NUM01	AB01-PDF0107-notes_right-L008	10	literal numeric token; unit and meaning require surrounding source text
AB01-PDF0107-notes_right-L008-NUM02	AB01-PDF0107-notes_right-L008	85	literal numeric token; unit and meaning require surrounding source text
AB01-PDF0107-notes_right-L008-NUM03	AB01-PDF0107-notes_right-L008	300	literal numeric token; unit and meaning require surrounding source text
AB01-PDF0107-notes_right-L009-NUM01	AB01-PDF0107-notes_right-L009	11	literal numeric token; unit and meaning require surrounding source text
AB01-PDF0107-notes_right-L011-NUM01	AB01-PDF0107-notes_right-L011	123	literal numeric token; unit and meaning require surrounding source text
AB01-PDF0107-notes_right-L013-NUM01	AB01-PDF0107-notes_right-L013	195	literal numeric token; unit and meaning require surrounding source text
AB01-PDF0107-notes_right-L014-NUM01	AB01-PDF0107-notes_right-L014	260	literal numeric token; unit and meaning require surrounding source text
AB01-PDF0107-notes_right-L015-NUM01	AB01-PDF0107-notes_right-L015	85	literal numeric token; unit and meaning require surrounding source text
AB01-PDF0107-notes_right-L015-NUM02	AB01-PDF0107-notes_right-L015	231	literal numeric token; unit and meaning require surrounding source text
AB01-PDF0107-notes_right-L016-NUM01	AB01-PDF0107-notes_right-L016	66	literal numeric token; unit and meaning require surrounding source text
AB01-PDF0107-notes_right-L016-NUM02	AB01-PDF0107-notes_right-L016	157	literal numeric token; unit and meaning require surrounding source text
AB01-PDF0107-notes_right-L016-NUM03	AB01-PDF0107-notes_right-L016	222	literal numeric token; unit and meaning require surrounding source text
AB01-PDF0107-notes_right-L016-NUM04	AB01-PDF0107-notes_right-L016	439	literal numeric token; unit and meaning require surrounding source text
AB01-PDF0107-notes_right-L018-NUM01	AB01-PDF0107-notes_right-L018	12	literal numeric token; unit and meaning require surrounding source text
AB01-PDF0107-notes_right-L018-NUM02	AB01-PDF0107-notes_right-L018	1300	literal numeric token; unit and meaning require surrounding source text
AB01-PDF0107-notes_right-L019-NUM01	AB01-PDF0107-notes_right-L019	85	literal numeric token; unit and meaning require surrounding source text
AB01-PDF0107-notes_right-L020-NUM01	AB01-PDF0107-notes_right-L020	66	literal numeric token; unit and meaning require surrounding source text
AB01-PDF0108-body-L002-NUM01	AB01-PDF0108-body-L002	300	literal numeric token; unit and meaning require surrounding source text
AB01-PDF0108-body-L002-NUM02	AB01-PDF0108-body-L002	100	literal numeric token; unit and meaning require surrounding source text
AB01-PDF0108-body-L004-NUM01	AB01-PDF0108-body-L004	3	literal numeric token; unit and meaning require surrounding source text
AB01-PDF0108-body-L005-NUM01	AB01-PDF0108-body-L005	1	literal numeric token; unit and meaning require surrounding source text
AB01-PDF0108-body-L006-NUM01	AB01-PDF0108-body-L006	800	literal numeric token; unit and meaning require surrounding source text
AB01-PDF0108-body-L006-NUM02	AB01-PDF0108-body-L006	2	literal numeric token; unit and meaning require surrounding source text
AB01-PDF0108-body-L006-NUM03	AB01-PDF0108-body-L006	600	literal numeric token; unit and meaning require surrounding source text
AB01-PDF0108-body-L007-NUM01	AB01-PDF0108-body-L007	3	literal numeric token; unit and meaning require surrounding source text
AB01-PDF0108-body-L009-NUM01	AB01-PDF0108-body-L009	4	literal numeric token; unit and meaning require surrounding source text
AB01-PDF0108-body-L010-NUM01	AB01-PDF0108-body-L010	5	literal numeric token; unit and meaning require surrounding source text
AB01-PDF0108-body-L017-NUM01	AB01-PDF0108-body-L017	6	literal numeric token; unit and meaning require surrounding source text
AB01-PDF0108-body-L018-NUM01	AB01-PDF0108-body-L018	7	literal numeric token; unit and meaning require surrounding source text
AB01-PDF0108-body-L021-NUM01	AB01-PDF0108-body-L021	11	literal numeric token; unit and meaning require surrounding source text
AB01-PDF0108-body-L021-NUM02	AB01-PDF0108-body-L021	12	literal numeric token; unit and meaning require surrounding source text
AB01-PDF0108-body-L031-NUM01	AB01-PDF0108-body-L031	65	literal numeric token; unit and meaning require surrounding source text
AB01-PDF0108-body-L031-NUM02	AB01-PDF0108-body-L031	8	literal numeric token; unit and meaning require surrounding source text
AB01-PDF0108-body-L033-NUM01	AB01-PDF0108-body-L033	9	literal numeric token; unit and meaning require surrounding source text
AB01-PDF0108-notes_left-L001-NUM01	AB01-PDF0108-notes_left-L001	1883	literal numeric token; unit and meaning require surrounding source text
AB01-PDF0108-notes_left-L001-NUM02	AB01-PDF0108-notes_left-L001	13	literal numeric token; unit and meaning require surrounding source text
AB01-PDF0108-notes_left-L002-NUM01	AB01-PDF0108-notes_left-L002	260	literal numeric token; unit and meaning require surrounding source text
AB01-PDF0108-notes_left-L002-NUM02	AB01-PDF0108-notes_left-L002	1100	literal numeric token; unit and meaning require surrounding source text
AB01-PDF0108-notes_left-L003-NUM01	AB01-PDF0108-notes_left-L003	1	literal numeric token; unit and meaning require surrounding source text
AB01-PDF0108-notes_left-L004-NUM01	AB01-PDF0108-notes_left-L004	2	literal numeric token; unit and meaning require surrounding source text
AB01-PDF0108-notes_left-L004-NUM02	AB01-PDF0108-notes_left-L004	263	literal numeric token; unit and meaning require surrounding source text
AB01-PDF0108-notes_left-L005-NUM01	AB01-PDF0108-notes_left-L005	60	literal numeric token; unit and meaning require surrounding source text
AB01-PDF0108-notes_left-L006-NUM01	AB01-PDF0108-notes_left-L006	86	literal numeric token; unit and meaning require surrounding source text
AB01-PDF0108-notes_left-L006-NUM02	AB01-PDF0108-notes_left-L006	1800	literal numeric token; unit and meaning require surrounding source text
AB01-PDF0108-notes_left-L007-NUM01	AB01-PDF0108-notes_left-L007	3	literal numeric token; unit and meaning require surrounding source text
AB01-PDF0108-notes_left-L008-NUM01	AB01-PDF0108-notes_left-L008	4	literal numeric token; unit and meaning require surrounding source text
AB01-PDF0108-notes_left-L010-NUM01	AB01-PDF0108-notes_left-L010	5	literal numeric token; unit and meaning require surrounding source text
AB01-PDF0108-notes_right-L001-NUM01	AB01-PDF0108-notes_right-L001	6	literal numeric token; unit and meaning require surrounding source text
AB01-PDF0108-notes_right-L003-NUM01	AB01-PDF0108-notes_right-L003	7	literal numeric token; unit and meaning require surrounding source text
AB01-PDF0108-notes_right-L004-NUM01	AB01-PDF0108-notes_right-L004	18	literal numeric token; unit and meaning require surrounding source text
AB01-PDF0108-notes_right-L005-NUM01	AB01-PDF0108-notes_right-L005	8	literal numeric token; unit and meaning require surrounding source text
AB01-PDF0108-notes_right-L005-NUM02	AB01-PDF0108-notes_right-L005	85	literal numeric token; unit and meaning require surrounding source text
AB01-PDF0108-notes_right-L006-NUM01	AB01-PDF0108-notes_right-L006	65	literal numeric token; unit and meaning require surrounding source text
AB01-PDF0108-notes_right-L006-NUM02	AB01-PDF0108-notes_right-L006	75	literal numeric token; unit and meaning require surrounding source text
AB01-PDF0108-notes_right-L010-NUM01	AB01-PDF0108-notes_right-L010	9	literal numeric token; unit and meaning require surrounding source text
AB01-PDF0109-body-L010-NUM01	AB01-PDF0109-body-L010	1	literal numeric token; unit and meaning require surrounding source text
AB01-PDF0109-body-L011-NUM01	AB01-PDF0109-body-L011	94	literal numeric token; unit and meaning require surrounding source text
AB01-PDF0109-body-L011-NUM02	AB01-PDF0109-body-L011	2	literal numeric token; unit and meaning require surrounding source text
AB01-PDF0109-body-L020-NUM01	AB01-PDF0109-body-L020	15°	literal numeric token; unit and meaning require surrounding source text
AB01-PDF0109-body-L021-NUM01	AB01-PDF0109-body-L021	90	literal numeric token; unit and meaning require surrounding source text
AB01-PDF0109-body-L022-NUM01	AB01-PDF0109-body-L022	90°	literal numeric token; unit and meaning require surrounding source text
AB01-PDF0109-body-L024-NUM01	AB01-PDF0109-body-L024	90°	literal numeric token; unit and meaning require surrounding source text
AB01-PDF0109-body-L033-NUM01	AB01-PDF0109-body-L033	90°	literal numeric token; unit and meaning require surrounding source text
AB01-PDF0109-body-L034-NUM01	AB01-PDF0109-body-L034	3	literal numeric token; unit and meaning require surrounding source text
AB01-PDF0109-body-L035-NUM01	AB01-PDF0109-body-L035	90°	literal numeric token; unit and meaning require surrounding source text
AB01-PDF0109-notes_left-L001-NUM01	AB01-PDF0109-notes_left-L001	1	literal numeric token; unit and meaning require surrounding source text
AB01-PDF0109-notes_left-L003-NUM01	AB01-PDF0109-notes_left-L003	2	literal numeric token; unit and meaning require surrounding source text
AB01-PDF0109-notes_left-L003-NUM02	AB01-PDF0109-notes_left-L003	12	literal numeric token; unit and meaning require surrounding source text
AB01-PDF0109-notes_left-L004-NUM01	AB01-PDF0109-notes_left-L004	148	literal numeric token; unit and meaning require surrounding source text
AB01-PDF0109-notes_right-L004-NUM01	AB01-PDF0109-notes_right-L004	3	literal numeric token; unit and meaning require surrounding source text
AB01-PDF0110-body-L002-NUM01	AB01-PDF0110-body-L002	90°	literal numeric token; unit and meaning require surrounding source text
AB01-PDF0110-body-L012-NUM01	AB01-PDF0110-body-L012	90	literal numeric token; unit and meaning require surrounding source text
AB01-PDF0110-body-L012-NUM02	AB01-PDF0110-body-L012	90°	literal numeric token; unit and meaning require surrounding source text
AB01-PDF0110-body-L016-NUM01	AB01-PDF0110-body-L016	90°	literal numeric token; unit and meaning require surrounding source text
AB01-PDF0110-body-L022-NUM01	AB01-PDF0110-body-L022	1	literal numeric token; unit and meaning require surrounding source text
AB01-PDF0110-notes_left-L001-NUM01	AB01-PDF0110-notes_left-L001	1	literal numeric token; unit and meaning require surrounding source text
AB01-PDF0110-notes_right-L005-NUM01	AB01-PDF0110-notes_right-L005	15	literal numeric token; unit and meaning require surrounding source text
AB01-PDF0111-body-L001-NUM01	AB01-PDF0111-body-L001	12	literal numeric token; unit and meaning require surrounding source text
AB01-PDF0111-body-L002-NUM01	AB01-PDF0111-body-L002	12	literal numeric token; unit and meaning require surrounding source text
AB01-PDF0111-body-L014-NUM01	AB01-PDF0111-body-L014	12	literal numeric token; unit and meaning require surrounding source text
AB01-PDF0111-body-L018-NUM01	AB01-PDF0111-body-L018	144	literal numeric token; unit and meaning require surrounding source text
AB01-PDF0111-body-L018-NUM02	AB01-PDF0111-body-L018	12	literal numeric token; unit and meaning require surrounding source text
AB01-PDF0111-body-L020-NUM01	AB01-PDF0111-body-L020	1	literal numeric token; unit and meaning require surrounding source text
AB01-PDF0111-body-L020-NUM02	AB01-PDF0111-body-L020	720	literal numeric token; unit and meaning require surrounding source text
AB01-PDF0111-body-L020-NUM03	AB01-PDF0111-body-L020	720	literal numeric token; unit and meaning require surrounding source text
AB01-PDF0111-body-L024-NUM01	AB01-PDF0111-body-L024	90°	literal numeric token; unit and meaning require surrounding source text
AB01-PDF0111-body-L032-NUM01	AB01-PDF0111-body-L032	90°	literal numeric token; unit and meaning require surrounding source text
AB01-PDF0111-body-L035-NUM01	AB01-PDF0111-body-L035	2	literal numeric token; unit and meaning require surrounding source text
AB01-PDF0111-notes_left-L001-NUM01	AB01-PDF0111-notes_left-L001	1	literal numeric token; unit and meaning require surrounding source text
AB01-PDF0111-notes_left-L001-NUM02	AB01-PDF0111-notes_left-L001	12	literal numeric token; unit and meaning require surrounding source text
AB01-PDF0111-notes_left-L001-NUM03	AB01-PDF0111-notes_left-L001	60	literal numeric token; unit and meaning require surrounding source text
AB01-PDF0111-notes_right-L001-NUM01	AB01-PDF0111-notes_right-L001	2	literal numeric token; unit and meaning require surrounding source text
AB01-PDF0111-notes_right-L001-NUM02	AB01-PDF0111-notes_right-L001	179	literal numeric token; unit and meaning require surrounding source text
AB01-PDF0112-body-L001-NUM01	AB01-PDF0112-body-L001	60	literal numeric token; unit and meaning require surrounding source text
AB01-PDF0112-body-L006-NUM01	AB01-PDF0112-body-L006	60	literal numeric token; unit and meaning require surrounding source text
AB01-PDF0112-body-L014-NUM01	AB01-PDF0112-body-L014	12	literal numeric token; unit and meaning require surrounding source text
AB01-PDF0112-body-L033-NUM01	AB01-PDF0112-body-L033	1	literal numeric token; unit and meaning require surrounding source text
AB01-PDF0112-notes_full-L001-NUM01	AB01-PDF0112-notes_full-L001	1	literal numeric token; unit and meaning require surrounding source text
AB01-PDF0114-body-L004-NUM01	AB01-PDF0114-body-L004	90	literal numeric token; unit and meaning require surrounding source text
AB01-PDF0114-body-L015-NUM01	AB01-PDF0114-body-L015	1	literal numeric token; unit and meaning require surrounding source text
AB01-PDF0114-body-L020-NUM01	AB01-PDF0114-body-L020	2	literal numeric token; unit and meaning require surrounding source text
AB01-PDF0114-body-L022-NUM01	AB01-PDF0114-body-L022	3	literal numeric token; unit and meaning require surrounding source text
AB01-PDF0114-body-L028-NUM01	AB01-PDF0114-body-L028	36°	literal numeric token; unit and meaning require surrounding source text
AB01-PDF0114-body-L028-NUM02	AB01-PDF0114-body-L028	22′	literal numeric token; unit and meaning require surrounding source text
AB01-PDF0114-body-L029-NUM01	AB01-PDF0114-body-L029	77°	literal numeric token; unit and meaning require surrounding source text
AB01-PDF0114-body-L029-NUM02	AB01-PDF0114-body-L029	13′	literal numeric token; unit and meaning require surrounding source text
AB01-PDF0114-body-L029-NUM03	AB01-PDF0114-body-L029	30°	literal numeric token; unit and meaning require surrounding source text
AB01-PDF0114-body-L029-NUM04	AB01-PDF0114-body-L029	3′	literal numeric token; unit and meaning require surrounding source text
AB01-PDF0114-body-L031-NUM01	AB01-PDF0114-body-L031	30°	literal numeric token; unit and meaning require surrounding source text
AB01-PDF0114-body-L031-NUM02	AB01-PDF0114-body-L031	3′	literal numeric token; unit and meaning require surrounding source text
AB01-PDF0114-body-L033-NUM01	AB01-PDF0114-body-L033	53°	literal numeric token; unit and meaning require surrounding source text
AB01-PDF0114-body-L033-NUM02	AB01-PDF0114-body-L033	38′	literal numeric token; unit and meaning require surrounding source text
AB01-PDF0114-body-L034-NUM01	AB01-PDF0114-body-L034	107°	literal numeric token; unit and meaning require surrounding source text
AB01-PDF0114-body-L034-NUM02	AB01-PDF0114-body-L034	16′	literal numeric token; unit and meaning require surrounding source text
AB01-PDF0114-body-L034-NUM03	AB01-PDF0114-body-L034	77°	literal numeric token; unit and meaning require surrounding source text
AB01-PDF0114-body-L034-NUM04	AB01-PDF0114-body-L034	13′	literal numeric token; unit and meaning require surrounding source text
AB01-PDF0114-body-L035-NUM01	AB01-PDF0114-body-L035	30°	literal numeric token; unit and meaning require surrounding source text
AB01-PDF0114-body-L035-NUM02	AB01-PDF0114-body-L035	3′	literal numeric token; unit and meaning require surrounding source text
AB01-PDF0114-body-L036-NUM01	AB01-PDF0114-body-L036	30°	literal numeric token; unit and meaning require surrounding source text
AB01-PDF0114-body-L036-NUM02	AB01-PDF0114-body-L036	0′	literal numeric token; unit and meaning require surrounding source text
AB01-PDF0114-body-L036-NUM03	AB01-PDF0114-body-L036	4	literal numeric token; unit and meaning require surrounding source text
AB01-PDF0114-notes_left-L001-NUM01	AB01-PDF0114-notes_left-L001	1	literal numeric token; unit and meaning require surrounding source text
AB01-PDF0114-notes_right-L001-NUM01	AB01-PDF0114-notes_right-L001	2	literal numeric token; unit and meaning require surrounding source text
AB01-PDF0114-notes_right-L001-NUM02	AB01-PDF0114-notes_right-L001	20	literal numeric token; unit and meaning require surrounding source text
AB01-PDF0114-notes_right-L002-NUM01	AB01-PDF0114-notes_right-L002	3	literal numeric token; unit and meaning require surrounding source text
AB01-PDF0114-notes_right-L004-NUM01	AB01-PDF0114-notes_right-L004	4	literal numeric token; unit and meaning require surrounding source text
AB01-PDF0114-notes_right-L004-NUM02	AB01-PDF0114-notes_right-L004	30°	literal numeric token; unit and meaning require surrounding source text
AB01-PDF0114-notes_right-L004-NUM03	AB01-PDF0114-notes_right-L004	3′	literal numeric token; unit and meaning require surrounding source text
AB01-PDF0115-body-L028-NUM01	AB01-PDF0115-body-L028	1	literal numeric token; unit and meaning require surrounding source text
AB01-PDF0115-body-L030-NUM01	AB01-PDF0115-body-L030	2	literal numeric token; unit and meaning require surrounding source text
AB01-PDF0115-body-L032-NUM01	AB01-PDF0115-body-L032	30	literal numeric token; unit and meaning require surrounding source text
AB01-PDF0115-body-L033-NUM01	AB01-PDF0115-body-L033	58	literal numeric token; unit and meaning require surrounding source text
AB01-PDF0115-body-L033-NUM02	AB01-PDF0115-body-L033	31′	literal numeric token; unit and meaning require surrounding source text
AB01-PDF0115-body-L033-NUM03	AB01-PDF0115-body-L033	1755	literal numeric token; unit and meaning require surrounding source text
AB01-PDF0115-body-L033-NUM04	AB01-PDF0115-body-L033	30′	literal numeric token; unit and meaning require surrounding source text
AB01-PDF0115-body-L033-NUM05	AB01-PDF0115-body-L033	3	literal numeric token; unit and meaning require surrounding source text
AB01-PDF0115-body-L034-NUM01	AB01-PDF0115-body-L034	13	literal numeric token; unit and meaning require surrounding source text
AB01-PDF0115-body-L034-NUM02	AB01-PDF0115-body-L034	17′	literal numeric token; unit and meaning require surrounding source text
AB01-PDF0115-body-L034-NUM03	AB01-PDF0115-body-L034	4	literal numeric token; unit and meaning require surrounding source text
AB01-PDF0115-body-L035-NUM01	AB01-PDF0115-body-L035	43	literal numeric token; unit and meaning require surrounding source text
AB01-PDF0115-body-L035-NUM02	AB01-PDF0115-body-L035	17′	literal numeric token; unit and meaning require surrounding source text
AB01-PDF0115-body-L035-NUM03	AB01-PDF0115-body-L035	1755	literal numeric token; unit and meaning require surrounding source text
AB01-PDF0115-body-L035-NUM04	AB01-PDF0115-body-L035	30′	literal numeric token; unit and meaning require surrounding source text
AB01-PDF0115-body-L036-NUM01	AB01-PDF0115-body-L036	40	literal numeric token; unit and meaning require surrounding source text
AB01-PDF0115-body-L036-NUM02	AB01-PDF0115-body-L036	33′	literal numeric token; unit and meaning require surrounding source text
AB01-PDF0115-body-L036-NUM03	AB01-PDF0115-body-L036	5	literal numeric token; unit and meaning require surrounding source text
AB01-PDF0115-body-L037-NUM01	AB01-PDF0115-body-L037	42°	literal numeric token; unit and meaning require surrounding source text
AB01-PDF0115-body-L037-NUM02	AB01-PDF0115-body-L037	32′	literal numeric token; unit and meaning require surrounding source text
AB01-PDF0115-notes_left-L001-NUM01	AB01-PDF0115-notes_left-L001	1	literal numeric token; unit and meaning require surrounding source text
AB01-PDF0115-notes_left-L003-NUM01	AB01-PDF0115-notes_left-L003	2	literal numeric token; unit and meaning require surrounding source text
AB01-PDF0115-notes_left-L004-NUM01	AB01-PDF0115-notes_left-L004	3	literal numeric token; unit and meaning require surrounding source text
AB01-PDF0115-notes_left-L004-NUM02	AB01-PDF0115-notes_left-L004	1750	literal numeric token; unit and meaning require surrounding source text
AB01-PDF0115-notes_right-L001-NUM01	AB01-PDF0115-notes_right-L001	4	literal numeric token; unit and meaning require surrounding source text
AB01-PDF0115-notes_right-L002-NUM01	AB01-PDF0115-notes_right-L002	5	literal numeric token; unit and meaning require surrounding source text
AB01-PDF0115-notes_right-L002-NUM02	AB01-PDF0115-notes_right-L002	30	literal numeric token; unit and meaning require surrounding source text
AB01-PDF0115-notes_right-L002-NUM03	AB01-PDF0115-notes_right-L002	58	literal numeric token; unit and meaning require surrounding source text
AB01-PDF0115-notes_right-L002-NUM04	AB01-PDF0115-notes_right-L002	31′	literal numeric token; unit and meaning require surrounding source text
AB01-PDF0115-notes_right-L002-NUM05	AB01-PDF0115-notes_right-L002	43	literal numeric token; unit and meaning require surrounding source text
AB01-PDF0115-notes_right-L002-NUM06	AB01-PDF0115-notes_right-L002	17′	literal numeric token; unit and meaning require surrounding source text
AB01-PDF0115-notes_right-L002-NUM07	AB01-PDF0115-notes_right-L002	1755	literal numeric token; unit and meaning require surrounding source text
AB01-PDF0115-notes_right-L002-NUM08	AB01-PDF0115-notes_right-L002	30′	literal numeric token; unit and meaning require surrounding source text
AB01-PDF0115-notes_right-L002-NUM09	AB01-PDF0115-notes_right-L002	43	literal numeric token; unit and meaning require surrounding source text
AB01-PDF0115-notes_right-L002-NUM10	AB01-PDF0115-notes_right-L002	17′	literal numeric token; unit and meaning require surrounding source text
AB01-PDF0115-notes_right-L002-NUM11	AB01-PDF0115-notes_right-L002	105330′	literal numeric token; unit and meaning require surrounding source text
AB01-PDF0115-notes_right-L002-NUM12	AB01-PDF0115-notes_right-L002	2597′	literal numeric token; unit and meaning require surrounding source text
AB01-PDF0115-notes_right-L003-NUM01	AB01-PDF0115-notes_right-L003	40	literal numeric token; unit and meaning require surrounding source text
AB01-PDF0115-notes_right-L003-NUM02	AB01-PDF0115-notes_right-L003	33′	literal numeric token; unit and meaning require surrounding source text
AB01-PDF0115-notes_right-L003-NUM03	AB01-PDF0115-notes_right-L003	29″	literal numeric token; unit and meaning require surrounding source text
AB01-PDF0116-body-L026-NUM01	AB01-PDF0116-body-L026	1°	literal numeric token; unit and meaning require surrounding source text
AB01-PDF0116-body-L026-NUM02	AB01-PDF0116-body-L026	90°	literal numeric token; unit and meaning require surrounding source text
AB01-PDF0116-body-L028-NUM01	AB01-PDF0116-body-L028	90°	literal numeric token; unit and meaning require surrounding source text
AB01-PDF0116-body-L032-NUM01	AB01-PDF0116-body-L032	180	literal numeric token; unit and meaning require surrounding source text
AB01-PDF0116-body-L033-NUM01	AB01-PDF0116-body-L033	180°	literal numeric token; unit and meaning require surrounding source text
AB01-PDF0116-body-L033-NUM02	AB01-PDF0116-body-L033	1	literal numeric token; unit and meaning require surrounding source text
AB01-PDF0116-body-L034-NUM01	AB01-PDF0116-body-L034	29°	literal numeric token; unit and meaning require surrounding source text
AB01-PDF0116-body-L034-NUM02	AB01-PDF0116-body-L034	360°	literal numeric token; unit and meaning require surrounding source text
AB01-PDF0116-body-L035-NUM01	AB01-PDF0116-body-L035	29°	literal numeric token; unit and meaning require surrounding source text
AB01-PDF0116-body-L035-NUM02	AB01-PDF0116-body-L035	2	literal numeric token; unit and meaning require surrounding source text
AB01-PDF0116-body-L036-NUM01	AB01-PDF0116-body-L036	90°	literal numeric token; unit and meaning require surrounding source text
AB01-PDF0116-notes_left-L001-NUM01	AB01-PDF0116-notes_left-L001	1	literal numeric token; unit and meaning require surrounding source text
AB01-PDF0116-notes_left-L001-NUM02	AB01-PDF0116-notes_left-L001	360°	literal numeric token; unit and meaning require surrounding source text
AB01-PDF0116-notes_right-L001-NUM01	AB01-PDF0116-notes_right-L001	2	literal numeric token; unit and meaning require surrounding source text
AB01-PDF0116-notes_right-L001-NUM02	AB01-PDF0116-notes_right-L001	59	literal numeric token; unit and meaning require surrounding source text
AB01-PDF0117-body-L002-NUM01	AB01-PDF0117-body-L002	1	literal numeric token; unit and meaning require surrounding source text
AB01-PDF0117-body-L007-NUM01	AB01-PDF0117-body-L007	2	literal numeric token; unit and meaning require surrounding source text
AB01-PDF0117-body-L008-NUM01	AB01-PDF0117-body-L008	60	literal numeric token; unit and meaning require surrounding source text
AB01-PDF0117-body-L015-NUM01	AB01-PDF0117-body-L015	3	literal numeric token; unit and meaning require surrounding source text
AB01-PDF0117-body-L018-NUM01	AB01-PDF0117-body-L018	60	literal numeric token; unit and meaning require surrounding source text
AB01-PDF0117-body-L019-NUM01	AB01-PDF0117-body-L019	600	literal numeric token; unit and meaning require surrounding source text
AB01-PDF0117-body-L031-NUM01	AB01-PDF0117-body-L031	360°	literal numeric token; unit and meaning require surrounding source text
AB01-PDF0117-body-L033-NUM01	AB01-PDF0117-body-L033	360°	literal numeric token; unit and meaning require surrounding source text
AB01-PDF0117-body-L035-NUM01	AB01-PDF0117-body-L035	90	literal numeric token; unit and meaning require surrounding source text
AB01-PDF0117-body-L037-NUM01	AB01-PDF0117-body-L037	90°	literal numeric token; unit and meaning require surrounding source text
AB01-PDF0117-body-L037-NUM02	AB01-PDF0117-body-L037	90	literal numeric token; unit and meaning require surrounding source text
AB01-PDF0117-notes_left-L001-NUM01	AB01-PDF0117-notes_left-L001	1	literal numeric token; unit and meaning require surrounding source text
AB01-PDF0117-notes_left-L001-NUM02	AB01-PDF0117-notes_left-L001	181	literal numeric token; unit and meaning require surrounding source text
AB01-PDF0117-notes_left-L002-NUM01	AB01-PDF0117-notes_left-L002	2	literal numeric token; unit and meaning require surrounding source text
AB01-PDF0117-notes_left-L003-NUM01	AB01-PDF0117-notes_left-L003	14	literal numeric token; unit and meaning require surrounding source text
AB01-PDF0117-notes_left-L004-NUM01	AB01-PDF0117-notes_left-L004	3	literal numeric token; unit and meaning require surrounding source text
AB01-PDF0117-notes_right-L003-NUM01	AB01-PDF0117-notes_right-L003	238	literal numeric token; unit and meaning require surrounding source text
AB01-PDF0117-notes_right-L004-NUM01	AB01-PDF0117-notes_right-L004	218	literal numeric token; unit and meaning require surrounding source text
AB01-PDF0118-body-L001-NUM01	AB01-PDF0118-body-L001	90	literal numeric token; unit and meaning require surrounding source text
AB01-PDF0118-body-L001-NUM02	AB01-PDF0118-body-L001	90°	literal numeric token; unit and meaning require surrounding source text
AB01-PDF0118-body-L005-NUM01	AB01-PDF0118-body-L005	15	literal numeric token; unit and meaning require surrounding source text
AB01-PDF0118-body-L005-NUM02	AB01-PDF0118-body-L005	24	literal numeric token; unit and meaning require surrounding source text
AB01-PDF0118-body-L007-NUM01	AB01-PDF0118-body-L007	12	literal numeric token; unit and meaning require surrounding source text
AB01-PDF0118-body-L008-NUM01	AB01-PDF0118-body-L008	12	literal numeric token; unit and meaning require surrounding source text
AB01-PDF0118-body-L009-NUM01	AB01-PDF0118-body-L009	30°	literal numeric token; unit and meaning require surrounding source text
AB01-PDF0118-body-L010-NUM01	AB01-PDF0118-body-L010	30	literal numeric token; unit and meaning require surrounding source text
AB01-PDF0118-body-L013-NUM01	AB01-PDF0118-body-L013	15°	literal numeric token; unit and meaning require surrounding source text
AB01-PDF0118-body-L014-NUM01	AB01-PDF0118-body-L014	15°	literal numeric token; unit and meaning require surrounding source text
AB01-PDF0118-body-L021-NUM01	AB01-PDF0118-body-L021	30°	literal numeric token; unit and meaning require surrounding source text
AB01-PDF0118-body-L023-NUM01	AB01-PDF0118-body-L023	6	literal numeric token; unit and meaning require surrounding source text
AB01-PDF0118-body-L023-NUM02	AB01-PDF0118-body-L023	1	literal numeric token; unit and meaning require surrounding source text
AB01-PDF0118-body-L024-NUM01	AB01-PDF0118-body-L024	2	literal numeric token; unit and meaning require surrounding source text
AB01-PDF0118-body-L025-NUM01	AB01-PDF0118-body-L025	12	literal numeric token; unit and meaning require surrounding source text
AB01-PDF0118-body-L026-NUM01	AB01-PDF0118-body-L026	15	literal numeric token; unit and meaning require surrounding source text
AB01-PDF0118-body-L030-NUM01	AB01-PDF0118-body-L030	15	literal numeric token; unit and meaning require surrounding source text
AB01-PDF0118-notes_left-L001-NUM01	AB01-PDF0118-notes_left-L001	1	literal numeric token; unit and meaning require surrounding source text
AB01-PDF0118-notes_left-L001-NUM02	AB01-PDF0118-notes_left-L001	60	literal numeric token; unit and meaning require surrounding source text
AB01-PDF0118-notes_left-L002-NUM01	AB01-PDF0118-notes_left-L002	2	literal numeric token; unit and meaning require surrounding source text
AB01-PDF0119-body-L001-NUM01	AB01-PDF0119-body-L001	90°	literal numeric token; unit and meaning require surrounding source text
AB01-PDF0119-body-L002-NUM01	AB01-PDF0119-body-L002	1	literal numeric token; unit and meaning require surrounding source text
AB01-PDF0119-body-L003-NUM01	AB01-PDF0119-body-L003	2	literal numeric token; unit and meaning require surrounding source text
AB01-PDF0119-body-L008-NUM01	AB01-PDF0119-body-L008	90°	literal numeric token; unit and meaning require surrounding source text
AB01-PDF0119-body-L010-NUM01	AB01-PDF0119-body-L010	90	literal numeric token; unit and meaning require surrounding source text
AB01-PDF0119-body-L011-NUM01	AB01-PDF0119-body-L011	90°	literal numeric token; unit and meaning require surrounding source text
AB01-PDF0119-body-L013-NUM01	AB01-PDF0119-body-L013	90°	literal numeric token; unit and meaning require surrounding source text
AB01-PDF0119-body-L013-NUM02	AB01-PDF0119-body-L013	180°	literal numeric token; unit and meaning require surrounding source text
AB01-PDF0119-body-L027-NUM01	AB01-PDF0119-body-L027	15°	literal numeric token; unit and meaning require surrounding source text
AB01-PDF0119-body-L032-NUM01	AB01-PDF0119-body-L032	3	literal numeric token; unit and meaning require surrounding source text
AB01-PDF0119-notes_left-L001-NUM01	AB01-PDF0119-notes_left-L001	1	literal numeric token; unit and meaning require surrounding source text
AB01-PDF0119-notes_left-L001-NUM02	AB01-PDF0119-notes_left-L001	172	literal numeric token; unit and meaning require surrounding source text
AB01-PDF0119-notes_left-L001-NUM03	AB01-PDF0119-notes_left-L001	175	literal numeric token; unit and meaning require surrounding source text
AB01-PDF0119-notes_left-L002-NUM01	AB01-PDF0119-notes_left-L002	2	literal numeric token; unit and meaning require surrounding source text
AB01-PDF0119-notes_right-L003-NUM01	AB01-PDF0119-notes_right-L003	3	literal numeric token; unit and meaning require surrounding source text
