table_id	cell_id	row	column	source_pdf_rect	literal	status	glyph_id
AB01-PDF0096-T01	AB01-PDF0096-T01-R01-C01	1	1	[144.9, 456.2, 172.63636363636365, 483.9090909090909]	grad.	TRANSCRIBED	
AB01-PDF0096-T01	AB01-PDF0096-T01-R01-C02	1	2	[172.63636363636365, 456.2, 200.37272727272727, 483.9090909090909]	min.	TRANSCRIBED	
AB01-PDF0096-T01	AB01-PDF0096-T01-R01-C03	1	3	[200.37272727272727, 456.2, 228.10909090909092, 483.9090909090909]	2	TRANSCRIBED	
AB01-PDF0096-T01	AB01-PDF0096-T01-R01-C04	1	4	[228.10909090909092, 456.2, 255.84545454545457, 483.9090909090909]	3	TRANSCRIBED	
AB01-PDF0096-T01	AB01-PDF0096-T01-R01-C05	1	5	[255.84545454545457, 456.2, 283.5818181818182, 483.9090909090909]	4	TRANSCRIBED	
AB01-PDF0096-T01	AB01-PDF0096-T01-R01-C06	1	6	[283.5818181818182, 456.2, 311.31818181818187, 483.9090909090909]	5	TRANSCRIBED	
AB01-PDF0096-T01	AB01-PDF0096-T01-R01-C07	1	7	[311.31818181818187, 456.2, 339.0545454545455, 483.9090909090909]	6	TRANSCRIBED	
AB01-PDF0096-T01	AB01-PDF0096-T01-R01-C08	1	8	[339.0545454545455, 456.2, 366.7909090909091, 483.9090909090909]	7	TRANSCRIBED	
AB01-PDF0096-T01	AB01-PDF0096-T01-R01-C09	1	9	[366.7909090909091, 456.2, 394.5272727272727, 483.9090909090909]	8	TRANSCRIBED	
AB01-PDF0096-T01	AB01-PDF0096-T01-R01-C10	1	10	[394.5272727272727, 456.2, 422.26363636363635, 483.9090909090909]	9	TRANSCRIBED	
AB01-PDF0096-T01	AB01-PDF0096-T01-R01-C11	1	11	[422.26363636363635, 456.2, 450.0, 483.9090909090909]	10	TRANSCRIBED	
AB01-PDF0096-T01	AB01-PDF0096-T01-R02-C01	2	1	[144.9, 483.9090909090909, 172.63636363636365, 511.6181818181818]	min.	TRANSCRIBED	
AB01-PDF0096-T01	AB01-PDF0096-T01-R02-C02	2	2	[172.63636363636365, 483.9090909090909, 200.37272727272727, 511.6181818181818]	2	TRANSCRIBED	
AB01-PDF0096-T01	AB01-PDF0096-T01-R02-C03	2	3	[200.37272727272727, 483.9090909090909, 228.10909090909092, 511.6181818181818]	3	TRANSCRIBED	
AB01-PDF0096-T01	AB01-PDF0096-T01-R02-C04	2	4	[228.10909090909092, 483.9090909090909, 255.84545454545457, 511.6181818181818]	4	TRANSCRIBED	
AB01-PDF0096-T01	AB01-PDF0096-T01-R02-C05	2	5	[255.84545454545457, 483.9090909090909, 283.5818181818182, 511.6181818181818]	5	TRANSCRIBED	
AB01-PDF0096-T01	AB01-PDF0096-T01-R02-C06	2	6	[283.5818181818182, 483.9090909090909, 311.31818181818187, 511.6181818181818]	6	TRANSCRIBED	
AB01-PDF0096-T01	AB01-PDF0096-T01-R02-C07	2	7	[311.31818181818187, 483.9090909090909, 339.0545454545455, 511.6181818181818]	7	TRANSCRIBED	
AB01-PDF0096-T01	AB01-PDF0096-T01-R02-C08	2	8	[339.0545454545455, 483.9090909090909, 366.7909090909091, 511.6181818181818]	8	TRANSCRIBED	
AB01-PDF0096-T01	AB01-PDF0096-T01-R02-C09	2	9	[366.7909090909091, 483.9090909090909, 394.5272727272727, 511.6181818181818]	9	TRANSCRIBED	
AB01-PDF0096-T01	AB01-PDF0096-T01-R02-C10	2	10	[394.5272727272727, 483.9090909090909, 422.26363636363635, 511.6181818181818]	10	TRANSCRIBED	
AB01-PDF0096-T01	AB01-PDF0096-T01-R02-C11	2	11	[422.26363636363635, 483.9090909090909, 450.0, 511.6181818181818]	11	TRANSCRIBED	
AB01-PDF0096-T01	AB01-PDF0096-T01-R03-C01	3	1	[144.9, 511.6181818181818, 172.63636363636365, 539.3272727272728]	2	TRANSCRIBED	
AB01-PDF0096-T01	AB01-PDF0096-T01-R03-C02	3	2	[172.63636363636365, 511.6181818181818, 200.37272727272727, 539.3272727272728]	3	TRANSCRIBED	
AB01-PDF0096-T01	AB01-PDF0096-T01-R03-C03	3	3	[200.37272727272727, 511.6181818181818, 228.10909090909092, 539.3272727272728]	4	TRANSCRIBED	
AB01-PDF0096-T01	AB01-PDF0096-T01-R03-C04	3	4	[228.10909090909092, 511.6181818181818, 255.84545454545457, 539.3272727272728]	5	TRANSCRIBED	
AB01-PDF0096-T01	AB01-PDF0096-T01-R03-C05	3	5	[255.84545454545457, 511.6181818181818, 283.5818181818182, 539.3272727272728]	6	TRANSCRIBED	
AB01-PDF0096-T01	AB01-PDF0096-T01-R03-C06	3	6	[283.5818181818182, 511.6181818181818, 311.31818181818187, 539.3272727272728]	7	TRANSCRIBED	
AB01-PDF0096-T01	AB01-PDF0096-T01-R03-C07	3	7	[311.31818181818187, 511.6181818181818, 339.0545454545455, 539.3272727272728]	8	TRANSCRIBED	
AB01-PDF0096-T01	AB01-PDF0096-T01-R03-C08	3	8	[339.0545454545455, 511.6181818181818, 366.7909090909091, 539.3272727272728]	9	TRANSCRIBED	
AB01-PDF0096-T01	AB01-PDF0096-T01-R03-C09	3	9	[366.7909090909091, 511.6181818181818, 394.5272727272727, 539.3272727272728]	10	TRANSCRIBED	
AB01-PDF0096-T01	AB01-PDF0096-T01-R03-C10	3	10	[394.5272727272727, 511.6181818181818, 422.26363636363635, 539.3272727272728]	11	TRANSCRIBED	
AB01-PDF0096-T01	AB01-PDF0096-T01-R03-C11	3	11	[422.26363636363635, 511.6181818181818, 450.0, 539.3272727272728]	12	TRANSCRIBED	
AB01-PDF0096-T01	AB01-PDF0096-T01-R04-C01	4	1	[144.9, 539.3272727272728, 172.63636363636365, 567.0363636363636]	3	TRANSCRIBED	
AB01-PDF0096-T01	AB01-PDF0096-T01-R04-C02	4	2	[172.63636363636365, 539.3272727272728, 200.37272727272727, 567.0363636363636]	4	TRANSCRIBED	
AB01-PDF0096-T01	AB01-PDF0096-T01-R04-C03	4	3	[200.37272727272727, 539.3272727272728, 228.10909090909092, 567.0363636363636]	5	TRANSCRIBED	
AB01-PDF0096-T01	AB01-PDF0096-T01-R04-C04	4	4	[228.10909090909092, 539.3272727272728, 255.84545454545457, 567.0363636363636]	6	TRANSCRIBED	
AB01-PDF0096-T01	AB01-PDF0096-T01-R04-C05	4	5	[255.84545454545457, 539.3272727272728, 283.5818181818182, 567.0363636363636]	7	TRANSCRIBED	
AB01-PDF0096-T01	AB01-PDF0096-T01-R04-C06	4	6	[283.5818181818182, 539.3272727272728, 311.31818181818187, 567.0363636363636]	8	TRANSCRIBED	
AB01-PDF0096-T01	AB01-PDF0096-T01-R04-C07	4	7	[311.31818181818187, 539.3272727272728, 339.0545454545455, 567.0363636363636]	9	TRANSCRIBED	
AB01-PDF0096-T01	AB01-PDF0096-T01-R04-C08	4	8	[339.0545454545455, 539.3272727272728, 366.7909090909091, 567.0363636363636]	10	TRANSCRIBED	
AB01-PDF0096-T01	AB01-PDF0096-T01-R04-C09	4	9	[366.7909090909091, 539.3272727272728, 394.5272727272727, 567.0363636363636]	11	TRANSCRIBED	
AB01-PDF0096-T01	AB01-PDF0096-T01-R04-C10	4	10	[394.5272727272727, 539.3272727272728, 422.26363636363635, 567.0363636363636]		IMAGE_PRESERVED_UNRESOLVED_DIGIT	AB01-PDF0096-T01-R04-C10
AB01-PDF0096-T01	AB01-PDF0096-T01-R04-C11	4	11	[422.26363636363635, 539.3272727272728, 450.0, 567.0363636363636]	13	TRANSCRIBED	
AB01-PDF0096-T01	AB01-PDF0096-T01-R05-C01	5	1	[144.9, 567.0363636363636, 172.63636363636365, 594.7454545454545]	4	TRANSCRIBED	
AB01-PDF0096-T01	AB01-PDF0096-T01-R05-C02	5	2	[172.63636363636365, 567.0363636363636, 200.37272727272727, 594.7454545454545]	5	TRANSCRIBED	
AB01-PDF0096-T01	AB01-PDF0096-T01-R05-C03	5	3	[200.37272727272727, 567.0363636363636, 228.10909090909092, 594.7454545454545]	6	TRANSCRIBED	
AB01-PDF0096-T01	AB01-PDF0096-T01-R05-C04	5	4	[228.10909090909092, 567.0363636363636, 255.84545454545457, 594.7454545454545]	7	TRANSCRIBED	
AB01-PDF0096-T01	AB01-PDF0096-T01-R05-C05	5	5	[255.84545454545457, 567.0363636363636, 283.5818181818182, 594.7454545454545]	8	TRANSCRIBED	
AB01-PDF0096-T01	AB01-PDF0096-T01-R05-C06	5	6	[283.5818181818182, 567.0363636363636, 311.31818181818187, 594.7454545454545]	9	TRANSCRIBED	
AB01-PDF0096-T01	AB01-PDF0096-T01-R05-C07	5	7	[311.31818181818187, 567.0363636363636, 339.0545454545455, 594.7454545454545]	10	TRANSCRIBED	
AB01-PDF0096-T01	AB01-PDF0096-T01-R05-C08	5	8	[339.0545454545455, 567.0363636363636, 366.7909090909091, 594.7454545454545]	11	TRANSCRIBED	
AB01-PDF0096-T01	AB01-PDF0096-T01-R05-C09	5	9	[366.7909090909091, 567.0363636363636, 394.5272727272727, 594.7454545454545]	12	TRANSCRIBED	
AB01-PDF0096-T01	AB01-PDF0096-T01-R05-C10	5	10	[394.5272727272727, 567.0363636363636, 422.26363636363635, 594.7454545454545]	13	TRANSCRIBED	
AB01-PDF0096-T01	AB01-PDF0096-T01-R05-C11	5	11	[422.26363636363635, 567.0363636363636, 450.0, 594.7454545454545]	14	TRANSCRIBED	
AB01-PDF0096-T01	AB01-PDF0096-T01-R06-C01	6	1	[144.9, 594.7454545454545, 172.63636363636365, 622.4545454545455]	5	TRANSCRIBED	
AB01-PDF0096-T01	AB01-PDF0096-T01-R06-C02	6	2	[172.63636363636365, 594.7454545454545, 200.37272727272727, 622.4545454545455]	6	TRANSCRIBED	
AB01-PDF0096-T01	AB01-PDF0096-T01-R06-C03	6	3	[200.37272727272727, 594.7454545454545, 228.10909090909092, 622.4545454545455]	7	TRANSCRIBED	
AB01-PDF0096-T01	AB01-PDF0096-T01-R06-C04	6	4	[228.10909090909092, 594.7454545454545, 255.84545454545457, 622.4545454545455]	8	TRANSCRIBED	
AB01-PDF0096-T01	AB01-PDF0096-T01-R06-C05	6	5	[255.84545454545457, 594.7454545454545, 283.5818181818182, 622.4545454545455]	9	TRANSCRIBED	
AB01-PDF0096-T01	AB01-PDF0096-T01-R06-C06	6	6	[283.5818181818182, 594.7454545454545, 311.31818181818187, 622.4545454545455]	10	TRANSCRIBED	
AB01-PDF0096-T01	AB01-PDF0096-T01-R06-C07	6	7	[311.31818181818187, 594.7454545454545, 339.0545454545455, 622.4545454545455]	11	TRANSCRIBED	
AB01-PDF0096-T01	AB01-PDF0096-T01-R06-C08	6	8	[339.0545454545455, 594.7454545454545, 366.7909090909091, 622.4545454545455]	12	TRANSCRIBED	
AB01-PDF0096-T01	AB01-PDF0096-T01-R06-C09	6	9	[366.7909090909091, 594.7454545454545, 394.5272727272727, 622.4545454545455]	13	TRANSCRIBED	
AB01-PDF0096-T01	AB01-PDF0096-T01-R06-C10	6	10	[394.5272727272727, 594.7454545454545, 422.26363636363635, 622.4545454545455]	14	TRANSCRIBED	
AB01-PDF0096-T01	AB01-PDF0096-T01-R06-C11	6	11	[422.26363636363635, 594.7454545454545, 450.0, 622.4545454545455]	15	TRANSCRIBED	
AB01-PDF0096-T01	AB01-PDF0096-T01-R07-C01	7	1	[144.9, 622.4545454545455, 172.63636363636365, 650.1636363636363]	6	TRANSCRIBED	
AB01-PDF0096-T01	AB01-PDF0096-T01-R07-C02	7	2	[172.63636363636365, 622.4545454545455, 200.37272727272727, 650.1636363636363]	7	TRANSCRIBED	
AB01-PDF0096-T01	AB01-PDF0096-T01-R07-C03	7	3	[200.37272727272727, 622.4545454545455, 228.10909090909092, 650.1636363636363]	8	TRANSCRIBED	
AB01-PDF0096-T01	AB01-PDF0096-T01-R07-C04	7	4	[228.10909090909092, 622.4545454545455, 255.84545454545457, 650.1636363636363]	9	TRANSCRIBED	
AB01-PDF0096-T01	AB01-PDF0096-T01-R07-C05	7	5	[255.84545454545457, 622.4545454545455, 283.5818181818182, 650.1636363636363]	10	TRANSCRIBED	
AB01-PDF0096-T01	AB01-PDF0096-T01-R07-C06	7	6	[283.5818181818182, 622.4545454545455, 311.31818181818187, 650.1636363636363]	11	TRANSCRIBED	
AB01-PDF0096-T01	AB01-PDF0096-T01-R07-C07	7	7	[311.31818181818187, 622.4545454545455, 339.0545454545455, 650.1636363636363]	12	TRANSCRIBED	
AB01-PDF0096-T01	AB01-PDF0096-T01-R07-C08	7	8	[339.0545454545455, 622.4545454545455, 366.7909090909091, 650.1636363636363]	13	TRANSCRIBED	
AB01-PDF0096-T01	AB01-PDF0096-T01-R07-C09	7	9	[366.7909090909091, 622.4545454545455, 394.5272727272727, 650.1636363636363]	14	TRANSCRIBED	
AB01-PDF0096-T01	AB01-PDF0096-T01-R07-C10	7	10	[394.5272727272727, 622.4545454545455, 422.26363636363635, 650.1636363636363]	15	TRANSCRIBED	
AB01-PDF0096-T01	AB01-PDF0096-T01-R07-C11	7	11	[422.26363636363635, 622.4545454545455, 450.0, 650.1636363636363]	16	TRANSCRIBED	
AB01-PDF0096-T01	AB01-PDF0096-T01-R08-C01	8	1	[144.9, 650.1636363636363, 172.63636363636365, 677.8727272727273]	7	TRANSCRIBED	
AB01-PDF0096-T01	AB01-PDF0096-T01-R08-C02	8	2	[172.63636363636365, 650.1636363636363, 200.37272727272727, 677.8727272727273]	8	TRANSCRIBED	
AB01-PDF0096-T01	AB01-PDF0096-T01-R08-C03	8	3	[200.37272727272727, 650.1636363636363, 228.10909090909092, 677.8727272727273]	9	TRANSCRIBED	
AB01-PDF0096-T01	AB01-PDF0096-T01-R08-C04	8	4	[228.10909090909092, 650.1636363636363, 255.84545454545457, 677.8727272727273]	10	TRANSCRIBED	
AB01-PDF0096-T01	AB01-PDF0096-T01-R08-C05	8	5	[255.84545454545457, 650.1636363636363, 283.5818181818182, 677.8727272727273]	11	TRANSCRIBED	
AB01-PDF0096-T01	AB01-PDF0096-T01-R08-C06	8	6	[283.5818181818182, 650.1636363636363, 311.31818181818187, 677.8727272727273]	12	TRANSCRIBED	
AB01-PDF0096-T01	AB01-PDF0096-T01-R08-C07	8	7	[311.31818181818187, 650.1636363636363, 339.0545454545455, 677.8727272727273]	13	TRANSCRIBED	
AB01-PDF0096-T01	AB01-PDF0096-T01-R08-C08	8	8	[339.0545454545455, 650.1636363636363, 366.7909090909091, 677.8727272727273]	14	TRANSCRIBED	
AB01-PDF0096-T01	AB01-PDF0096-T01-R08-C09	8	9	[366.7909090909091, 650.1636363636363, 394.5272727272727, 677.8727272727273]	15	TRANSCRIBED	
AB01-PDF0096-T01	AB01-PDF0096-T01-R08-C10	8	10	[394.5272727272727, 650.1636363636363, 422.26363636363635, 677.8727272727273]	16	TRANSCRIBED	
AB01-PDF0096-T01	AB01-PDF0096-T01-R08-C11	8	11	[422.26363636363635, 650.1636363636363, 450.0, 677.8727272727273]	17	TRANSCRIBED	
AB01-PDF0096-T01	AB01-PDF0096-T01-R09-C01	9	1	[144.9, 677.8727272727273, 172.63636363636365, 705.5818181818182]	8	TRANSCRIBED	
AB01-PDF0096-T01	AB01-PDF0096-T01-R09-C02	9	2	[172.63636363636365, 677.8727272727273, 200.37272727272727, 705.5818181818182]	9	TRANSCRIBED	
AB01-PDF0096-T01	AB01-PDF0096-T01-R09-C03	9	3	[200.37272727272727, 677.8727272727273, 228.10909090909092, 705.5818181818182]	10	TRANSCRIBED	
AB01-PDF0096-T01	AB01-PDF0096-T01-R09-C04	9	4	[228.10909090909092, 677.8727272727273, 255.84545454545457, 705.5818181818182]	11	TRANSCRIBED	
AB01-PDF0096-T01	AB01-PDF0096-T01-R09-C05	9	5	[255.84545454545457, 677.8727272727273, 283.5818181818182, 705.5818181818182]	12	TRANSCRIBED	
AB01-PDF0096-T01	AB01-PDF0096-T01-R09-C06	9	6	[283.5818181818182, 677.8727272727273, 311.31818181818187, 705.5818181818182]	13	TRANSCRIBED	
AB01-PDF0096-T01	AB01-PDF0096-T01-R09-C07	9	7	[311.31818181818187, 677.8727272727273, 339.0545454545455, 705.5818181818182]	14	TRANSCRIBED	
AB01-PDF0096-T01	AB01-PDF0096-T01-R09-C08	9	8	[339.0545454545455, 677.8727272727273, 366.7909090909091, 705.5818181818182]	15	TRANSCRIBED	
AB01-PDF0096-T01	AB01-PDF0096-T01-R09-C09	9	9	[366.7909090909091, 677.8727272727273, 394.5272727272727, 705.5818181818182]	16	TRANSCRIBED	
AB01-PDF0096-T01	AB01-PDF0096-T01-R09-C10	9	10	[394.5272727272727, 677.8727272727273, 422.26363636363635, 705.5818181818182]	17	TRANSCRIBED	
AB01-PDF0096-T01	AB01-PDF0096-T01-R09-C11	9	11	[422.26363636363635, 677.8727272727273, 450.0, 705.5818181818182]	18	TRANSCRIBED	
AB01-PDF0096-T01	AB01-PDF0096-T01-R10-C01	10	1	[144.9, 705.5818181818182, 172.63636363636365, 733.290909090909]	9	TRANSCRIBED	
AB01-PDF0096-T01	AB01-PDF0096-T01-R10-C02	10	2	[172.63636363636365, 705.5818181818182, 200.37272727272727, 733.290909090909]	10	TRANSCRIBED	
AB01-PDF0096-T01	AB01-PDF0096-T01-R10-C03	10	3	[200.37272727272727, 705.5818181818182, 228.10909090909092, 733.290909090909]	11	TRANSCRIBED	
AB01-PDF0096-T01	AB01-PDF0096-T01-R10-C04	10	4	[228.10909090909092, 705.5818181818182, 255.84545454545457, 733.290909090909]	12	TRANSCRIBED	
AB01-PDF0096-T01	AB01-PDF0096-T01-R10-C05	10	5	[255.84545454545457, 705.5818181818182, 283.5818181818182, 733.290909090909]	13	TRANSCRIBED	
AB01-PDF0096-T01	AB01-PDF0096-T01-R10-C06	10	6	[283.5818181818182, 705.5818181818182, 311.31818181818187, 733.290909090909]	14	TRANSCRIBED	
AB01-PDF0096-T01	AB01-PDF0096-T01-R10-C07	10	7	[311.31818181818187, 705.5818181818182, 339.0545454545455, 733.290909090909]	15	TRANSCRIBED	
AB01-PDF0096-T01	AB01-PDF0096-T01-R10-C08	10	8	[339.0545454545455, 705.5818181818182, 366.7909090909091, 733.290909090909]	16	TRANSCRIBED	
AB01-PDF0096-T01	AB01-PDF0096-T01-R10-C09	10	9	[366.7909090909091, 705.5818181818182, 394.5272727272727, 733.290909090909]	17	TRANSCRIBED	
AB01-PDF0096-T01	AB01-PDF0096-T01-R10-C10	10	10	[394.5272727272727, 705.5818181818182, 422.26363636363635, 733.290909090909]	18	TRANSCRIBED	
AB01-PDF0096-T01	AB01-PDF0096-T01-R10-C11	10	11	[422.26363636363635, 705.5818181818182, 450.0, 733.290909090909]	19	TRANSCRIBED	
AB01-PDF0096-T01	AB01-PDF0096-T01-R11-C01	11	1	[144.9, 733.290909090909, 172.63636363636365, 761.0]	10	TRANSCRIBED	
AB01-PDF0096-T01	AB01-PDF0096-T01-R11-C02	11	2	[172.63636363636365, 733.290909090909, 200.37272727272727, 761.0]	11	TRANSCRIBED	
AB01-PDF0096-T01	AB01-PDF0096-T01-R11-C03	11	3	[200.37272727272727, 733.290909090909, 228.10909090909092, 761.0]	12	TRANSCRIBED	
AB01-PDF0096-T01	AB01-PDF0096-T01-R11-C04	11	4	[228.10909090909092, 733.290909090909, 255.84545454545457, 761.0]	13	TRANSCRIBED	
AB01-PDF0096-T01	AB01-PDF0096-T01-R11-C05	11	5	[255.84545454545457, 733.290909090909, 283.5818181818182, 761.0]	14	TRANSCRIBED	
AB01-PDF0096-T01	AB01-PDF0096-T01-R11-C06	11	6	[283.5818181818182, 733.290909090909, 311.31818181818187, 761.0]	15	TRANSCRIBED	
AB01-PDF0096-T01	AB01-PDF0096-T01-R11-C07	11	7	[311.31818181818187, 733.290909090909, 339.0545454545455, 761.0]	16	TRANSCRIBED	
AB01-PDF0096-T01	AB01-PDF0096-T01-R11-C08	11	8	[339.0545454545455, 733.290909090909, 366.7909090909091, 761.0]	17	TRANSCRIBED	
AB01-PDF0096-T01	AB01-PDF0096-T01-R11-C09	11	9	[366.7909090909091, 733.290909090909, 394.5272727272727, 761.0]	18	TRANSCRIBED	
AB01-PDF0096-T01	AB01-PDF0096-T01-R11-C10	11	10	[394.5272727272727, 733.290909090909, 422.26363636363635, 761.0]	19	TRANSCRIBED	
AB01-PDF0096-T01	AB01-PDF0096-T01-R11-C11	11	11	[422.26363636363635, 733.290909090909, 450.0, 761.0]	20	TRANSCRIBED	
AB01-PDF0097-T01	AB01-PDF0097-T01-R01-C01	1	1	[165.7, 404.5, 193.89090909090908, 432.3272727272727]	grad.	TRANSCRIBED	
AB01-PDF0097-T01	AB01-PDF0097-T01-R01-C02	1	2	[193.89090909090908, 404.5, 222.08181818181816, 432.3272727272727]	min.	TRANSCRIBED	
AB01-PDF0097-T01	AB01-PDF0097-T01-R01-C03	1	3	[222.08181818181816, 404.5, 250.27272727272725, 432.3272727272727]	2	TRANSCRIBED	
AB01-PDF0097-T01	AB01-PDF0097-T01-R01-C04	1	4	[250.27272727272725, 404.5, 278.46363636363634, 432.3272727272727]	3	TRANSCRIBED	
AB01-PDF0097-T01	AB01-PDF0097-T01-R01-C05	1	5	[278.46363636363634, 404.5, 306.6545454545454, 432.3272727272727]	4	TRANSCRIBED	
AB01-PDF0097-T01	AB01-PDF0097-T01-R01-C06	1	6	[306.6545454545454, 404.5, 334.8454545454546, 432.3272727272727]	5	TRANSCRIBED	
AB01-PDF0097-T01	AB01-PDF0097-T01-R01-C07	1	7	[334.8454545454546, 404.5, 363.03636363636366, 432.3272727272727]	6	TRANSCRIBED	
AB01-PDF0097-T01	AB01-PDF0097-T01-R01-C08	1	8	[363.03636363636366, 404.5, 391.22727272727275, 432.3272727272727]	7	TRANSCRIBED	
AB01-PDF0097-T01	AB01-PDF0097-T01-R01-C09	1	9	[391.22727272727275, 404.5, 419.4181818181818, 432.3272727272727]	8	TRANSCRIBED	
AB01-PDF0097-T01	AB01-PDF0097-T01-R01-C10	1	10	[419.4181818181818, 404.5, 447.6090909090909, 432.3272727272727]	9	TRANSCRIBED	
AB01-PDF0097-T01	AB01-PDF0097-T01-R01-C11	1	11	[447.6090909090909, 404.5, 475.8, 432.3272727272727]	10	TRANSCRIBED	
AB01-PDF0097-T01	AB01-PDF0097-T01-R02-C01	2	1	[165.7, 432.3272727272727, 193.89090909090908, 460.1545454545454]	min.	TRANSCRIBED	
AB01-PDF0097-T01	AB01-PDF0097-T01-R02-C02	2	2	[193.89090909090908, 432.3272727272727, 222.08181818181816, 460.1545454545454]	grad.	TRANSCRIBED	
AB01-PDF0097-T01	AB01-PDF0097-T01-R02-C03	2	3	[222.08181818181816, 432.3272727272727, 250.27272727272725, 460.1545454545454]	min.	TRANSCRIBED	
AB01-PDF0097-T01	AB01-PDF0097-T01-R02-C04	2	4	[250.27272727272725, 432.3272727272727, 278.46363636363634, 460.1545454545454]	2	TRANSCRIBED	
AB01-PDF0097-T01	AB01-PDF0097-T01-R02-C05	2	5	[278.46363636363634, 432.3272727272727, 306.6545454545454, 460.1545454545454]	3	TRANSCRIBED	
AB01-PDF0097-T01	AB01-PDF0097-T01-R02-C06	2	6	[306.6545454545454, 432.3272727272727, 334.8454545454546, 460.1545454545454]	4	TRANSCRIBED	
AB01-PDF0097-T01	AB01-PDF0097-T01-R02-C07	2	7	[334.8454545454546, 432.3272727272727, 363.03636363636366, 460.1545454545454]	5	TRANSCRIBED	
AB01-PDF0097-T01	AB01-PDF0097-T01-R02-C08	2	8	[363.03636363636366, 432.3272727272727, 391.22727272727275, 460.1545454545454]	6	TRANSCRIBED	
AB01-PDF0097-T01	AB01-PDF0097-T01-R02-C09	2	9	[391.22727272727275, 432.3272727272727, 419.4181818181818, 460.1545454545454]	7	TRANSCRIBED	
AB01-PDF0097-T01	AB01-PDF0097-T01-R02-C10	2	10	[419.4181818181818, 432.3272727272727, 447.6090909090909, 460.1545454545454]	8	TRANSCRIBED	
AB01-PDF0097-T01	AB01-PDF0097-T01-R02-C11	2	11	[447.6090909090909, 432.3272727272727, 475.8, 460.1545454545454]	9	TRANSCRIBED	
AB01-PDF0097-T01	AB01-PDF0097-T01-R03-C01	3	1	[165.7, 460.1545454545454, 193.89090909090908, 487.9818181818182]	2	TRANSCRIBED	
AB01-PDF0097-T01	AB01-PDF0097-T01-R03-C02	3	2	[193.89090909090908, 460.1545454545454, 222.08181818181816, 487.9818181818182]	min.	TRANSCRIBED	
AB01-PDF0097-T01	AB01-PDF0097-T01-R03-C03	3	3	[222.08181818181816, 460.1545454545454, 250.27272727272725, 487.9818181818182]	grad.	TRANSCRIBED	
AB01-PDF0097-T01	AB01-PDF0097-T01-R03-C04	3	4	[250.27272727272725, 460.1545454545454, 278.46363636363634, 487.9818181818182]	min.	TRANSCRIBED	
AB01-PDF0097-T01	AB01-PDF0097-T01-R03-C05	3	5	[278.46363636363634, 460.1545454545454, 306.6545454545454, 487.9818181818182]	2	TRANSCRIBED	
AB01-PDF0097-T01	AB01-PDF0097-T01-R03-C06	3	6	[306.6545454545454, 460.1545454545454, 334.8454545454546, 487.9818181818182]	3	TRANSCRIBED	
AB01-PDF0097-T01	AB01-PDF0097-T01-R03-C07	3	7	[334.8454545454546, 460.1545454545454, 363.03636363636366, 487.9818181818182]	4	TRANSCRIBED	
AB01-PDF0097-T01	AB01-PDF0097-T01-R03-C08	3	8	[363.03636363636366, 460.1545454545454, 391.22727272727275, 487.9818181818182]	5	TRANSCRIBED	
AB01-PDF0097-T01	AB01-PDF0097-T01-R03-C09	3	9	[391.22727272727275, 460.1545454545454, 419.4181818181818, 487.9818181818182]	6	TRANSCRIBED	
AB01-PDF0097-T01	AB01-PDF0097-T01-R03-C10	3	10	[419.4181818181818, 460.1545454545454, 447.6090909090909, 487.9818181818182]	7	TRANSCRIBED	
AB01-PDF0097-T01	AB01-PDF0097-T01-R03-C11	3	11	[447.6090909090909, 460.1545454545454, 475.8, 487.9818181818182]	8	TRANSCRIBED	
AB01-PDF0097-T01	AB01-PDF0097-T01-R04-C01	4	1	[165.7, 487.9818181818182, 193.89090909090908, 515.8090909090909]	3	TRANSCRIBED	
AB01-PDF0097-T01	AB01-PDF0097-T01-R04-C02	4	2	[193.89090909090908, 487.9818181818182, 222.08181818181816, 515.8090909090909]	2	TRANSCRIBED	
AB01-PDF0097-T01	AB01-PDF0097-T01-R04-C03	4	3	[222.08181818181816, 487.9818181818182, 250.27272727272725, 515.8090909090909]	min.	TRANSCRIBED	
AB01-PDF0097-T01	AB01-PDF0097-T01-R04-C04	4	4	[250.27272727272725, 487.9818181818182, 278.46363636363634, 515.8090909090909]	grad.	TRANSCRIBED	
AB01-PDF0097-T01	AB01-PDF0097-T01-R04-C05	4	5	[278.46363636363634, 487.9818181818182, 306.6545454545454, 515.8090909090909]	min.	TRANSCRIBED	
AB01-PDF0097-T01	AB01-PDF0097-T01-R04-C06	4	6	[306.6545454545454, 487.9818181818182, 334.8454545454546, 515.8090909090909]	2	TRANSCRIBED	
AB01-PDF0097-T01	AB01-PDF0097-T01-R04-C07	4	7	[334.8454545454546, 487.9818181818182, 363.03636363636366, 515.8090909090909]	3	TRANSCRIBED	
AB01-PDF0097-T01	AB01-PDF0097-T01-R04-C08	4	8	[363.03636363636366, 487.9818181818182, 391.22727272727275, 515.8090909090909]	4	TRANSCRIBED	
AB01-PDF0097-T01	AB01-PDF0097-T01-R04-C09	4	9	[391.22727272727275, 487.9818181818182, 419.4181818181818, 515.8090909090909]	5	TRANSCRIBED	
AB01-PDF0097-T01	AB01-PDF0097-T01-R04-C10	4	10	[419.4181818181818, 487.9818181818182, 447.6090909090909, 515.8090909090909]	6	TRANSCRIBED	
AB01-PDF0097-T01	AB01-PDF0097-T01-R04-C11	4	11	[447.6090909090909, 487.9818181818182, 475.8, 515.8090909090909]	7	TRANSCRIBED	
AB01-PDF0097-T01	AB01-PDF0097-T01-R05-C01	5	1	[165.7, 515.8090909090909, 193.89090909090908, 543.6363636363636]	4	TRANSCRIBED	
AB01-PDF0097-T01	AB01-PDF0097-T01-R05-C02	5	2	[193.89090909090908, 515.8090909090909, 222.08181818181816, 543.6363636363636]	3	TRANSCRIBED	
AB01-PDF0097-T01	AB01-PDF0097-T01-R05-C03	5	3	[222.08181818181816, 515.8090909090909, 250.27272727272725, 543.6363636363636]	2	TRANSCRIBED	
AB01-PDF0097-T01	AB01-PDF0097-T01-R05-C04	5	4	[250.27272727272725, 515.8090909090909, 278.46363636363634, 543.6363636363636]	min.	TRANSCRIBED	
AB01-PDF0097-T01	AB01-PDF0097-T01-R05-C05	5	5	[278.46363636363634, 515.8090909090909, 306.6545454545454, 543.6363636363636]	grad.	TRANSCRIBED	
AB01-PDF0097-T01	AB01-PDF0097-T01-R05-C06	5	6	[306.6545454545454, 515.8090909090909, 334.8454545454546, 543.6363636363636]	min.	TRANSCRIBED	
AB01-PDF0097-T01	AB01-PDF0097-T01-R05-C07	5	7	[334.8454545454546, 515.8090909090909, 363.03636363636366, 543.6363636363636]	2	TRANSCRIBED	
AB01-PDF0097-T01	AB01-PDF0097-T01-R05-C08	5	8	[363.03636363636366, 515.8090909090909, 391.22727272727275, 543.6363636363636]	3	TRANSCRIBED	
AB01-PDF0097-T01	AB01-PDF0097-T01-R05-C09	5	9	[391.22727272727275, 515.8090909090909, 419.4181818181818, 543.6363636363636]	4	TRANSCRIBED	
AB01-PDF0097-T01	AB01-PDF0097-T01-R05-C10	5	10	[419.4181818181818, 515.8090909090909, 447.6090909090909, 543.6363636363636]	5	TRANSCRIBED	
AB01-PDF0097-T01	AB01-PDF0097-T01-R05-C11	5	11	[447.6090909090909, 515.8090909090909, 475.8, 543.6363636363636]	6	TRANSCRIBED	
AB01-PDF0097-T01	AB01-PDF0097-T01-R06-C01	6	1	[165.7, 543.6363636363636, 193.89090909090908, 571.4636363636364]	5	TRANSCRIBED	
AB01-PDF0097-T01	AB01-PDF0097-T01-R06-C02	6	2	[193.89090909090908, 543.6363636363636, 222.08181818181816, 571.4636363636364]	4	TRANSCRIBED	
AB01-PDF0097-T01	AB01-PDF0097-T01-R06-C03	6	3	[222.08181818181816, 543.6363636363636, 250.27272727272725, 571.4636363636364]	3	TRANSCRIBED	
AB01-PDF0097-T01	AB01-PDF0097-T01-R06-C04	6	4	[250.27272727272725, 543.6363636363636, 278.46363636363634, 571.4636363636364]	2	TRANSCRIBED	
AB01-PDF0097-T01	AB01-PDF0097-T01-R06-C05	6	5	[278.46363636363634, 543.6363636363636, 306.6545454545454, 571.4636363636364]	min.	TRANSCRIBED	
AB01-PDF0097-T01	AB01-PDF0097-T01-R06-C06	6	6	[306.6545454545454, 543.6363636363636, 334.8454545454546, 571.4636363636364]	grad.	TRANSCRIBED	
AB01-PDF0097-T01	AB01-PDF0097-T01-R06-C07	6	7	[334.8454545454546, 543.6363636363636, 363.03636363636366, 571.4636363636364]	min.	TRANSCRIBED	
AB01-PDF0097-T01	AB01-PDF0097-T01-R06-C08	6	8	[363.03636363636366, 543.6363636363636, 391.22727272727275, 571.4636363636364]	2	TRANSCRIBED	
AB01-PDF0097-T01	AB01-PDF0097-T01-R06-C09	6	9	[391.22727272727275, 543.6363636363636, 419.4181818181818, 571.4636363636364]	3	TRANSCRIBED	
AB01-PDF0097-T01	AB01-PDF0097-T01-R06-C10	6	10	[419.4181818181818, 543.6363636363636, 447.6090909090909, 571.4636363636364]	4	TRANSCRIBED	
AB01-PDF0097-T01	AB01-PDF0097-T01-R06-C11	6	11	[447.6090909090909, 543.6363636363636, 475.8, 571.4636363636364]	5	TRANSCRIBED	
AB01-PDF0097-T01	AB01-PDF0097-T01-R07-C01	7	1	[165.7, 571.4636363636364, 193.89090909090908, 599.290909090909]	6	TRANSCRIBED	
AB01-PDF0097-T01	AB01-PDF0097-T01-R07-C02	7	2	[193.89090909090908, 571.4636363636364, 222.08181818181816, 599.290909090909]	5	TRANSCRIBED	
AB01-PDF0097-T01	AB01-PDF0097-T01-R07-C03	7	3	[222.08181818181816, 571.4636363636364, 250.27272727272725, 599.290909090909]	4	TRANSCRIBED	
AB01-PDF0097-T01	AB01-PDF0097-T01-R07-C04	7	4	[250.27272727272725, 571.4636363636364, 278.46363636363634, 599.290909090909]	3	TRANSCRIBED	
AB01-PDF0097-T01	AB01-PDF0097-T01-R07-C05	7	5	[278.46363636363634, 571.4636363636364, 306.6545454545454, 599.290909090909]	2	TRANSCRIBED	
AB01-PDF0097-T01	AB01-PDF0097-T01-R07-C06	7	6	[306.6545454545454, 571.4636363636364, 334.8454545454546, 599.290909090909]	min.	TRANSCRIBED	
AB01-PDF0097-T01	AB01-PDF0097-T01-R07-C07	7	7	[334.8454545454546, 571.4636363636364, 363.03636363636366, 599.290909090909]	grad.	TRANSCRIBED	
AB01-PDF0097-T01	AB01-PDF0097-T01-R07-C08	7	8	[363.03636363636366, 571.4636363636364, 391.22727272727275, 599.290909090909]	min.	TRANSCRIBED	
AB01-PDF0097-T01	AB01-PDF0097-T01-R07-C09	7	9	[391.22727272727275, 571.4636363636364, 419.4181818181818, 599.290909090909]	2	TRANSCRIBED	
AB01-PDF0097-T01	AB01-PDF0097-T01-R07-C10	7	10	[419.4181818181818, 571.4636363636364, 447.6090909090909, 599.290909090909]	3	TRANSCRIBED	
AB01-PDF0097-T01	AB01-PDF0097-T01-R07-C11	7	11	[447.6090909090909, 571.4636363636364, 475.8, 599.290909090909]	4	TRANSCRIBED	
AB01-PDF0097-T01	AB01-PDF0097-T01-R08-C01	8	1	[165.7, 599.290909090909, 193.89090909090908, 627.1181818181818]	7	TRANSCRIBED	
AB01-PDF0097-T01	AB01-PDF0097-T01-R08-C02	8	2	[193.89090909090908, 599.290909090909, 222.08181818181816, 627.1181818181818]	6	TRANSCRIBED	
AB01-PDF0097-T01	AB01-PDF0097-T01-R08-C03	8	3	[222.08181818181816, 599.290909090909, 250.27272727272725, 627.1181818181818]	5	TRANSCRIBED	
AB01-PDF0097-T01	AB01-PDF0097-T01-R08-C04	8	4	[250.27272727272725, 599.290909090909, 278.46363636363634, 627.1181818181818]	4	TRANSCRIBED	
AB01-PDF0097-T01	AB01-PDF0097-T01-R08-C05	8	5	[278.46363636363634, 599.290909090909, 306.6545454545454, 627.1181818181818]	3	TRANSCRIBED	
AB01-PDF0097-T01	AB01-PDF0097-T01-R08-C06	8	6	[306.6545454545454, 599.290909090909, 334.8454545454546, 627.1181818181818]	2	TRANSCRIBED	
AB01-PDF0097-T01	AB01-PDF0097-T01-R08-C07	8	7	[334.8454545454546, 599.290909090909, 363.03636363636366, 627.1181818181818]	min.	TRANSCRIBED	
AB01-PDF0097-T01	AB01-PDF0097-T01-R08-C08	8	8	[363.03636363636366, 599.290909090909, 391.22727272727275, 627.1181818181818]	grad.	TRANSCRIBED	
AB01-PDF0097-T01	AB01-PDF0097-T01-R08-C09	8	9	[391.22727272727275, 599.290909090909, 419.4181818181818, 627.1181818181818]	min.	TRANSCRIBED	
AB01-PDF0097-T01	AB01-PDF0097-T01-R08-C10	8	10	[419.4181818181818, 599.290909090909, 447.6090909090909, 627.1181818181818]	2	TRANSCRIBED	
AB01-PDF0097-T01	AB01-PDF0097-T01-R08-C11	8	11	[447.6090909090909, 599.290909090909, 475.8, 627.1181818181818]	3	TRANSCRIBED	
AB01-PDF0097-T01	AB01-PDF0097-T01-R09-C01	9	1	[165.7, 627.1181818181818, 193.89090909090908, 654.9454545454546]	8	TRANSCRIBED	
AB01-PDF0097-T01	AB01-PDF0097-T01-R09-C02	9	2	[193.89090909090908, 627.1181818181818, 222.08181818181816, 654.9454545454546]	7	TRANSCRIBED	
AB01-PDF0097-T01	AB01-PDF0097-T01-R09-C03	9	3	[222.08181818181816, 627.1181818181818, 250.27272727272725, 654.9454545454546]	6	TRANSCRIBED	
AB01-PDF0097-T01	AB01-PDF0097-T01-R09-C04	9	4	[250.27272727272725, 627.1181818181818, 278.46363636363634, 654.9454545454546]	5	TRANSCRIBED	
AB01-PDF0097-T01	AB01-PDF0097-T01-R09-C05	9	5	[278.46363636363634, 627.1181818181818, 306.6545454545454, 654.9454545454546]	4	TRANSCRIBED	
AB01-PDF0097-T01	AB01-PDF0097-T01-R09-C06	9	6	[306.6545454545454, 627.1181818181818, 334.8454545454546, 654.9454545454546]	3	TRANSCRIBED	
AB01-PDF0097-T01	AB01-PDF0097-T01-R09-C07	9	7	[334.8454545454546, 627.1181818181818, 363.03636363636366, 654.9454545454546]	2	TRANSCRIBED	
AB01-PDF0097-T01	AB01-PDF0097-T01-R09-C08	9	8	[363.03636363636366, 627.1181818181818, 391.22727272727275, 654.9454545454546]	min.	TRANSCRIBED	
AB01-PDF0097-T01	AB01-PDF0097-T01-R09-C09	9	9	[391.22727272727275, 627.1181818181818, 419.4181818181818, 654.9454545454546]	grad.	TRANSCRIBED	
AB01-PDF0097-T01	AB01-PDF0097-T01-R09-C10	9	10	[419.4181818181818, 627.1181818181818, 447.6090909090909, 654.9454545454546]	min.	TRANSCRIBED	
AB01-PDF0097-T01	AB01-PDF0097-T01-R09-C11	9	11	[447.6090909090909, 627.1181818181818, 475.8, 654.9454545454546]	2	TRANSCRIBED	
AB01-PDF0097-T01	AB01-PDF0097-T01-R10-C01	10	1	[165.7, 654.9454545454546, 193.89090909090908, 682.7727272727273]	9	TRANSCRIBED	
AB01-PDF0097-T01	AB01-PDF0097-T01-R10-C02	10	2	[193.89090909090908, 654.9454545454546, 222.08181818181816, 682.7727272727273]	8	TRANSCRIBED	
AB01-PDF0097-T01	AB01-PDF0097-T01-R10-C03	10	3	[222.08181818181816, 654.9454545454546, 250.27272727272725, 682.7727272727273]	7	TRANSCRIBED	
AB01-PDF0097-T01	AB01-PDF0097-T01-R10-C04	10	4	[250.27272727272725, 654.9454545454546, 278.46363636363634, 682.7727272727273]	6	TRANSCRIBED	
AB01-PDF0097-T01	AB01-PDF0097-T01-R10-C05	10	5	[278.46363636363634, 654.9454545454546, 306.6545454545454, 682.7727272727273]	5	TRANSCRIBED	
AB01-PDF0097-T01	AB01-PDF0097-T01-R10-C06	10	6	[306.6545454545454, 654.9454545454546, 334.8454545454546, 682.7727272727273]	4	TRANSCRIBED	
AB01-PDF0097-T01	AB01-PDF0097-T01-R10-C07	10	7	[334.8454545454546, 654.9454545454546, 363.03636363636366, 682.7727272727273]	3	TRANSCRIBED	
AB01-PDF0097-T01	AB01-PDF0097-T01-R10-C08	10	8	[363.03636363636366, 654.9454545454546, 391.22727272727275, 682.7727272727273]	2	TRANSCRIBED	
AB01-PDF0097-T01	AB01-PDF0097-T01-R10-C09	10	9	[391.22727272727275, 654.9454545454546, 419.4181818181818, 682.7727272727273]	min.	TRANSCRIBED	
AB01-PDF0097-T01	AB01-PDF0097-T01-R10-C10	10	10	[419.4181818181818, 654.9454545454546, 447.6090909090909, 682.7727272727273]	grad.	TRANSCRIBED	
AB01-PDF0097-T01	AB01-PDF0097-T01-R10-C11	10	11	[447.6090909090909, 654.9454545454546, 475.8, 682.7727272727273]	min.	TRANSCRIBED	
AB01-PDF0097-T01	AB01-PDF0097-T01-R11-C01	11	1	[165.7, 682.7727272727273, 193.89090909090908, 710.6]	10	TRANSCRIBED	
AB01-PDF0097-T01	AB01-PDF0097-T01-R11-C02	11	2	[193.89090909090908, 682.7727272727273, 222.08181818181816, 710.6]	9	TRANSCRIBED	
AB01-PDF0097-T01	AB01-PDF0097-T01-R11-C03	11	3	[222.08181818181816, 682.7727272727273, 250.27272727272725, 710.6]	8	TRANSCRIBED	
AB01-PDF0097-T01	AB01-PDF0097-T01-R11-C04	11	4	[250.27272727272725, 682.7727272727273, 278.46363636363634, 710.6]	7	TRANSCRIBED	
AB01-PDF0097-T01	AB01-PDF0097-T01-R11-C05	11	5	[278.46363636363634, 682.7727272727273, 306.6545454545454, 710.6]	6	TRANSCRIBED	
AB01-PDF0097-T01	AB01-PDF0097-T01-R11-C06	11	6	[306.6545454545454, 682.7727272727273, 334.8454545454546, 710.6]	5	TRANSCRIBED	
AB01-PDF0097-T01	AB01-PDF0097-T01-R11-C07	11	7	[334.8454545454546, 682.7727272727273, 363.03636363636366, 710.6]	4	TRANSCRIBED	
AB01-PDF0097-T01	AB01-PDF0097-T01-R11-C08	11	8	[363.03636363636366, 682.7727272727273, 391.22727272727275, 710.6]	3	TRANSCRIBED	
AB01-PDF0097-T01	AB01-PDF0097-T01-R11-C09	11	9	[391.22727272727275, 682.7727272727273, 419.4181818181818, 710.6]	2	TRANSCRIBED	
AB01-PDF0097-T01	AB01-PDF0097-T01-R11-C10	11	10	[419.4181818181818, 682.7727272727273, 447.6090909090909, 710.6]	min.	TRANSCRIBED	
AB01-PDF0097-T01	AB01-PDF0097-T01-R11-C11	11	11	[447.6090909090909, 682.7727272727273, 475.8, 710.6]	grad.	TRANSCRIBED	
