pdf	ppage	fol	tabula	title_ar	title_la	heads_ar	signature	note
458	9	f. 158,v.	I	الجدول الاول من استخراج تاريخ العرب من تاريخ الروم وتاريخ الروم من تاريخ العرب	Tabula I ad inveniendam aeram Arabum per aeram Romanorum / et Romanorum per Arabum.	سنو الهجرة|اسم اول يوم من محرم|سنو ذي القرنين|الايام الماضية من الشهر / الرومي الذي بقع اول / المحرم فيه	2	Arabic heads over the left half only; «بقع» printed with one dot below (for يقع); the م of «الرومي» is a small filled loop with a dot-like mark beside it
459	10	f. 159,r.	II	الجدول الثاني من استخراج تاريخ العرب من تاريخ الروم وتاريخ الروم من تاريخ العرب	Tabula II ad inveniendam aeram Arabum per aeram Romanorum / et Romanorum per Arabum.			the last head of the right half has no final period
460	11	f. 159,v.	III	الجدول الثالث من استخراج تاريخ العرب من تاريخ الروم وتاريخ الروم من تاريخ العرب	Tabula III ad inveniendam aeram Arabum per aeram Romanorum / et Romanorum per Arabum.			
461	12	f. 160,r.	IV	الجدول الرابع من استخراج تاريخ العرب من تاريخ الروم وتاريخ الروم من تاريخ العرب	Tabula IV ad inveniendam aeram Arabum per aeram Romanorum / et Romanorum per Arabum.			
462	13	f. 160,v.	V	الجدول الخامس من استخراج تاريخ العرب من تاريخ الروم وتاريخ الروم من تاريخ العرب	Tabula V ad inveniendam aeram Arabum per aeram Romanorum / et Romanorum per Arabum.			the last head of the right half has no final period
463	14	f. 161,r.	VI	الجدول السادس من استخراج تاريخ العرب من تاريخ الروم وتاريخ الروم من تاريخ العرب	Tabula VI ad inveniendam aeram Arabum per aeram Romanorum / et Romanorum per Arabum.			
464	15	f. 161,v.	VII	الجدول السابع من استخراج تاريخ العرب من تاريخ الروم وتاريخ الروم من تاريخ العرب	Tabula VII ad inveniendam aeram Arabum per aeram Romanorum / et Romanorum per Arabum.			
465	16	f. 162,r.	VIII	الجدول الثامن من استخراج تاريخ العرب من تاريخ الروم وتاريخ الروم من تاريخ العرب	Tabula VIII ad inveniendam aeram Arabum per aeram Romanorum / et Romanorum per Arabum.			
466	17	f. 162,v.	IX	الجدول التاسع من استخراج تاريخ العرب من تاريخ الروم وتاريخ الروم من تاريخ العرب	Tabula IX ad inveniendam aeram Arabum per aeram Romanorum / et Romanorum per Arabum.		3	
467	18	f. 163,r.	X	الجدول العاشر من استخراج تاريخ العرب من تاريخ الروم وتاريخ الروم من تاريخ العرب	Tabula X ad inveniendam aeram Arabum per aeram Romanorum / et Romanorum per Arabum.			
