pdf	ppage	row	z	sun_1	sun_2	t1_1	t1_2	d2_1	d2_2	t3_1	t3_2	t3_3	d4_1	d4_2	epa_1	epa_2	epp_1	epp_2	ecc_1	ecc_2	check	doubt
542	93	1	2	0	7	1	54	0	23	0	2	40	0	50	0	14	0	11	0	15	AA AA AA AAA EE EE AA EE	
542	93	2	4	0	13	3	48	0	45	0	5	25	1	40	0	28	0	22	0	30	AA AA AA AAA AA AA AA AA	
542	93	3	6	0	19	5	41	1	7	0	8	10	2	30	0	42	0	33	0	45	AA AA AA AAA AA AA AA AA	
542	93	4	8	0	25	7	34	1	29	0	10	55	3	20	1	22	1	7	1	33	AA AA AB AAA AA AA AA AA	
542	93	5	10	0	31	9	27	1	51	0	13	40	4	10	2	2	1	41	2	21	AA AA AA AAA AA AA AA AA	
542	93	6	12	0	37	11	19	2	12	0	16	20	5	0	2	42	2	15	3	9	AB AA AA AAA AA AA EE AA	
542	93	7	14	0	42	13	10	2	33	0	19	0	5	50	3	35	3	13	4	22	AB AA AA AAA AA AA AA AA	
542	93	8	16	0	48	15	0	2	54	0	21	40	6	40	4	28	4	11	5	35	AA AA AA EEE AA AA AA AA	
542	93	9	18	0	53	16	49	3	15	0	24	20	7	30	5	21	5	9	6	48	AA AA AA AAA AA AA AA AA	
542	93	10	20	0	58	18	36	3	36	0	27	0	8	20	6	39	6	25	8	25	AA BA AA AAA AA AA AA AA	
542	93	11	22	1	4	20	22	3	57	0	29	30	9	10	7	57	7	41	10	2	AA AA AA AAA AA AA AA AA	
542	93	12	24	1	9	22	6	4	18	0	32	0	10	0	9	15	8	57	11	39	AA AA AA AAA AA AA AA AA	
542	93	13	26	1	14	23	49	4	39	0	34	30	10	50	10	50	10	29	13	32	AA AA AA AAA AA AA AA AA	
542	93	14	28	1	20	25	30	4	59	0	37	0	11	40	12	25	12	1	15	25	AA AA AA AAA AA AA AA AA	
542	93	15	30	1	25	27	9	5	18	0	39	30	12	30	14	0	13	33	17	18	AA AA AA AAA AA AA AA AA	
542	93	16	32	1	30	28	46	5	37	0	42	0	13	20	15	52	15	22	19	23	AA AA AA AAA AA AA AA BB	
542	93	17	34	1	35	30	21	5	55	0	44	21	14	0	17	44	17	11	21	28	AA AA AA EEE AA AA AA AA	
542	93	18	36	1	40	31	54	6	13	0	46	40	14	40	19	36	19	0	23	33	AA AA AA EEE AA AA AA AA	
542	93	19	38	1	44	33	24	6	30	0	49	0	15	20	21	36	20	59	25	40	AA AA AA AAA AA AA AA AA	
542	93	20	40	1	49	34	51	6	47	0	51	20	16	0	23	36	22	58	27	47	AA AA AA EEE AA AA AA AA	
542	93	21	42	1	54	36	14	7	4	0	53	33	16	40	25	36	24	57	29	54	AA AA AA AAA AA AA AA EE	
542	93	22	44	1	58	37	37	7	20	0	55	32	17	20	27	40	27	1	32	0	BB BB EE EEE EE BB EE EE	
543	94	1	46	2	3	38	57	7	35	0	57	30	18	0	29	44	29	5	34	6	AA AA AA AAA AA AA AA AA	
543	94	2	48	2	8	40	14	7	49	0	59	20	18	40	31	43	31	9	36	12	AB AA AA EEE AA AA AA AA	
543	94	3	50	2	12	41	28	8	3	1	1	0	19	10	33	52	33	11	38	9	AA AA AA AAA AA AA AA AA	
543	94	4	52	2	16	42	39	8	16	1	2	40	19	40	35	56	35	19	40	6	AA AA AA AAA AA EE AA AA	
543	94	5	54	2	20	43	45	8	29	1	4	10	20	10	38	0	37	24	42	3	AA AA AA AAA AA AA AA AA	
543	94	6	56	2	23	44	48	8	42	1	5	40	20	40	40	0	39	24	43	39	AA AA AA AAA AA AA AA AA	
543	94	7	58	2	26	45	48	8	53	1	7	10	21	10	42	0	41	24	45	35	AA AA AA AAA EE AA AA AA	
543	94	8	60	2	29	46	46	9	3	1	8	20	21	40	44	0	43	24	47	21	AA AA AA AAA AA AA AB AA	
543	94	9	62	2	32	47	40	9	13	1	9	30	22	10	45	50	45	13	48	49	AA AA AA AAA AA AA AA AA	
543	94	10	64	2	34	48	30	9	22	1	10	40	22	35	47	40	47	2	50	17	AA AA AA AAA EE AA AA AA	
543	94	11	66	2	36	49	15	9	31	1	11	50	23	0	49	30	48	51	51	45	AA AA AA AAA AA AA AB AA	
543	94	12	68	2	38	49	57	9	39	1	13	0	23	20	50	56	50	24	52	57	AA AA AA AAA EE AA EE AA	
543	94	13	70	2	40	50	36	9	46	1	14	0	23	35	52	22	51	57	54	9	AA AA AB AAA AA BA AA AA	
543	94	14	72	2	42	51	11	9	53	1	15	0	23	50	53	48	53	30	55	41	AA AA AA AAA AA AA AA AA	
543	94	15	74	2	44	51	44	9	59	1	15	40	24	3	54	57	54	41	56	12	AA AA AA AAA AA EE AA AA	
543	94	16	76	2	46	52	12	10	4	1	16	20	24	16	56	6	55	52	57	3	AA AA AA AAA AA EE AA AA	
543	94	17	78	2	47	52	34	10	8	1	17	0	24	26	57	15	56	3	57	54	AA AA AA AAA AA AA EE AA	
543	94	18	80	2	48	52	53	10	11	1	17	20	24	36	57	57	57	47	58	26	AA AA AA AAA AA AA AA AA	
543	94	19	82	2	49	53	9	10	14	1	17	40	24	45	58	39	58	31	58	58	AA AA AA AAA AA AA AA AA	
543	94	20	84	2	50	53	21	10	16	1	18	0	24	52	59	21	59	15	59	30	AA AA AA AAA AA AA AA AA	
543	94	21	86	2	50	53	29	10	16	1	18	20	24	57	59	34	59	30	59	40	AA AA AA AAA AA AA AA AA	
543	94	22	88	2	51	53	33	10	17	1	18	40	24	59	59	47	59	45	59	50	AA AA AA AAA AA AA EE AA	
543	94	23	90	2	51	53	34	10	17	1	19	0	25	0	60	0	60	0	60	0	AB BB BB BBB BB BB BB BB	
