source_id	filename_or_route	work_ids	role	physical_units	quality_and_topology	rights_or_access	sha256	status
SRC01	30_NALLINO_PARS_I_II_III_MASTER_1162P.pdf	AB01;AB05;AB06	controlling complete standard edition	1162 PDF pages	main pages 600/604 ppi; service/color pages 300 ppi; Parts I-II-III in one master; Part III Arabic scans in reverse logical order	public-domain historical edition/scan; provider overlays excluded from body	544C16B6355C9B74E281ADED657D657224BFF738366D5260E1A610D31B0D6297	PASS
SRC02	31_NALLINO_PARS_III_RGB_COMPARATOR_292P.pdf	AB01;AB05;AB06	alternate Part III color/grayscale comparator	292 PDF pages	400 ppi RGB with masks; exact local structural map; separate page = master page minus 865	public-domain historical edition/scan	F60D9C2D3A0FAA6D7841CEC0197A2B3F4FAABC5BBB32DFDC19DB9ECC3CC3DD67	PASS
SRC03	32_PRIOR_T01_PACKET_BYTE_EXACT.zip	AB01	owned prior six-page component and complete-master continuity	15 prior files	master PDF450-455 / Part II printed pp.1-6; must be replayed before reuse	local continuity evidence	computed in packet manifest	UNTRUSTED_RECOVERY
SRC04	33_ROUND83_WORKING_STATE_UNTRUSTED.zip	AB01	prior multilingual working state	40 files	partial tables and mixed-language architecture; never completion evidence	local continuity evidence	computed in packet manifest	UNTRUSTED_RECOVERY
SRC05	34_PART_III_PAGE_MAPS_AND_QA.zip	AB01	structural/logical-order evidence	18 files	maps all 292 Part III pages; logical Arabic order and page classes; replay against SRC01/SRC02	local analysis evidence	computed in packet manifest	PASS_WITH_REPLAY_REQUIRED
SRC06	35_KENNEDY_ET_AL_ASTROLOGICAL_HISTORY_136P.pdf	AB02	complete published edition/translation/commentary	136 PDF pages	Suhayl 9 (2009-2010), printed pp.13-148; complete Arabic edition, English translation, 21 horoscopes, recomputation	CC BY-NC-ND 3.0 ES at repository; source/reference use, no derivative republication of editorial article	3BC5B525639261CCCF1A6E78176F66C5AC2C4299DD2D0A051072CDAB149B7BEF	PASS_REFERENCE
SRC07	36_PAL_TETRABIBLOS_COMMENTARY_CC_BY_XML.zip	AB03	complete Arabic transcription	123 XML files total: 1 work + 122 page sides	Escorial 20r-80v; Berlin folio correspondences; 40 chapters; exact Git commit 762614d992ac588389f10309cb180e0a34b3459c	CC BY 4.0 except unrelated excluded Quadripartitum edition	FDD456FFB64C20ED2DB46A16862E1180379D10D619F5F46AF7B71871972049F2	PASS
SRC08	37_BIBLIOGRAPHY_LICENSE_AND_PROVIDER_EVIDENCE.zip	AB01-AB06	identity/license/provider evidence	bounded evidence archive	BEA bibliography, PAL work/license pages and exact commit metadata, UB metadata	mixed; evidence only	computed in packet manifest	PASS
SRC09	Istanbul Carullah 1499/3	AB04	known manuscript route	unknown local page count	bibliographically attested; attribution questioned because terminology differs from Zij	no local payload	NOT_COMPUTED	HOLD_MISSING_SOURCE
