pdf	ppage	table	row	arg	sat_d	sat_m	jup_d	jup_m	mars_d	mars_m	ven_d	ven_m	mer_d	mer_m	check	doubt
551	102	collected	1	931	87	15	260	4	117	58	231	11	263	0	BB AA AA AA AA	
551	102	collected	2	951	331	57	147	21	346	20	54	54	277	28	AA AA BA AA AB	
551	102	collected	3	971	216	40	34	39	214	42	238	37	291	55	AB AA AA AA BB	
551	102	collected	4	991	101	23	281	56	83	4	62	20	306	23	AA AA AA AA AA	
551	102	collected	5	1011	346	6	169	14	311	26	246	3	320	50	BA AA AA BA AA	
551	102	collected	6	1031	230	48	56	32	179	48	69	46	335	18	AA AA AA AA AA	
551	102	collected	7	1051	115	31	303	49	48	11	253	29	349	45	AA AA AA AB AA	
551	102	collected	8	1071	0	14	191	7	276	33	77	12	4	13	AA AA AA AA AA	
551	102	collected	9	1091	244	56	78	24	144	55	260	55	18	41	AA EE AA AA AA	
551	102	collected	10	1111	129	39	325	42	13	17	84	38	33	8	BA AA AA BA AA	
551	102	collected	11	1131	14	21	212	59	241	39	268	21	47	36	AA AA AA BA AA	
551	102	collected	12	1151	259	4	100	17	110	2	92	4	62	4	BA AA AA BA AA	
551	102	collected	13	1171	143	47	347	34	338	24	275	47	76	32	AA AA AA AA AA	
551	102	collected	14	1191	28	30	234	52	206	46	99	30	91	0	AA AA AA AA AA	
551	102	collected	15	1211	273	13	122	10	75	8	283	13	105	28	AA AA AA AA AB	
551	102	collected	16	1231	157	55	9	27	303	30	106	56	119	55	AB AA AA AA AA	
551	102	collected	17	1251	42	38	256	45	171	53	290	39	134	23	AA BA AA BB AA	
551	102	collected	18	1271	287	21	144	2	40	15	114	22	148	51	AA AA AA AA AA	
551	102	collected	19	1291	172	4	31	20	268	37	298	5	163	19	AA AA AA AA AA	
551	102	collected	20	1311	56	47	278	37	136	59	121	48	177	46	AA BA BA AB AA	
551	102	collected	21	1331	301	29	165	55	5	21	305	31	192	14	AA AA AA AA AA	
551	102	collected	22	1351	186	12	53	12	233	43	129	14	206	42	AA AA AA AA AA	
551	102	collected	23	1371	70	55	300	30	102	6	312	57	221	9	AB BB AA BA AA	
551	102	collected	24	1391	315	37	187	48	330	28	136	40	235	37	AA AB AB BA AA	
551	102	collected	25	1411	200	20	75	5	198	50	320	23	250	5	AA AA BA AA AA	
551	102	collected	26	1431	85	2	322	23	67	12	144	6	264	33	AA AB BA BA AA	
551	102	collected	27	1451	329	45	209	40	295	34	327	49	279	0	BA AA AB BA AA	
551	102	collected	28	1471	214	28	96	58	163	57	151	32	293	28	AA AB AA AA AA	
551	102	collected	29	1491	99	11	344	16	32	19	335	15	307	56	AA BB AA AA AA	
551	102	collected	30	1511	343	54	231	33	260	41	158	58	322	24	BA BA AA BA AA	
551	102	collected	31	1531	228	36	118	51	129	3	342	41	336	52	AB AA AA BA AA	
551	102	collected	32	1551	113	19	6	8	357	25	166	24	351	19	AB BA AB EE AA	
551	102	collected	33	1571	358	2	253	26	225	48	350	7	5	47	AB AA AB AA AA	
551	102	collected	34	1591	212	45	140	44	94	10	173	50	20	15	EE BB EE AA EE	212 for 242 (see the ledger)
552	103	single	1	1	12	14	30	21	191	17	225	2	53	57	AA AA AA AA AA	
552	103	single	2	2	24	27	60	41	22	34	90	5	107	53	AA AA AA AA AA	
552	103	single	3	3	36	41	91	2	213	52	315	7	161	49	AA AA AA AA AA	
552	103	single	4	4	48	56	121	28	45	40	180	45	218	52	AA AA AA AB AA	
552	103	single	5	5	61	10	151	48	236	57	45	47	272	49	AA AA AA AA AA	
552	103	single	6	6	73	23	182	9	68	15	270	50	326	46	AA AA BA AA AA	
552	103	single	7	7	85	37	212	30	259	32	135	51	20	43	AA AA AB AA AA	
552	103	single	8	8	97	53	242	55	91	21	1	30	77	46	AA AA AA AA AA	
552	103	single	9	9	110	6	273	16	282	38	226	31	131	43	AA AA BA AA AA	
552	103	single	10	10	122	20	303	36	113	55	91	33	185	37	AA AA AA AA EE	
552	103	single	11	11	134	34	333	57	305	12	316	35	239	34	AA AA AA AA EE	
552	103	single	12	12	146	50	4	23	137	1	182	14	296	37	AA AA AA AA EE	
552	103	single	13	13	159	4	34	44	328	18	47	15	350	34	AA AA AA AA EE	
552	103	single	14	14	171	17	65	4	159	35	272	17	44	31	AA AA AB AB EE	
552	103	single	15	15	183	31	95	25	350	53	137	19	98	28	AA AA AA AA EE	
552	103	single	16	16	195	47	125	50	182	42	2	58	155	30	AB AA AA AA EE	
552	103	single	17	17	208	0	156	11	13	59	228	0	209	29	AA AA AA AA AA	
552	103	single	18	18	220	14	186	32	205	16	93	2	263	27	AA AA BA AA AA	
552	103	single	19	19	232	27	216	52	36	34	318	4	317	25	AA AA AA AA AA	
552	103	single	20	20	244	43	247	18	228	22	183	43	14	28	AA AA AA AA AA	
552	103	intervals	1	40	129	25	134	35	96	44	7	26	28	55	AA AA AA BA AA	
552	103	intervals	2	60	14	8	21	53	325	6	191	9	43	23	AA AA BA AA AA	
552	103	intervals	3	80	258	51	269	10	193	28	14	52	57	51	AA BA AA AA AA	
552	103	intervals	4	100	143	34	156	28	61	51	198	35	72	19	AB AB AA AB AA	
552	103	intervals	5	200	287	8	312	56	123	42	37	10	144	37	AA AA AB AA AA	
552	103	intervals	6	400	214	15	265	51	247	24	74	21	289	14	AA AA AB AA AA	
552	103	intervals	7	600	141	23	218	47	11	5	111	31	73	52	EE BB EE BB BB	
553	104	months	1	ādhār [Martius].	1	2	2	35	16	15	19	7	96	18	AA AA AA BA AA	
553	104	months	2	nīsān [Aprilis].	2	2	5	4	31	58	37	37	189	30	AA AA AA AA AA	
553	104	months	3	ayyār [Maius].	3	4	7	39	48	13	56	43	285	49	AA AA AA AA AA	
553	104	months	4	ḥazīrān [Iunius].	4	5	10	8	63	56	75	13	19	1	AA AA AA AA AA	
553	104	months	5	tammūz [Iulius].	5	7	12	43	80	11	94	20	115	19	BB AA AA AA AA	
553	104	months	6	āb [Augustus].	6	9	15	17	96	26	113	26	211	38	AA AA AA AA AA	
553	104	months	7	aylūl [September].	7	10	17	45	112	9	131	56	304	50	AA EE AA AA AA	
553	104	months	8	tishrīn I [October].	8	12	20	22	128	24	151	2	41	9	AA AA AA AA AA	
553	104	months	9	tishrīn II [November].	9	13	22	51	144	7	169	32	134	21	AA AA AA AA AA	
553	104	months	10	kānūn I [December].	10	15	25	26	160	22	188	39	230	39	AA AA AB AA AA	
553	104	months	11	kānūn II [Ianuarius].	11	17	28	0	176	36	207	45	326	57	AA AA AA AA AB	
553	104	months	12	subāṭ [Februarius]. / comm.	12	14	30	21	191	17	225	2	53	57	AA AA AA AA AA	
553	104	months	13	bisext.	12	16	30	26	191	49	225	39	57	3	AA BA AA AA AA	
554	105	hours	1	1	0	0	0	0	0	1	0	2	0	8	BA BA BA BA AA	
554	105	hours	2	2	0	0	0	0	0	3	0	3	0	16	AA AA AA AA AA	
554	105	hours	3	3	0	0	0	1	0	4	0	5	0	23	AA AA AA AA AA	
554	105	hours	4	4	0	0	0	1	0	5	0	6	0	31	AA AA AA AA AA	
554	105	hours	5	5	0	0	0	1	0	7	0	8	0	39	AA AA AB AA AA	
554	105	hours	6	6	0	0	0	1	0	8	0	9	0	47	AA AA BA AA AA	
554	105	hours	7	7	0	0	0	1	0	9	0	11	0	54	AA AA AA AA AA	
554	105	hours	8	8	0	1	0	2	0	10	0	12	1	2	AA AA AA AA AA	
554	105	hours	9	9	0	1	0	2	0	12	0	14	1	10	AA AA AA AA AA	
554	105	hours	10	10	0	1	0	2	0	13	0	15	1	18	AA AA AA AA AA	
554	105	hours	11	11	0	1	0	2	0	14	0	17	1	25	AA BA AA AA AA	
554	105	hours	12	12	0	1	0	3	0	16	0	18	1	33	AA AA AA AA AA	
554	105	hours	13	13	0	1	0	3	0	17	0	20	1	41	AA AA AA AA AA	
554	105	hours	14	14	0	1	0	3	0	18	0	22	1	49	AA AA AA AA AA	
554	105	hours	15	15	0	1	0	3	0	20	0	23	1	57	AA AA AA AA AA	
554	105	hours	16	16	0	1	0	3	0	21	0	25	2	4	AA BA AA AA AA	
554	105	hours	17	17	0	1	0	4	0	22	0	26	2	12	AA AA AA AA AA	
554	105	hours	18	18	0	2	0	4	0	24	0	28	2	20	AA AB AA AA AA	
554	105	hours	19	19	0	2	0	4	0	25	0	29	2	28	AA AA AA AA AA	
554	105	hours	20	20	0	2	0	4	0	26	0	31	2	35	BB AA AA AA AA	
554	105	hours	21	21	0	2	0	4	0	28	0	32	2	43	AA AB AA AA AA	
554	105	hours	22	22	0	2	0	5	0	29	0	34	2	50	AA AA AA AA AA	
554	105	hours	23	23	0	2	0	5	0	30	0	36	2	58	AA AA AA AA AA	
554	105	hours	24	24	0	2	0	5	0	31	0	37	3	6	AA AA AA AA AA	
555	106	days	1	1	0	2	0	5	0	31	0	37	3	6	BA AA BA BA BA	
555	106	days	2	2	0	4	0	10	1	3	1	14	6	13	AA AA AA AA AA	
555	106	days	3	3	0	6	0	15	1	34	1	51	9	19	AA AA AB AB BB	
555	106	days	4	4	0	8	0	20	2	6	2	28	12	26	AA AA AA AA AA	
555	106	days	5	5	0	10	0	25	2	37	3	5	15	32	AA AA AA AB AA	
555	106	days	6	6	0	12	0	30	3	9	3	42	18	39	AA AA AA AA AA	
555	106	days	7	7	0	14	0	35	3	40	4	19	21	45	AA AA AA AA AA	
555	106	days	8	8	0	16	0	40	4	12	4	56	24	51	AA AA AA AA AA	
555	106	days	9	9	0	18	0	45	4	43	5	33	27	58	AA AA AA AA AB	
555	106	days	10	10	0	20	0	50	5	15	6	10	31	4	AA AA AA AA AB	
555	106	days	11	11	0	22	0	55	5	46	6	47	34	11	AA AA AB AB AA	
555	106	days	12	12	0	24	1	0	6	18	7	24	37	17	AA AA AA AA AA	
555	106	days	13	13	0	26	1	5	6	49	8	1	40	23	AA AA AA AA AB	
555	106	days	14	14	0	28	1	10	7	20	8	38	43	30	AA AA AA AA AA	
555	106	days	15	15	0	30	1	15	7	52	9	15	46	36	AA AA AA AA AA	
555	106	days	16	16	0	32	1	20	8	23	9	52	49	42	AA AA AA AA BA	
555	106	days	17	17	0	34	1	25	8	54	10	29	52	49	AA AA AA AA AB	
555	106	days	18	18	0	36	1	30	9	26	11	6	55	55	AA AA AA BA AB	
555	106	days	19	19	0	38	1	35	9	57	11	43	59	2	AB AA BA AA AA	
555	106	days	20	20	0	40	1	40	10	29	12	20	62	8	AB AB AA AA AB	
555	106	days	21	21	0	42	1	45	11	0	12	57	65	14	AA AA AA AA AA	
555	106	days	22	22	0	44	1	50	11	32	13	34	68	21	AB AA AA AA AB	
555	106	days	23	23	0	46	1	55	12	3	14	11	71	27	AA AB AA AA AB	
555	106	days	24	24	0	48	2	0	12	35	14	48	74	34	AA AB AA AA AA	
555	106	days	25	25	0	50	2	5	13	6	15	25	77	40	AA AA AA AA AA	
555	106	days	26	26	0	52	2	10	13	38	16	2	80	46	AA AA AA AA AB	
555	106	days	27	27	0	54	2	15	14	9	16	39	83	53	AA AA AA AA AA	
555	106	days	28	28	0	56	2	20	14	41	17	16	86	59	AA AA AA AA AB	
555	106	days	29	29	0	58	2	25	15	12	17	53	90	6	AA AA AA AA AA	
555	106	days	30	30	1	0	2	30	15	43	18	30	93	12	BB AB BB BB BB	
