part	scheme	key	sign	bis	days
collected	I	30	5		
collected	II	30	5		
collected	I	60	3		
collected	II	60	3		
collected	I	90	1		
collected	II	90	1		
collected	I	120	6		
collected	II	120	6		
collected	I	150	4		
collected	II	150	4		
collected	I	180	2		
collected	II	180	2		
collected	I	210	7		
collected	II	210	7		
single	I	1	5		
single	II	1	7		
single	I	2	2		
single	II	2	4	B	
single	I	3	7		
single	II	3	2		
single	I	4	4		
single	II	4	6		
single	I	5	1		
single	II	5	3	B	
single	I	6	6		
single	II	6	1		
single	I	7	3		
single	II	7	5	B	
single	I	8	1		
single	II	8	3		
single	I	9	5		
single	II	9	7		
single	I	10	2		
single	II	10	4	B	
single	I	11	7		
single	II	11	2		
single	I	12	4		
single	II	12	6		
single	I	13	1		
single	II	13	3	B	
single	I	14	6		
single	II	14	1		
single	I	15	3		
single	II	15	5		
single	I	16	7		
single	II	16	2	B	
single	I	17	5		
single	II	17	7		
single	I	18	2		
single	II	18	4	B	
single	I	19	7		
single	II	19	2		
single	I	20	4		
single	II	20	6		
single	I	21	1		
single	II	21	3	B	
single	I	22	6		
single	II	22	1		
single	I	23	3		
single	II	23	5		
single	I	24	7		
single	II	24	2	B	
single	I	25	5		
single	II	25	7		
single	I	26	2		
single	II	26	4	B	
single	I	27	7		
single	II	27	2		
single	I	28	4		
single	II	28	6		
single	I	29	1		
single	II	29	3	B	
single	I	30	6		
single	II	30	1		
month	I	al–muḥarram	0		30
month	II	al–muḥarram	5		30
month	I	ṣafar	2		29
month	II	ṣafar	7		29
month	I	rabī‘ I	3		30
month	II	rabī‘ I	1		30
month	I	rabī‘ II	5		29
month	II	rabī‘ II	3		29
month	I	ǵumādà I	6		30
month	II	ǵumādà I	4		30
month	I	ǵumādà II	1		29
month	II	ǵumādà II	6		29
month	I	raǵab	2		30
month	II	raǵab	7		30
month	I	sha‘bān	4		29
month	II	sha‘bān	2		29
month	I	ramaḍān	5		30
month	II	ramaḍān	3		30
month	I	shawwāl	0		29
month	II	shawwāl	5		29
month	I	dhū ’l–qa‘dah	1		30
month	II	dhū ’l–qa‘dah	6		30
month	I	dhū ’l–ḥiǵǵah	3		29
month	II	dhū ’l–ḥiǵǵah	1		29
