where	printed	computed	kind	note
p. 79-80 sun 58-64	1° 39′ 5″, 1° 40′ 9″, 1° 41′ 14″, 1° 42′ 18″, 1° 43′ 21″, 1° 44′ 23″, 1° 45′ 23″	1° 39′ 10.6″, 1° 40′ 17.6″, 1° 41′ 22.9″, 1° 42′ 26.4″, 1° 43′ 28.1″, 1° 44′ 28.0″, 1° 45′ 26.2″	run	al-Battānī's values depart from the computation in this stretch
p. 81 sun 104	1° 56′ 38″	1° 56′ 31.3″	value	the printed steps from 103° (1° 56′ 59″) and to 105° (1° 56′ 0″) are -21″ and -38″; the computed steps are -25″ and -27″
p. 81 sun 105-107	1° 56′ 0″, 1° 55′ 28″, 1° 54′ 58″	1° 56′ 3.9″, 1° 55′ 34.4″, 1° 55′ 2.7″	run	al-Battānī's values depart from the computation in this stretch
p. 82 sun 128-136	1° 35′ 49″, 1° 34′ 32″, 1° 33′ 15″, 1° 31′ 55″, 1° 30′ 33″, 1° 29′ 7″, 1° 27′ 41″, 1° 26′ 14″, 1° 24′ 48″	1° 35′ 53.7″, 1° 34′ 37.2″, 1° 33′ 18.8″, 1° 31′ 58.6″, 1° 30′ 36.6″, 1° 29′ 12.8″, 1° 27′ 47.3″, 1° 26′ 20.0″, 1° 24′ 51.1″	run	al-Battānī's values depart from the computation in this stretch
p. 83 sun 151-166	0° 59′ 29″, 0° 57′ 34″, 0° 55′ 38″, 0° 53′ 41″, 0° 51′ 43″, 0° 49′ 46″, 0° 47′ 48″, 0° 45′ 49″, 0° 43′ 51″, 0° 41′ 52″, 0° 39′ 53″, 0° 37′ 53″, 0° 35′ 52″, 0° 33′ 50″, 0° 31′ 48″, 0° 29′ 46″	0° 59′ 33.2″, 0° 57′ 41.2″, 0° 55′ 48.1″, 0° 53′ 53.8″, 0° 51′ 58.4″, 0° 50′ 2.0″, 0° 48′ 4.6″, 0° 46′ 6.3″, 0° 44′ 7.0″, 0° 42′ 6.8″, 0° 40′ 5.8″, 0° 38′ 3.9″, 0° 36′ 1.3″, 0° 33′ 58.0″, 0° 31′ 54.0″, 0° 29′ 49.3″	run	al-Battānī's values depart from the computation in this stretch; the largest departure in the column
p. 78 moon 19	1° 31′ 25″	1° 30′ 25.7″	value	31′ for 30′: the printed steps from 18° (1° 25′ 47″) and to 20° (1° 35′ 3″) are 5′ 38″ and 3′ 38″; the computed steps are 4′ 38″ and 4′ 37″
p. 78 moon 25-28	1° 57′ 48″, 2° 2′ 17″, 2° 6′ 43″, 2° 11′ 5″	1° 57′ 44.3″, 2° 2′ 11.9″, 2° 6′ 37.7″, 2° 11′ 1.6″	run	al-Battānī's values depart from the computation in this stretch
p. 79 moon 41	3° 4′ 17″	3° 4′ 56.5″	value	the printed steps from 40° (3° 1′ 4″) and to 42° (3° 8′ 48″) are 3′ 13″ and 4′ 31″; the computed steps are 3′ 54″ and 3′ 51″
p. 80 moon 61	4° 11′ 33″	4° 11′ 55.8″	value	the printed steps from 60° (4° 9′ 6″) and to 62° (4° 14′ 36″) are 2′ 27″ and 3′ 3″; the computed steps are 2′ 47″ and 2′ 43″
p. 80 moon 63	4° 17′ 8″	4° 17′ 17.7″	value	the printed steps from 62° (4° 14′ 36″) and to 64° (4° 19′ 54″) are 2′ 32″ and 2′ 46″; the computed steps are 2′ 39″ and 2′ 35″
p. 80 moon 73	4° 38′ 52″	4° 39′ 51.8″	value	38′ for 39′: the printed steps from 72° (4° 37′ 57″) and to 74° (4° 41′ 43″) are 55″ and 2′ 51″; the computed steps are 1′ 55″ and 1′ 51″
p. 81 moon 93-99	5° 0′ 55″, 5° 0′ 59″, 5° 1′ 0″, 5° 0′ 57″, 5° 0′ 45″, 5° 0′ 37″, 5° 0′ 21″	5° 1′ 0.1″, 5° 1′ 8.4″, 5° 1′ 11.3″, 5° 1′ 8.6″, 5° 1′ 0.4″, 5° 0′ 46.7″, 5° 0′ 27.3″	run	al-Battānī's values depart from the computation in this stretch; Nallino names 96° (5° 0′ 57″ for 5° 1′ 9″) among the larger differences of al-Battānī's seconds
p. 81 moon 106-109	4° 55′ 38″, 4° 54′ 34″, 4° 53′ 30″, 4° 52′ 10″	4° 55′ 34.0″, 4° 54′ 29.3″, 4° 53′ 19.0″, 4° 52′ 3.0″	run	al-Battānī's values depart from the computation in this stretch; Nallino names 108° (4° 53′ 30″ for 4° 53′ 19″) and 109° (4° 52′ 10″ for 4° 52′ 3″)
p. 81 moon 112-115	4° 47′ 32″, 4° 45′ 47″, 4° 44′ 6″, 4° 42′ 24″	4° 47′ 40.7″, 4° 46′ 1.8″, 4° 44′ 17.3″, 4° 42′ 27.1″	run	al-Battānī's values depart from the computation in this stretch; Nallino names 114° (4° 44′ 6″ for 4° 44′ 17″)
p. 82 moon 131-134	4° 0′ 32″, 3° 57′ 10″, 3° 53′ 42″, 3° 50′ 6″	4° 0′ 27.1″, 3° 57′ 3.9″, 3° 53′ 35.7″, 3° 50′ 2.3″	run	al-Battānī's values depart from the computation in this stretch
p. 82 moon 136-139	3° 42′ 33″, 3° 38′ 42″, 3° 34′ 50″, 3° 30′ 56″	3° 42′ 40.7″, 3° 38′ 52.6″, 3° 34′ 59.6″, 3° 31′ 1.9″	run	al-Battānī's values depart from the computation in this stretch
p. 80 lat 63	4° 26′ 14″	4° 27′ 13.9″	value	26′ for 27′: the printed steps from 62° (4° 24′ 49″) and to 64° (4° 29′ 34″) are 1′ 25″ and 3′ 20″; the computed steps are 2′ 25″ and 2′ 20″
p. 82 lat 133-138	3° 39′ 20″, 3° 35′ 51″, 3° 32′ 10″, 3° 28′ 35″, 3° 24′ 47″, 3° 20′ 55″	3° 39′ 16.6″, 3° 35′ 40.2″, 3° 31′ 59.8″, 3° 28′ 15.6″, 3° 24′ 27.6″, 3° 20′ 35.9″	run	al-Battānī's values depart from the computation in this stretch; the equal latitudes of 42°-47° agree with the computation within 1″, and those of 133°-138° stand 3″, 10″, 10″, 20″, 20″ and 20″ above them
p. 82 pro 123-129	12° 59′, 12° 56′, 12° 53′, 12° 50′, 12° 46′, 12° 41′, 12° 36′	12° 55.8′, 12° 52.8′, 12° 49.4′, 12° 45.7′, 12° 41.6′, 12° 37.2′, 12° 32.4′	run	al-Battānī took this column from Ptolemy (values for every sixth degree in the first and fourth quadrants, every third in the second and third) and interpolated the rest; Delambre found Ptolemy's column right to 1′ or 2′
p. 82-83 pro 147-153	10° 0′, 9° 48′, 9° 35′, 9° 22′, 9° 8′, 8° 53′, 8° 38′	9° 56.4′, 9° 43.8′, 9° 30.7′, 9° 17.2′, 9° 3.3′, 8° 49.0′, 8° 34.2′	run	al-Battānī took this column from Ptolemy (values for every sixth degree in the first and fourth quadrants, every third in the second and third) and interpolated the rest; Delambre found Ptolemy's column right to 1′ or 2′
p. 83 pro 172-177	2° 52′, 2° 32′, 2° 11′, 1° 50′, 1° 29′, 1° 7′	2° 48.7′, 2° 28.0′, 2° 7.1′, 1° 46.1′, 1° 25.0′, 1° 3.8′	run	al-Battānī took this column from Ptolemy (values for every sixth degree in the first and fourth quadrants, every third in the second and third) and interpolated the rest; Delambre found Ptolemy's column right to 1′ or 2′
p. 78-79 inc 22-50	0° 52′, 0° 54′, 0° 56′, 0° 59′, 1° 1′, 1° 3′, 1° 6′, 1° 8′, 1° 10′, 1° 12′, 1° 14′, 1° 16′, 1° 19′, 1° 21′, 1° 23′, 1° 25′, 1° 27′, 1° 29′, 1° 31′, 1° 33′, 1° 35′, 1° 37′, 1° 39′, 1° 40′, 1° 42′, 1° 44′, 1° 45′, 1° 47′, 1° 48′	0° 48.5′, 0° 50.7′, 0° 52.8′, 0° 55.0′, 0° 57.1′, 0° 59.2′, 1° 1.3′, 1° 3.4′, 1° 5.5′, 1° 7.6′, 1° 9.7′, 1° 11.7′, 1° 13.8′, 1° 15.8′, 1° 17.8′, 1° 19.8′, 1° 21.8′, 1° 23.8′, 1° 25.8′, 1° 27.8′, 1° 29.7′, 1° 31.6′, 1° 33.5′, 1° 35.4′, 1° 37.3′, 1° 39.2′, 1° 41.0′, 1° 42.8′, 1° 44.7′	run	al-Battānī took this column from Ptolemy (values for every sixth degree in the first and fourth quadrants, every third in the second and third) and interpolated the rest; Delambre found Ptolemy's column right to 1′ or 2′; the excess over the computation grows from 0.6′ at 6° to 5.5′ at 44°, and the values at 6°, 12°, 18°, 24° and 30° are 14′, 28′, 42′, 56′ and 70′
p. 79 inc 53-54	1° 53′, 1° 55′	1° 50.0′, 1° 51.7′	run	al-Battānī took this column from Ptolemy (values for every sixth degree in the first and fourth quadrants, every third in the second and third) and interpolated the rest; Delambre found Ptolemy's column right to 1′ or 2′
p. 79 moon 35	2° 40′ 12″	2° 40′ 52″	noted	Nallino, Part II p. 226: an error of the codex to be corrected to 2° 40′ 52″ (exactly 2° 40′ 52.6″)
p. 79 moon 36	2° 45′ 17″	2° 44′ 57″	noted	Nallino, Part II p. 226: an error of the codex to be corrected to 2° 44′ 57″ (exactly 2° 44′ 59.5″)
p. 79 moon 37	2° 49′ 42″	2° 49′ 2″	noted	Nallino, Part II p. 226: an error of the codex to be corrected to 2° 49′ 2″ (exactly 2° 49′ 4″)
